id,domain,vertical,vertical_detail,geo,age_days,page_name,active,start_date,end_date,platforms,format,body,title,description,cta,body_variants,landing,click_url,keywords,rac,utm,feed_domain,shown_id,copies_src,collation_count,media_kind,creative_file,creative_extra,video_url,angle,library_url,scraped
1343530320636699,tritidal.com,jobs,jobs,IT (метод: текст “if you live in Italy”),349,Advision Moment,yes,2025-10-08,2026-06-17,"FACEBOOK,INSTAGRAM",DCO,"If you live in Italy and speak English, explore how people enter the field of solar panels. Learn more.",Learn more,,Learn more,,https://tritidal.com/en/articles/learn-about-career-paths-in-the-solar-panel-industry-in-italy?dest=aHhyNHRrLnZ6cGNxc2wuY29t,https://cratezonehub.com/cf/r/68e659933e79600012945c4e?ad_id={{ad.id}}&adset_id={{adset.id}}&campaign_id={{campaign.id}}&ad_name={{ad.name}}&adset_name={{adset.name}}&campaign_name={{campaign.name}}&source={{site_source_name}}&placement={{placement}},,,,hxr4tk.vzpcqsl.com,,1,,video_preview,creatives/tritidal.com/1343530320636699.jpg,,https://video-ord5-2.xx.fbcdn.net/o1/v/t2/f2/m366/AQOPTfmbiay1sLxMIYO6Sol9OBAncDiIuobk1P0QCQX6vv7F_509IZGPFxwFWn3TCrDoIySyCbUZkRLumbDTTG98HFUEMg_SxlAyTeInmA.mp4?_nc_cat=104&_nc_sid=ef5aa3&_nc_ht=video-ord5-2.xx.fbcdn.net&_nc_ohc=QvkXDIOBcg8Q7kNvwHbKDiz&efg=eyJ2ZW5jb2RlX3RhZyI6Inhwdl9wcm9ncmVzc2l2ZS5WSV9VU0VDQVNFX1BST0RVQ1RfVFlQRS4uQzMuMzYwLnN2ZV9zZCIsInhwdl9hc3NldF9pZCI6Nzc0MzY3MTg4NTMzNjU4LCJhc3NldF9hZ2VfZGF5cyI6Mzc4LCJ2aV91c2VjYXNlX2lkIjoxMDEzOSwiZHVyYXRpb25fcyI6NywidXJsZ2VuX3NvdXJjZSI6Ind3dyJ9&ccb=17-1&_nc_gid=na4sys4yKV55x250kC_lNA&_nc_ss=70289&_nc_zt=28&oh=00_AQKL2uu8QEFVZw6nwei9qFdtBVANaOeC7BFG7c4_w5-8zQ&oe=6AB94CB6,как войти в сферу солнечных панелей — Италия,https://www.facebook.com/ads/library/?id=1343530320636699,yes
1856950358579730,tritidal.com,jobs,jobs,NL,348,Advision Moment,yes,2025-10-09,2026-06-14,"FACEBOOK,INSTAGRAM",DCO,"If you live in Netherlands and speak English, explore how people enter the field of solar panels. Learn more.",Learn more,,Learn more,,https://tritidal.com/en/articles/learn-about-career-paths-in-the-solar-panel-industry-in-netherlands?dest=cHp2YjdzLnZ6cGNxc2wuY29t,https://cratezonehub.com/cf/r/68e7c7e59d90420012dc874c?ad_id={{ad.id}}&adset_id={{adset.id}}&campaign_id={{campaign.id}}&ad_name={{ad.name}}&adset_name={{adset.name}}&campaign_name={{campaign.name}}&source={{site_source_name}}&placement={{placement}},,,,pzvb7s.vzpcqsl.com,,1,,video_preview,creatives/tritidal.com/1856950358579730.jpg,,https://video-ord5-2.xx.fbcdn.net/o1/v/t2/f2/m366/AQPoFM51IcJxKo35YwLEkhzx75tenLbUb6hpyuBvEopbqTO4b6IpZN4O8gg-GVxu-ODNdjYdu4eie_y8Y41Z-9_i67Lqo24OzPme2AWTHw.mp4?_nc_cat=110&_nc_sid=ef5aa3&_nc_ht=video-ord5-2.xx.fbcdn.net&_nc_ohc=Tk1IxiPn0j0Q7kNvwGk0JLd&efg=eyJ2ZW5jb2RlX3RhZyI6Inhwdl9wcm9ncmVzc2l2ZS5WSV9VU0VDQVNFX1BST0RVQ1RfVFlQRS4uQzMuMzYwLnN2ZV9zZCIsInhwdl9hc3NldF9pZCI6MTgwNjcyNTg4OTk4ODQ2OCwiYXNzZXRfYWdlX2RheXMiOjM3OCwidmlfdXNlY2FzZV9pZCI6MTAxMzksImR1cmF0aW9uX3MiOjgsInVybGdlbl9zb3VyY2UiOiJ3d3cifQ%3D%3D&ccb=17-1&_nc_gid=IOXgm4FEDrhD2oz0Ci0aXQ&_nc_ss=70289&_nc_zt=28&oh=00_AQINoALgXYoMOKRCEsJ_5RMNMiUgD51ZnXfQ201p65dhbQ&oe=6AB960F8,солнечные панели — Нидерланды,https://www.facebook.com/ads/library/?id=1856950358579730,yes
1436388428098776,tritidal.com,jobs,jobs,IT,291,Advision Moment,yes,2025-12-05,2026-06-30,"FACEBOOK,INSTAGRAM",DCO,Scopri ulteriori informazioni,Per saperne di più,,Learn more,,https://tritidal.com/it/articles/alla-scoperta-del-lavoro-nei-magazzini-in-italia,https://cratezonehub.com/cf/r/6931be920280420012aa7bf0?ad_id={{ad.id}}&adset_id={{adset.id}}&campaign_id={{campaign.id}}&ad_name={{ad.name}}&adset_name={{adset.name}}&campaign_name={{campaign.name}}&source={{site_source_name}}&placement={{placement}},,,,,,2 (тег FB),,video_preview,creatives/tritidal.com/1436388428098776.jpg,,https://video-ord5-2.xx.fbcdn.net/o1/v/t2/f2/m412/AQMrRVgeuG_oUXB3vev11w1dVu4dVjlu2wmv_EK-fO4QXIpC-sGQ-vtxXrD31n7v1SLRhCbN_2GAyKmCLzziOCI8z0fmVa57sau6-xW5Hg.mp4?_nc_cat=102&_nc_sid=ef5aa3&_nc_ht=video-ord5-2.xx.fbcdn.net&_nc_ohc=WCjS1QvcrOwQ7kNvwHfn205&efg=eyJ2ZW5jb2RlX3RhZyI6Inhwdl9wcm9ncmVzc2l2ZS5WSV9VU0VDQVNFX1BST0RVQ1RfVFlQRS4uQzMuMzYwLnN2ZV9zZCIsInhwdl9hc3NldF9pZCI6MTIxNzgyNzQ3Mzc0MDk4MSwiYXNzZXRfYWdlX2RheXMiOjI5NCwidmlfdXNlY2FzZV9pZCI6MTAxMzksImR1cmF0aW9uX3MiOjIxLCJ1cmxnZW5fc291cmNlIjoid3d3In0%3D&ccb=17-1&_nc_gid=9IiN83CFYDKh3LwydiZM0w&_nc_ss=70289&_nc_zt=28&oh=00_AQLKUAShPk9SE15HtIedMnyV6h8GwUAPvZr7Cup6yEirSQ&oe=6AB92A94,работа на складах в Италии,https://www.facebook.com/ads/library/?id=1436388428098776,yes
1095374076000354,tritidal.com,jobs,jobs,"DE (Мюнхен), текст на английском",282,Advision Moment,yes,2025-12-14,2026-05-06,"FACEBOOK,INSTAGRAM",DCO,"If you live in Munich and speak english, explore how people enter the field of solar panels",Learn more,,Learn more,,https://tritidal.com/en/articles/learn-about-career-paths-in-the-solar-panel-industry-in-munich?dest=ODBmc3JyLnZ6cGNxc2wuY29t,https://cratezonehub.com/cf/r/68e659c5700a520012367225?ad_id={{ad.id}}&adset_id={{adset.id}}&campaign_id={{campaign.id}}&ad_name={{ad.name}}&adset_name={{adset.name}}&campaign_name={{campaign.name}}&source={{site_source_name}}&placement={{placement}},,,,80fsrr.vzpcqsl.com,,1,,video_preview,creatives/tritidal.com/1095374076000354.jpg,,https://video-ord5-2.xx.fbcdn.net/o1/v/t2/f2/m366/AQMOLHYImcWyfLf_FlPIKk_HMqIxhtnrXPgL2rPrErrLszqIAW37WaDfPrZPGoWqJG5U2JGf9PoptFz0L23g21Uv_PLca-srEpI_KAh1pw.mp4?_nc_cat=107&_nc_sid=ef5aa3&_nc_ht=video-ord5-2.xx.fbcdn.net&_nc_ohc=mgasLPQit5IQ7kNvwHTfpmA&efg=eyJ2ZW5jb2RlX3RhZyI6Inhwdl9wcm9ncmVzc2l2ZS5WSV9VU0VDQVNFX1BST0RVQ1RfVFlQRS4uQzMuMzYwLnN2ZV9zZCIsInhwdl9hc3NldF9pZCI6MTEyNjk3NTc4NjA2MjA3NiwiYXNzZXRfYWdlX2RheXMiOjM3MiwidmlfdXNlY2FzZV9pZCI6MTAxMzksImR1cmF0aW9uX3MiOjcsInVybGdlbl9zb3VyY2UiOiJ3d3cifQ%3D%3D&ccb=17-1&_nc_gid=TS3mgAmYcDa0rmr0UIuW1g&_nc_ss=70289&_nc_zt=28&_nc_enc=QVqIIKZfBjdPdGh5o8PukkRuMPasltrmrm3tmFK5jsTIBah5IQIRIHAogmapWqcmgmUn-raRYRGoqrpLai_P0fNbiFX0Y1swQJQn7Jr15OktHEBNxuc6BRuSwtg&oh=00_AQJ31W5Yk6JeDSADkLkEXbwJMzCk-17Q7rTrKAVMH6gQ3w&oe=6AB932B3,солнечные панели — Мюнхен,https://www.facebook.com/ads/library/?id=1095374076000354,yes
1073826751537507,nexusdestiny.com,жильё,жильё,DE (метод: язык текста),242,Exclusive Deals,yes,2026-01-23,2026-08-27,"FACEBOOK,INSTAGRAM,MESSENGER",IMAGE,Leitfaden für Alleinerziehende: Möglichkeiten der Wohnraumförderung und erste Schritte. Erfahren Sie mehr:,Sozialwohnung für Alleinerziehende - Mehr erfahren,Erfahren Sie mehr,Learn more,,https://nexusdestiny.com/de/articles/wohnbeihilfe-fur-alleinerziehende-alle-wichtigen-infos?dest=MXd4YjdyLndsc3Rta2suY29t&subid1=%7B%7Bcampaign.id%7D%7D&subid2=%7B%7Badset.id%7D%7D&subid3=%7B%7Bad.id%7D%7D---delimjuwe---%7B%7Bad.id%7D%7D&subid4=facebook-noclickid&network=facebook&site=direct&dpco=1&ad_id=%7B%7Bad.id%7D%7D&adtitle=Sozialwohnung+f%C3%BCr+Alleinerziehende+-+Mehr+erfahren,https://nexusdestiny.com/de/articles/wohnbeihilfe-fur-alleinerziehende-alle-wichtigen-infos?dest=MXd4YjdyLndsc3Rta2suY29t&subid1=%7B%7Bcampaign.id%7D%7D&subid2=%7B%7Badset.id%7D%7D&subid3=%7B%7Bad.id%7D%7D---delimjuwe---%7B%7Bad.id%7D%7D&subid4=facebook-noclickid&network=facebook&site=direct&dpco=1&ad_id=%7B%7Bad.id%7D%7D&adtitle=Sozialwohnung+f%C3%BCr+Alleinerziehende+-+Mehr+erfahren,,,,1wxb7r.wlstmkk.com,,1,,image,creatives/nexusdestiny.com/1073826751537507.jpg,,,субсидия на соц.жильё для одиноких родителей,https://www.facebook.com/ads/library/?id=1073826751537507,yes
2764959020509336,quickkeyz.com,товарка,товарка,EN,242,Repossessed Cars,yes,2026-01-23,2026-09-22,"FACEBOOK,INSTAGRAM,MESSENGER",CAROUSEL,Buy Car Pay Later 🚗🔑 Interested in finding out how it all works? Discover more!,Repossessed Cars,,Learn more,,https://www.quickkeyz.com/dsr?q=Buy+Car+Pay+Later&asid=a26_ch530&pub=fb&rac=Buy+Car+Pay+Later+%F0%9F%9A%97%F0%9F%94%91+Interested+in+finding+out+how+it+all+works%3F+Discover+more%21%2CBuy+Car+Pay+Later+%F0%9F%9A%97%F0%9F%92%A5+Explore+more%21%2CBuy+Car+Pay+Later+%F0%9F%9A%97%F0%9F%92%AB+Thinking+about+how+this+works%3F+Find+out+more%21%2CBuy+Car+Pay+Later+%F0%9F%9A%97%F0%9F%94%A5+sounds+great%E2%80%94find+out+how+it+works%21+Discover+more%21%2CBuy+Car+Pay+Later%F0%9F%9A%97%E2%9A%A1+learn+more%2CLEARN_MORE&sclid=0-24597&tv=ea&locale=en_US&de=m&ad_id=%7B%7Bad.id%7D%7D,https://www.quickkeyz.com/dsr?q=Buy+Car+Pay+Later&asid=a26_ch530&pub=fb&rac=Buy+Car+Pay+Later+%F0%9F%9A%97%F0%9F%94%91+Interested+in+finding+out+how+it+all+works%3F+Discover+more%21%2CBuy+Car+Pay+Later+%F0%9F%9A%97%F0%9F%92%A5+Explore+more%21%2CBuy+Car+Pay+Later+%F0%9F%9A%97%F0%9F%92%AB+Thinking+about+how+this+works%3F+Find+out+more%21%2CBuy+Car+Pay+Later+%F0%9F%9A%97%F0%9F%94%A5+sounds+great%E2%80%94find+out+how+it+works%21+Discover+more%21%2CBuy+Car+Pay+Later%F0%9F%9A%97%E2%9A%A1+learn+more%2CLEARN_MORE&sclid=0-24597&tv=ea&locale=en_US&de=m&ad_id=%7B%7Bad.id%7D%7D,Buy Car Pay Later,"Buy Car Pay Later 🚗🔑 Interested in finding out how it all works? Discover more!,Buy Car Pay Later 🚗💥 Explore more!,Buy Car Pay Later 🚗💫 Thinking about how this works? Find out more!,Buy Car Pay Later 🚗🔥 sounds great—find out how it works! Discover more!,Buy Car Pay Later🚗⚡ learn more,LEARN_MORE",,,,3,,image,creatives/quickkeyz.com/2764959020509336.jpg,creatives/quickkeyz.com/2764959020509336_2.jpg;creatives/quickkeyz.com/2764959020509336_3.jpg,,покупка авто с отложенной оплатой,https://www.facebook.com/ads/library/?id=2764959020509336,yes
1560801758372022,nexusdestiny.com,жильё,жильё/иммиграция,"не указано явно (EN, широкий охват)",239,World of Jobs,yes,2026-01-26,2026-03-10,"FACEBOOK,INSTAGRAM,MESSENGER",IMAGE,"✨🔑 Learn More About Golden Visa in Portugal, Europe!","Learn More About Golden Visa in Portugal, Europe. Read More",Learn more,Learn more,,https://nexusdestiny.com/en/articles/european-residency-via-portuguese-property-investment?dest=NHdzMWxwLndsc3Rta2suY29t&subid1=%7B%7Bcampaign.id%7D%7D&subid2=%7B%7Badset.id%7D%7D&subid3=%7B%7Bad.id%7D%7D---delimjuwe---%7B%7Bad.id%7D%7D&subid4=facebook-noclickid&network=facebook&site=direct&dpco=1&ad_id=%7B%7Bad.id%7D%7D&adtitle=Learn+More+About+Golden+Visa+in+Portugal%2C+Europe.+Read+More,https://nexusdestiny.com/en/articles/european-residency-via-portuguese-property-investment?dest=NHdzMWxwLndsc3Rta2suY29t&subid1=%7B%7Bcampaign.id%7D%7D&subid2=%7B%7Badset.id%7D%7D&subid3=%7B%7Bad.id%7D%7D---delimjuwe---%7B%7Bad.id%7D%7D&subid4=facebook-noclickid&network=facebook&site=direct&dpco=1&ad_id=%7B%7Bad.id%7D%7D&adtitle=Learn+More+About+Golden+Visa+in+Portugal%2C+Europe.+Read+More,,,,4ws1lp.wlstmkk.com,,"3 (плюс 2 доп. копии от 01.02, низкий охват)",,image,creatives/nexusdestiny.com/1560801758372022.jpg,,,гид по Golden Visa в Португалии,https://www.facebook.com/ads/library/?id=1560801758372022,yes
2602941726745570,quickkeyz.com,товарка,товарка,EN,235,Local Deals,yes,2026-01-30,2026-09-21,"FACEBOOK,INSTAGRAM,MESSENGER",IMAGE,Many people don’t know: You can buy  musical instruments from Police Impound auctions! Learn how it works:,Police Impound musical instruments- learn more,Learn more,Learn more,,https://www.quickkeyz.com/dsr?q=Buying+police+impound+musical+instruments&asid=b10_ch165&pub=fb&rac=Many+people+don%E2%80%99t+know%3A+You+can+buy++musical+instruments+from+Police+Impound+auctions%21+Learn+how+it+works%3A%2CBuying+musical+instruments+from+a+police+impound+auction+could+be+a+reasonable+way+to+find+something+that+fits+your+budget+and+looks+stylish.+Learn+more%3A%2CPolice+Impound+musical+instruments-+learn+more%2CLEARN_MORE&sclid=0-24597&tv=ea&locale=en_US&de=m&ad_id=%7B%7Bad.id%7D%7D,https://www.quickkeyz.com/dsr?q=Buying+police+impound+musical+instruments&asid=b10_ch165&pub=fb&rac=Many+people+don%E2%80%99t+know%3A+You+can+buy++musical+instruments+from+Police+Impound+auctions%21+Learn+how+it+works%3A%2CBuying+musical+instruments+from+a+police+impound+auction+could+be+a+reasonable+way+to+find+something+that+fits+your+budget+and+looks+stylish.+Learn+more%3A%2CPolice+Impound+musical+instruments-+learn+more%2CLEARN_MORE&sclid=0-24597&tv=ea&locale=en_US&de=m&ad_id=%7B%7Bad.id%7D%7D,Buying police impound musical instruments,"Many people don’t know: You can buy  musical instruments from Police Impound auctions! Learn how it works:,Buying musical instruments from a police impound auction could be a reasonable way to find something that fits your budget and looks stylish. Learn more:,Police Impound musical instruments- learn more,LEARN_MORE",,,,1,,image,creatives/quickkeyz.com/2602941726745570.jpg,,,покупка музыкальных инструментов с полицейских аукционов,https://www.facebook.com/ads/library/?id=2602941726745570,yes
2118964088641374,quickkeyz.com,путешествия,путешествия,ES,229,Explore Deals,yes,2026-02-05,2026-09-22,"FACEBOOK,INSTAGRAM,MESSENGER",IMAGE,¿Buscas una escapada solo para adultos? Descubre la guía definitiva sobre los exclusivos complejos turísticos de playa para adultos. Más información.,Qué saber sobre las vacaciones en playas solo para adultos: Más información >>,Learn more,Learn more,,https://www.quickkeyz.com/dsr?q=Resorts+exclusivos+en+la+playa+para+adultos&asid=a13_ch899&pub=fb&rac=%C2%BFBuscas+una+escapada+solo+para+adultos%3F+Descubre+la+gu%C3%ADa+definitiva+sobre+los+exclusivos+complejos+tur%C3%ADsticos+de+playa+para+adultos.+M%C3%A1s+informaci%C3%B3n.%2C%C2%BFBuscas+una+escapada+solo+para+adultos%3F+Descubre+la+gu%C3%ADa+definitiva+sobre+los+exclusivos+complejos+tur%C3%ADsticos+de+playa+para+adultos.+M%C3%A1s+informaci%C3%B3n..%2CQu%C3%A9+saber+sobre+las+vacaciones+en+playas+solo+para+adultos%3A+M%C3%A1s+informaci%C3%B3n+%3E%3E%2CLEARN_MORE&sclid=0-24597&tv=ea&locale=en_US&de=m&ad_id=%7B%7Bad.id%7D%7D,https://www.quickkeyz.com/dsr?q=Resorts+exclusivos+en+la+playa+para+adultos&asid=a13_ch899&pub=fb&rac=%C2%BFBuscas+una+escapada+solo+para+adultos%3F+Descubre+la+gu%C3%ADa+definitiva+sobre+los+exclusivos+complejos+tur%C3%ADsticos+de+playa+para+adultos.+M%C3%A1s+informaci%C3%B3n.%2C%C2%BFBuscas+una+escapada+solo+para+adultos%3F+Descubre+la+gu%C3%ADa+definitiva+sobre+los+exclusivos+complejos+tur%C3%ADsticos+de+playa+para+adultos.+M%C3%A1s+informaci%C3%B3n..%2CQu%C3%A9+saber+sobre+las+vacaciones+en+playas+solo+para+adultos%3A+M%C3%A1s+informaci%C3%B3n+%3E%3E%2CLEARN_MORE&sclid=0-24597&tv=ea&locale=en_US&de=m&ad_id=%7B%7Bad.id%7D%7D,Resorts exclusivos en la playa para adultos,"¿Buscas una escapada solo para adultos? Descubre la guía definitiva sobre los exclusivos complejos turísticos de playa para adultos. Más información.,¿Buscas una escapada solo para adultos? Descubre la guía definitiva sobre los exclusivos complejos turísticos de playa para adultos. Más información..,Qué saber sobre las vacaciones en playas solo para adultos: Más información >>,LEARN_MORE",,,,1,,image,creatives/quickkeyz.com/2118964088641374.jpg,,,курорты “только для взрослых”,https://www.facebook.com/ads/library/?id=2118964088641374,yes
923197740360984,orbitpeek.com,товарка,товарка,DE (немецкий),223,Advantage Wheels,yes,2026-02-11,2026-09-17,"FACEBOOK,INSTAGRAM,MESSENGER",VIDEO,"Brauchst du ein Auto, hast aber eine negative Bonitätsauskunft? 🤔 Mehr erfahren über realistische Möglichkeiten ohne hohe Anzahlung (Ratgeber).",Mehr erfahren über Auto trotz negativer Bonitätsauskunft: echte Optionen 🚗,,Learn more,,https://orbitpeek.com/de/articles/ich-brauche-ein-auto-und-habe-eine-negative-schufa-welche-optionen-gibt-es-wirklich-ratgeber?dest=ZzU3OXozLmdyeHZscXN4ei5jb20=&network=facebook&site=direct&ad_id={{ad.id}}&dpco=1&subid2=facebook&subid3=4192603_FBTR_Tonic_CarLoanAPIvF10_DE1425&campaign_name=4192603_FBTR_Tonic_CarLoanAPIvF10_DE1425&adtitle=Brauchst%20du%20ein%20Auto%2C%20hast%20aber%20eine%20negative%20Bonit%C3%A4tsauskunft%3F%20%F0%9F%A4%94%20Mehr%20erfahren%20%C3%BCber%20realistische%20M%C3%B6glichkeiten%20ohne%20hohe%20Anzahlung%20%28Ratgeber%29.,https://orbitpeek.com/de/articles/ich-brauche-ein-auto-und-habe-eine-negative-schufa-welche-optionen-gibt-es-wirklich-ratgeber?dest=ZzU3OXozLmdyeHZscXN4ei5jb20=&network=facebook&site=direct&ad_id={{ad.id}}&dpco=1&subid2=facebook&subid3=4192603_FBTR_Tonic_CarLoanAPIvF10_DE1425&campaign_name=4192603_FBTR_Tonic_CarLoanAPIvF10_DE1425&adtitle=Brauchst%20du%20ein%20Auto%2C%20hast%20aber%20eine%20negative%20Bonit%C3%A4tsauskunft%3F%20%F0%9F%A4%94%20Mehr%20erfahren%20%C3%BCber%20realistische%20M%C3%B6glichkeiten%20ohne%20hohe%20Anzahlung%20%28Ratgeber%29.,,,,g579z3.grxvlqsxz.com,,1,,video_preview,creatives/orbitpeek.com/923197740360984.jpg,,https://video-ord5-1.xx.fbcdn.net/o1/v/t2/f2/m366/AQO-6KAdJHq3Bt_ohhNiMoG4F1NQN_3h5Y83Gj9N8StfxlWuEFWnI5xWBAzkGOs9EGf3A4VrTUKnfmGyghcrz8PtRw2HuC1LEkSgELvRQqbVrQ.mp4?_nc_cat=109&_nc_sid=b66105&_nc_ht=video-ord5-1.xx.fbcdn.net&_nc_ohc=Kemgbvg9Oe0Q7kNvwERVt7h&efg=eyJ2ZW5jb2RlX3RhZyI6Inhwdl9wcm9ncmVzc2l2ZS5WSV9VU0VDQVNFX1BST0RVQ1RfVFlQRS4uQzMuNzIwLmRhc2hfaDI2NC1iYXNpYy1nZW4yXzcyMHAiLCJ4cHZfYXNzZXRfaWQiOjEzNjI4MTYyMTIyNzkxNTEsImFzc2V0X2FnZV9kYXlzIjoyMjQsInZpX3VzZWNhc2VfaWQiOjEwMTM5LCJkdXJhdGlvbl9zIjo4LCJ1cmxnZW5fc291cmNlIjoid3d3In0%3D&ccb=17-1&vs=9b4770428b07cd33&_nc_vs=HBksFQIYRWZiX2VwaGVtZXJhbC9FQzREQTJGRjcxODM2MkFDRUI1RTA4NkQxMjM4MzE5N19tdF8xX3ZpZGVvX2Rhc2hpbml0Lm1wNBUAAsgBEgAVAhhAZmJfcGVybWFuZW50LzNDNEVFNjE3MDBGRTkwN0JDQjkwNzM2OTY2OTY2NEE4X2F1ZGlvX2Rhc2hpbml0Lm1wNBUCAsgBEgAoABgAGwKIB3VzZV9vaWwBMRJwcm9ncmVzc2l2ZV9yZWNpcGUBMRUAACbe_dCDrN7rBBUCKAJDMywXQCAAAAAAAAAYGWRhc2hfaDI2NC1iYXNpYy1nZW4yXzcyMHARAHUAZbaeAQA&_nc_gid=FuivIRMX19tIyKDhDyVpbw&_nc_ss=70289&_nc_zt=28&oh=00_AQI1VyDhiTnuhTOdFGYS9UYPYnAyvLvCKacm5O5A81s-Bw&oe=6AB93F3B,авто в кредит при плохой кредитной истории,https://www.facebook.com/ads/library/?id=923197740360984,yes
914234574738651,nexusdestiny.com,путешествия,путешествия,FR,209,Skill & Hire,yes,2026-03-27,2026-08-31,"FACEBOOK,INSTAGRAM,MESSENGER",IMAGE,Croisière De 3 Nuits Au Départ Du Havre.,Croisière De 3 Nuits Au Départ Du Havre,En savoir plus,Learn more,,https://nexusdestiny.com/fr/articles/departs-du-havre-pour-des-sejours-en-mer?dest=amtja3puLndsc3Rta2suY29t&subid1=%7B%7Bcampaign.id%7D%7D&subid2=%7B%7Badset.id%7D%7D&subid3=%7B%7Bad.id%7D%7D---delimjuwe---%7B%7Bad.id%7D%7D&subid4=facebook-noclickid&network=facebook&site=direct&dpco=1&ad_id=%7B%7Bad.id%7D%7D&adtitle=Croisi%C3%A8re+De+3+Nuits+Au+D%C3%A9part+Du+Havre,https://nexusdestiny.com/fr/articles/departs-du-havre-pour-des-sejours-en-mer?dest=amtja3puLndsc3Rta2suY29t&subid1=%7B%7Bcampaign.id%7D%7D&subid2=%7B%7Badset.id%7D%7D&subid3=%7B%7Bad.id%7D%7D---delimjuwe---%7B%7Bad.id%7D%7D&subid4=facebook-noclickid&network=facebook&site=direct&dpco=1&ad_id=%7B%7Bad.id%7D%7D&adtitle=Croisi%C3%A8re+De+3+Nuits+Au+D%C3%A9part+Du+Havre,,,,jkckzn.wlstmkk.com,,1,,image,creatives/nexusdestiny.com/914234574738651.jpg,,,круиз на 3 ночи из Гавра,https://www.facebook.com/ads/library/?id=914234574738651,yes
1274708691220729,thinkknoll.com,товарка,товарка,"DE, также ES-вариант (метод: дубли по языкам)",207,Car genius,yes,2026-02-27,2026-03-03,"FACEBOOK,INSTAGRAM",IMAGE,Was kostet ein Elektro-mobil für Senioren?,Was kostet ein Elektro-mobil für Senioren?,Was kostet ein Elektro-mobil für Senioren?,Learn more,,https://thinkknoll.com/de/articles/was-kosten-mobilitatsroller-fur-senioren-wo-kann-ich-erschwingliche-und-langlebige-mobilitatsroller-kaufen?dest=ZjQxZzVjLmZqa3J3anR4ZGxmc2tmLmNvbQ==&dpco=1&subid1={{clickid}}&subid2={{ad.id}}&subid3={{campaign.id}}&ad_id={{ad.id}}&network=facebook&site=direct&adtitle=Mobility Scooters Mobility Scooters,https://thinkknoll.com/de/articles/was-kosten-mobilitatsroller-fur-senioren-wo-kann-ich-erschwingliche-und-langlebige-mobilitatsroller-kaufen?dest=ZjQxZzVjLmZqa3J3anR4ZGxmc2tmLmNvbQ==&dpco=1&subid1={{clickid}}&subid2={{ad.id}}&subid3={{campaign.id}}&ad_id={{ad.id}}&network=facebook&site=direct&adtitle=Mobility Scooters Mobility Scooters,,,,f41g5c.fjkrwjtxdlfskf.com,,6+,,image,creatives/thinkknoll.com/1274708691220729.jpg,,,"электроскутер для пожилых, вопрос о цене",https://www.facebook.com/ads/library/?id=1274708691220729,yes
1250638509729750,thinkknoll.com,товарка,товарка,"DE, также ES-вариант (метод: дубли по языкам)",207,Car genius,yes,2026-02-27,2026-03-03,"FACEBOOK,INSTAGRAM",IMAGE,¿𝖢𝗎á𝗇𝗍𝗈 𝖼𝗎𝖾𝗌𝗍𝖺 𝗎𝗇 𝗌𝖼𝗈𝗈𝗍𝖾𝗋 𝖾𝗅é𝖼𝗍𝗋𝗂𝖼𝗈 𝖽𝖾 𝗆𝗈𝗏𝗂𝗅𝗂𝖽𝖺𝖽 𝗉𝖺𝗋𝖺 𝗉𝖾𝗋𝗌𝗈𝗇𝖺𝗌 𝗆𝖺𝗒𝗈𝗋𝖾𝗌?,¿𝖢𝗎á𝗇𝗍𝗈 𝖼𝗎𝖾𝗌𝗍𝖺 𝗎𝗇 𝗌𝖼𝗈𝗈𝗍𝖾𝗋 𝖾𝗅é𝖼𝗍𝗋𝗂𝖼𝗈 𝖽𝖾 𝗆𝗈𝗏𝗂𝗅𝗂𝖽𝖺𝖽 𝗉𝖺𝗋𝖺 𝗉𝖾𝗋𝗌𝗈𝗇𝖺𝗌 𝗆𝖺𝗒𝗈𝗋𝖾𝗌?,¿𝖢𝗎á𝗇𝗍𝗈 𝖼𝗎𝖾𝗌𝗍𝖺 𝗎𝗇 𝗌𝖼𝗈𝗈𝗍𝖾𝗋 𝖾𝗅é𝖼𝗍𝗋𝗂𝖼𝗈 𝖽𝖾 𝗆𝗈𝗏𝗂𝗅𝗂𝖽𝖺𝖽 𝗉𝖺𝗋𝖺 𝗉𝖾𝗋𝗌𝗈𝗇𝖺𝗌 𝗆𝖺𝗒𝗈𝗋𝖾𝗌?,Learn more,,https://thinkknoll.com/es/articles/cuanto-cuestan-los-scooters-de-movilidad-para-personas-mayores-donde-puedo-comprar-scooters-de-movilidad-asequibles-y-duraderos?dest=NWRiZjVnLmZqa3J3anR4ZGxmc2tmLmNvbQ==&dpco=1&subid1={{clickid}}&subid2={{ad.id}}&subid3={{campaign.id}}&ad_id={{ad.id}}&network=facebook&site=direct&adtitle=electric mobility scooter,https://thinkknoll.com/es/articles/cuanto-cuestan-los-scooters-de-movilidad-para-personas-mayores-donde-puedo-comprar-scooters-de-movilidad-asequibles-y-duraderos?dest=NWRiZjVnLmZqa3J3anR4ZGxmc2tmLmNvbQ==&dpco=1&subid1={{clickid}}&subid2={{ad.id}}&subid3={{campaign.id}}&ad_id={{ad.id}}&network=facebook&site=direct&adtitle=electric mobility scooter,,,,5dbf5g.fjkrwjtxdlfskf.com,,6+,,image,creatives/thinkknoll.com/1250638509729750.jpg,,,"электроскутер для пожилых, вопрос о цене",https://www.facebook.com/ads/library/?id=1250638509729750,yes
2110276702846382,tritidal.com,товарка,товарка/здоровье,UK (английский),203,Grow Digit,yes,2026-03-03,2026-06-18,"FACEBOOK,INSTAGRAM",DCO,Learn more  about dentures 🦷,Learn more  about dentures 🦷,,Learn more,,https://tritidal.com/en/articles/invisible-dentures-in-uk-a-modern-overview,https://zoneclickwave.com/cf/r/69a590ab54dd6a0012eaea0a?ad_id={{ad.id}}&adset_id={{adset.id}}&campaign_id={{campaign.id}}&ad_name={{ad.name}}&adset_name={{adset.name}}&campaign_name={{campaign.name}}&source={{site_source_name}}&placement={{placement}},,,,,,1,,video_preview,creatives/tritidal.com/2110276702846382.jpg,,https://video-ord5-2.xx.fbcdn.net/o1/v/t2/f2/m412/AQPWsV4Amobf_nfBTin6N2AC0myPmgau8twRbMV4434jdSacUbLhCa24Q0hSoquOY9Ry0XMsk5YKDiI4aRUd3IKHxiDC16oKUn6Uhzq2aw.mp4?_nc_cat=107&_nc_sid=ef5aa3&_nc_ht=video-ord5-2.xx.fbcdn.net&_nc_ohc=nudtETNuMMAQ7kNvwH_Jgzl&efg=eyJ2ZW5jb2RlX3RhZyI6Inhwdl9wcm9ncmVzc2l2ZS5WSV9VU0VDQVNFX1BST0RVQ1RfVFlQRS4uQzMuMzYwLnN2ZV9zZCIsInhwdl9hc3NldF9pZCI6NDQ3MTM4ODA1MzE0NTc4OCwiYXNzZXRfYWdlX2RheXMiOjIwNCwidmlfdXNlY2FzZV9pZCI6MTAxMzksImR1cmF0aW9uX3MiOjE2LCJ3YXRjaF90aW1lX3MiOjAsInVybGdlbl9zb3VyY2UiOiJ3d3cifQ%3D%3D&ccb=17-1&_nc_gid=IU3o82-2SiBAL5dFpPL8Qw&_nc_ss=70289&_nc_zt=28&oh=00_AQKwVMA7qmEAGHwph8Wd5xEVGD2LW33R8pZTmR8_A_FCNQ&oe=6AB95717,гид по невидимым зубным протезам,https://www.facebook.com/ads/library/?id=2110276702846382,yes
1882447216478244,orbitpeek.com,недвижимость,недвижимость,FR,202,Real Estate Insights,yes,2026-03-04,2026-09-22,"FACEBOOK,INSTAGRAM,MESSENGER",IMAGE,Envie d’acheter sans passer par un prêt bancaire ? 💡 En savoir plus sur acheter une maison sans prêt bancaire grâce à la location-vente: guide complet.,Acheter sans prêt bancaire 🗝️,"Acheter une maison sans passer par un prêt bancaire est possible grâce à la location-vente, une formule qui combine location et acquisition progressive....",Learn more,,https://orbitpeek.com/fr/articles/acheter-une-maison-sans-pret-bancaire-grace-a-la-location-vente-guide-complet?dest=bng4NTdtLmdyeHZscXN4ei5jb20=&network=facebook&site=direct&ad_id={{ad.id}}&dpco=1&subid2=facebook&subid3=3893292_FBTR_Tonic_Rent2OwnAPIvM1_FR178&campaign_name=3893292_FBTR_Tonic_Rent2OwnAPIvM1_FR178&adtitle=Envie%20d%E2%80%99acheter%20sans%20passer%20par%20un%20pr%C3%AAt%20bancaire%20%3F%20%F0%9F%92%A1%20En%20savoir%20plus%20sur%20acheter%20une%20maison%20sans%20pr%C3%AAt%20bancaire%20gr%C3%A2ce%20%C3%A0%20la%20location-vente%3A%20guide%20complet.,https://orbitpeek.com/fr/articles/acheter-une-maison-sans-pret-bancaire-grace-a-la-location-vente-guide-complet?dest=bng4NTdtLmdyeHZscXN4ei5jb20=&network=facebook&site=direct&ad_id={{ad.id}}&dpco=1&subid2=facebook&subid3=3893292_FBTR_Tonic_Rent2OwnAPIvM1_FR178&campaign_name=3893292_FBTR_Tonic_Rent2OwnAPIvM1_FR178&adtitle=Envie%20d%E2%80%99acheter%20sans%20passer%20par%20un%20pr%C3%AAt%20bancaire%20%3F%20%F0%9F%92%A1%20En%20savoir%20plus%20sur%20acheter%20une%20maison%20sans%20pr%C3%AAt%20bancaire%20gr%C3%A2ce%20%C3%A0%20la%20location-vente%3A%20guide%20complet.,,,,nx857m.grxvlqsxz.com,,2,,image,creatives/orbitpeek.com/1882447216478244.jpg,,,покупка жилья без банковского кредита,https://www.facebook.com/ads/library/?id=1882447216478244,yes
948823664677577,orbitpeek.com,недвижимость,недвижимость,FR,202,Real Estate Insights,yes,2026-03-04,2026-09-22,"FACEBOOK,INSTAGRAM,MESSENGER",IMAGE,Envie d’acheter sans passer par un prêt bancaire ? 💡 En savoir plus sur acheter une maison sans prêt bancaire grâce à la location-vente: guide complet.,Acheter sans prêt bancaire 🗝️,"Acheter une maison sans passer par un prêt bancaire est possible grâce à la location-vente, une formule qui combine location et acquisition progressive....",Learn more,,https://orbitpeek.com/fr/articles/acheter-une-maison-sans-pret-bancaire-grace-a-la-location-vente-guide-complet?dest=bng4NTdtLmdyeHZscXN4ei5jb20=&network=facebook&site=direct&ad_id={{ad.id}}&dpco=1&subid2=facebook&subid3=3893292_FBTR_Tonic_Rent2OwnAPIvM1_FR178&campaign_name=3893292_FBTR_Tonic_Rent2OwnAPIvM1_FR178&adtitle=Envie%20d%E2%80%99acheter%20sans%20passer%20par%20un%20pr%C3%AAt%20bancaire%20%3F%20%F0%9F%92%A1%20En%20savoir%20plus%20sur%20acheter%20une%20maison%20sans%20pr%C3%AAt%20bancaire%20gr%C3%A2ce%20%C3%A0%20la%20location-vente%3A%20guide%20complet.,https://orbitpeek.com/fr/articles/acheter-une-maison-sans-pret-bancaire-grace-a-la-location-vente-guide-complet?dest=bng4NTdtLmdyeHZscXN4ei5jb20=&network=facebook&site=direct&ad_id={{ad.id}}&dpco=1&subid2=facebook&subid3=3893292_FBTR_Tonic_Rent2OwnAPIvM1_FR178&campaign_name=3893292_FBTR_Tonic_Rent2OwnAPIvM1_FR178&adtitle=Envie%20d%E2%80%99acheter%20sans%20passer%20par%20un%20pr%C3%AAt%20bancaire%20%3F%20%F0%9F%92%A1%20En%20savoir%20plus%20sur%20acheter%20une%20maison%20sans%20pr%C3%AAt%20bancaire%20gr%C3%A2ce%20%C3%A0%20la%20location-vente%3A%20guide%20complet.,,,,nx857m.grxvlqsxz.com,,2,,image,creatives/orbitpeek.com/948823664677577.jpg,,,покупка жилья без банковского кредита,https://www.facebook.com/ads/library/?id=948823664677577,yes
1442469147572619,quickkeyz.com,услуги,услуги,EN,200,Find a Smart Deal,yes,2026-03-06,2026-09-22,"FACEBOOK,INSTAGRAM,MESSENGER",IMAGE,Looking for a Full Body Russian Massage? Explore more info.,Russian Full Body Massage Services,Learn more,Learn more,,https://www.quickkeyz.com/dsr?q=Russian+Full+Body+Massage+Services&asid=a13_ch209&pub=fb&rac=Looking+for+a+Full+Body+Russian+Massage%3F+Explore+more+info.%2CLooking+for+a+Full+Body+Russian+Massage%3F+Explore+more+info..%2CRussian+Full+Body+Massage+Services%2CLEARN_MORE&sclid=0-24597&tv=ea&locale=en_US&de=m&ad_id=%7B%7Bad.id%7D%7D,https://www.quickkeyz.com/dsr?q=Russian+Full+Body+Massage+Services&asid=a13_ch209&pub=fb&rac=Looking+for+a+Full+Body+Russian+Massage%3F+Explore+more+info.%2CLooking+for+a+Full+Body+Russian+Massage%3F+Explore+more+info..%2CRussian+Full+Body+Massage+Services%2CLEARN_MORE&sclid=0-24597&tv=ea&locale=en_US&de=m&ad_id=%7B%7Bad.id%7D%7D,Russian Full Body Massage Services,"Looking for a Full Body Russian Massage? Explore more info.,Looking for a Full Body Russian Massage? Explore more info..,Russian Full Body Massage Services,LEARN_MORE",,,,1,,image,creatives/quickkeyz.com/1442469147572619.jpg,,,услуги полного массажа,https://www.facebook.com/ads/library/?id=1442469147572619,yes
26876424345293204,quickkeyz.com,товарка,товарка,EN,190,Good Finds,yes,2026-03-16,2026-09-22,"FACEBOOK,INSTAGRAM,MESSENGER",CAROUSEL,Pay Monthly Cars🚗Curious about the process?🔥Discover more!💡,Good Finds,Learn more,Learn more,Learn more,https://www.quickkeyz.com/dsr?q=Pay+Monthly+Cars&asid=a13_ch902&pub=fb&rac=Pay+Monthly+Cars%F0%9F%9A%97Curious+about+the+process%3F%F0%9F%94%A5Discover+more%21%F0%9F%92%A1%2CNot+sure+how+to+get+a+new+Car+and+Pay+Monthly%3F%F0%9F%92%A1%F0%9F%9A%97Learn+more%3A%2C%F0%9F%9A%97Want+to+buy+a+Car+and+Pay+Monthly%3F%F0%9F%92%A5Discover+how+it+works+%F0%9F%94%8D+Learn+more%3A%2CPay+Monthly+Cars+%F0%9F%9A%97+Learn+more%3A%2CLEARN_MORE&sclid=0-24597&tv=ea&locale=en_US&de=m&ad_id=%7B%7Bad.id%7D%7D&terms=Pay+Monthly+Cars+infos%2CPay+Monthly+Cars+guide%2CPay+Monthly+Cars+article,https://www.quickkeyz.com/dsr?q=Pay+Monthly+Cars&asid=a13_ch902&pub=fb&rac=Pay+Monthly+Cars%F0%9F%9A%97Curious+about+the+process%3F%F0%9F%94%A5Discover+more%21%F0%9F%92%A1%2CNot+sure+how+to+get+a+new+Car+and+Pay+Monthly%3F%F0%9F%92%A1%F0%9F%9A%97Learn+more%3A%2C%F0%9F%9A%97Want+to+buy+a+Car+and+Pay+Monthly%3F%F0%9F%92%A5Discover+how+it+works+%F0%9F%94%8D+Learn+more%3A%2CPay+Monthly+Cars+%F0%9F%9A%97+Learn+more%3A%2CLEARN_MORE&sclid=0-24597&tv=ea&locale=en_US&de=m&ad_id=%7B%7Bad.id%7D%7D&terms=Pay+Monthly+Cars+infos%2CPay+Monthly+Cars+guide%2CPay+Monthly+Cars+article,"Pay Monthly Cars | Pay Monthly Cars infos,Pay Monthly Cars guide,Pay Monthly Cars article","Pay Monthly Cars🚗Curious about the process?🔥Discover more!💡,Not sure how to get a new Car and Pay Monthly?💡🚗Learn more:,🚗Want to buy a Car and Pay Monthly?💥Discover how it works 🔍 Learn more:,Pay Monthly Cars 🚗 Learn more:,LEARN_MORE",,,,4,,image,creatives/quickkeyz.com/26876424345293204.jpg,creatives/quickkeyz.com/26876424345293204_2.jpg;creatives/quickkeyz.com/26876424345293204_3.jpg;creatives/quickkeyz.com/26876424345293204_4.jpg,,покупка авто с помесячной оплатой,https://www.facebook.com/ads/library/?id=26876424345293204,yes
1579709713721520,thinkknoll.com,jobs,jobs,BG (метод: язык текста),187,Dream house,yes,2026-03-19,2026-06-15,"FACEBOOK,INSTAGRAM",IMAGE,,"Разбиране на кариерите в почистващата индустрия: Стабилност, предимства и професионално развитие","Работата в почистването често е подценявана, но е от съществено значение за много индустрии, от офиси и болници до училища и хотели. Зад всеки безупрече...",Learn more,,https://thinkknoll.com/bg/articles/cf9e0b?dest=ZmhjdnFoLmZqa3J3anR4ZGxmc2tmLmNvbQ==&dpco=1&subid1={{clickid}}&subid2={{ad.id}}&subid3={{campaign.id}}&ad_id={{ad.id}}&network=facebook&site=direct&adtitle=Undervalued cleaner salaries! Check out these cleaner job opportunities!,https://thinkknoll.com/bg/articles/cf9e0b?dest=ZmhjdnFoLmZqa3J3anR4ZGxmc2tmLmNvbQ==&dpco=1&subid1={{clickid}}&subid2={{ad.id}}&subid3={{campaign.id}}&ad_id={{ad.id}}&network=facebook&site=direct&adtitle=Undervalued cleaner salaries! Check out these cleaner job opportunities!,,,,fhcvqh.fjkrwjtxdlfskf.com,,4,,image,creatives/thinkknoll.com/1579709713721520.jpg,,,карьера в клининге — стабильность и льготы,https://www.facebook.com/ads/library/?id=1579709713721520,yes
1633834527756435,quickkeyz.com,товарка,товарка,EN,179,Daily Information Hub,yes,2026-03-27,2026-09-22,"FACEBOOK,INSTAGRAM,MESSENGER",CAROUSEL,Pay Monthly Cars🚗Curious about the process?🔥Discover more!💡,Daily Information Hub,,Learn more,,https://www.quickkeyz.com/dsr?q=Pay+Monthly+Cars&asid=cus_qui_ch278&pub=fb&rac=Pay+Monthly+Cars%F0%9F%9A%97Curious+about+the+process%3F%F0%9F%94%A5Discover+more%21%F0%9F%92%A1%2CNot+sure+how+to+get+a+new+Car+and+Pay+Monthly%3F%F0%9F%92%A1%F0%9F%9A%97Learn+more%3A%2C%F0%9F%9A%97Want+to+buy+a+Car+and+Pay+Monthly%3F%F0%9F%92%A5Discover+how+it+works+%F0%9F%94%8D+Learn+more%3A%2CPay+Monthly+Cars+%F0%9F%9A%97+Learn+more%3A%2CLEARN_MORE&sclid=0-24597&tv=ea&locale=en_US&de=m&ad_id=%7B%7Bad.id%7D%7D&terms=Pay+Monthly+Cars+infos%2CPay+Monthly+Cars+guide%2CPay+Monthly+Cars+article,https://www.quickkeyz.com/dsr?q=Pay+Monthly+Cars&asid=cus_qui_ch278&pub=fb&rac=Pay+Monthly+Cars%F0%9F%9A%97Curious+about+the+process%3F%F0%9F%94%A5Discover+more%21%F0%9F%92%A1%2CNot+sure+how+to+get+a+new+Car+and+Pay+Monthly%3F%F0%9F%92%A1%F0%9F%9A%97Learn+more%3A%2C%F0%9F%9A%97Want+to+buy+a+Car+and+Pay+Monthly%3F%F0%9F%92%A5Discover+how+it+works+%F0%9F%94%8D+Learn+more%3A%2CPay+Monthly+Cars+%F0%9F%9A%97+Learn+more%3A%2CLEARN_MORE&sclid=0-24597&tv=ea&locale=en_US&de=m&ad_id=%7B%7Bad.id%7D%7D&terms=Pay+Monthly+Cars+infos%2CPay+Monthly+Cars+guide%2CPay+Monthly+Cars+article,"Pay Monthly Cars | Pay Monthly Cars infos,Pay Monthly Cars guide,Pay Monthly Cars article","Pay Monthly Cars🚗Curious about the process?🔥Discover more!💡,Not sure how to get a new Car and Pay Monthly?💡🚗Learn more:,🚗Want to buy a Car and Pay Monthly?💥Discover how it works 🔍 Learn more:,Pay Monthly Cars 🚗 Learn more:,LEARN_MORE",,,,4,,image,creatives/quickkeyz.com/1633834527756435.jpg,creatives/quickkeyz.com/1633834527756435_2.jpg;creatives/quickkeyz.com/1633834527756435_3.jpg;creatives/quickkeyz.com/1633834527756435_4.jpg,,покупка авто с помесячной оплатой,https://www.facebook.com/ads/library/?id=1633834527756435,yes
956907893504697,thinkknoll.com,jobs,jobs,ES,178,Mandy Judith,yes,2026-03-28,2026-04-09,"FACEBOOK,INSTAGRAM",IMAGE,¿Cuáles son los beneficios y las perspectivas profesionales para quienes trabajan en el sector de la seguridad?,【Más información】,【Ver guía】,See details,,https://thinkknoll.com/es/articles/descripcion-general-del-trabajo-de-seguridad-funciones-condiciones-laborales-y-estructura-salarial-32759c?dest=bXN0Y3JqLmZqa3J3anR4ZGxmc2tmLmNvbQ==&dpco=1&subid1={{clickid}}&subid2={{ad.id}}&subid3={{campaign.id}}&ad_id={{ad.id}}&network=facebook&site=direct&adtitle=Security Jobs,https://thinkknoll.com/es/articles/descripcion-general-del-trabajo-de-seguridad-funciones-condiciones-laborales-y-estructura-salarial-32759c?dest=bXN0Y3JqLmZqa3J3anR4ZGxmc2tmLmNvbQ==&dpco=1&subid1={{clickid}}&subid2={{ad.id}}&subid3={{campaign.id}}&ad_id={{ad.id}}&network=facebook&site=direct&adtitle=Security Jobs,,,,mstcrj.fjkrwjtxdlfskf.com,,5,,image,creatives/thinkknoll.com/956907893504697.jpg,,,работа в секторе безопасности — льготы и перспективы,https://www.facebook.com/ads/library/?id=956907893504697,yes
2436689983432713,thinkknoll.com,jobs,jobs,BR,174,Dream house,yes,2026-04-01,2026-06-15,"FACEBOOK,INSTAGRAM",IMAGE,,"Um Panorama do Trabalho de Limpeza no Brasil: Atividades, Formas de Trabalho e Estrutura de Remuneração","O trabalho de limpeza no Brasil é uma atividade essencial em diversos ambientes, como hospitais, escolas, escritórios, condomínios e espaços comerciais,...",See details,,https://thinkknoll.com/pt/articles/um-panorama-do-trabalho-de-limpeza-no-brasil-atividades-formas-de-trabalho-e-estrutura-de-remuneracao?dest=aHpmZmJtLmZqa3J3anR4ZGxmc2tmLmNvbQ==&dpco=1&subid1={{clickid}}&subid2={{ad.id}}&subid3={{campaign.id}}&ad_id={{ad.id}}&network=facebook&site=direct&adtitle=Precisamos de um grande número de faxineiros.,https://thinkknoll.com/pt/articles/um-panorama-do-trabalho-de-limpeza-no-brasil-atividades-formas-de-trabalho-e-estrutura-de-remuneracao?dest=aHpmZmJtLmZqa3J3anR4ZGxmc2tmLmNvbQ==&dpco=1&subid1={{clickid}}&subid2={{ad.id}}&subid3={{campaign.id}}&ad_id={{ad.id}}&network=facebook&site=direct&adtitle=Precisamos de um grande número de faxineiros.,,,,hzffbm.fjkrwjtxdlfskf.com,,3,,image,creatives/thinkknoll.com/2436689983432713.jpg,,,клининг в Бразилии — обзор отрасли,https://www.facebook.com/ads/library/?id=2436689983432713,yes
947550641018502,thinkknoll.com,jobs,jobs,PT и UK (2 языка),168,Dream house,yes,2026-04-07,2026-06-03,"FACEBOOK,INSTAGRAM",IMAGE,,"Uma Visão Geral do Trabalho de Limpeza em Portugal: Funções, Horários e Estrutura de Remuneração","O trabalho de limpeza em Portugal desempenha um papel importante em diversos setores, como escolas, hospitais, escritórios, hotéis e condomínios, muitas...",See details,,https://thinkknoll.com/pt/articles/uma-visao-geral-do-trabalho-de-limpeza-em-portugal-funcoes-horarios-e-estrutura-de-remuneracao?dest=djh3MDhyLmZqa3J3anR4ZGxmc2tmLmNvbQ==&dpco=1&subid1={{clickid}}&subid2={{ad.id}}&subid3={{campaign.id}}&ad_id={{ad.id}}&network=facebook&site=direct&adtitle=Office cleaning and Cleaning services nearby,https://thinkknoll.com/pt/articles/uma-visao-geral-do-trabalho-de-limpeza-em-portugal-funcoes-horarios-e-estrutura-de-remuneracao?dest=djh3MDhyLmZqa3J3anR4ZGxmc2tmLmNvbQ==&dpco=1&subid1={{clickid}}&subid2={{ad.id}}&subid3={{campaign.id}}&ad_id={{ad.id}}&network=facebook&site=direct&adtitle=Office cleaning and Cleaning services nearby,,,,v8w08r.fjkrwjtxdlfskf.com,,4,,image,creatives/thinkknoll.com/947550641018502.jpg,,,клининг в UK/Португалии,https://www.facebook.com/ads/library/?id=947550641018502,yes
1577626916636984,thinkknoll.com,jobs,jobs,PT и UK (2 языка),168,Dream house,yes,2026-04-07,2026-06-07,"FACEBOOK,INSTAGRAM",IMAGE,,"An Overview of Cleaning Work in the United Kingdom: Duties, Working Hours and Pay Structure","Cleaning work in the United Kingdom forms an essential part of daily operations across schools, hospitals, offices, retail spaces and residential buildi...",See details,,https://thinkknoll.com/en/articles/an-overview-of-cleaning-work-in-the-united-kingdom-duties-working-hours-and-pay-structure?dest=emNxZ210LmZqa3J3anR4ZGxmc2tmLmNvbQ==&dpco=1&subid1={{clickid}}&subid2={{ad.id}}&subid3={{campaign.id}}&ad_id={{ad.id}}&network=facebook&site=direct&adtitle=The demand for cleaning services is expected to increase significantly in 2026! Join us!,https://thinkknoll.com/en/articles/an-overview-of-cleaning-work-in-the-united-kingdom-duties-working-hours-and-pay-structure?dest=emNxZ210LmZqa3J3anR4ZGxmc2tmLmNvbQ==&dpco=1&subid1={{clickid}}&subid2={{ad.id}}&subid3={{campaign.id}}&ad_id={{ad.id}}&network=facebook&site=direct&adtitle=The demand for cleaning services is expected to increase significantly in 2026! Join us!,,,,zcqgmt.fjkrwjtxdlfskf.com,,4,,image,creatives/thinkknoll.com/1577626916636984.jpg,,,клининг в UK/Португалии,https://www.facebook.com/ads/library/?id=1577626916636984,yes
1464794695390436,savingsbuild.com,jobs,jobs,"ES (EU transparency, охват 200 654) + копия с тем же текстом вне ЕС (страна не показана)",167,Good news,yes,2026-04-09,2026-09-22,"FACEBOOK,INSTAGRAM,AUDIENCE_NETWORK,MESSENGER,THREADS",IMAGE,,"Savings Build - Cómo opera la limpieza profesional: procesos, organización y puntos clave","Panorama general del sector en EspañaLa limpieza profesional es un servicio fundamental para el día a día de oficinas, comercios y hogares. Con frecuencia, las empresas y particulares delegan estas tareas en compañías especializadas para garantizar un nivel estable de higiene, orden y mantenimi...",Learn more,,https://savingsbuild.com/como-opera-la-limpieza-profesional-procesos-organizacion-y-puntos-clave?utm_campaign=vb-cosmicAKcleaningspain-group1-fb-es-a-0409-GE03-p&utm_source=facebook&utm_term=group1&utm_content=cosmicAKcleaningspain&utm_medium=a&l=g,https://savingsbuild.com/como-opera-la-limpieza-profesional-procesos-organizacion-y-puntos-clave?utm_campaign=vb-cosmicAKcleaningspain-group1-fb-es-a-0409-GE03-p&utm_source=facebook&utm_term=group1&utm_content=cosmicAKcleaningspain&utm_medium=a&l=g,,,vb-cosmicAKcleaningspain-group1-fb-es-a-0409-GE03-p | cosmicAKcleaningspain,,,"3 (09.04, 12.04, 01.06)",,image,creatives/savingsbuild.com/1464794695390436.jpg,,,"на превью набор персонала на уборку офисов, график 9–12 и 14–17, кнопка «Ver salário» (текст на картинке по-португальски, текст объявления по-испански)",https://www.facebook.com/ads/library/?id=1464794695390436,yes
1629424874969038,savingsbuild.com,jobs,jobs,"ES (EU transparency, охват 200 654) + копия с тем же текстом вне ЕС (страна не показана)",167,Good news,yes,2026-04-09,2026-09-23,"FACEBOOK,INSTAGRAM,AUDIENCE_NETWORK,MESSENGER,THREADS",IMAGE,,"Savings Build - Cómo opera la limpieza profesional: procesos, organización y puntos clave","Panorama general del sector en EspañaLa limpieza profesional es un servicio fundamental para el día a día de oficinas, comercios y hogares. Con frecuencia, las empresas y particulares delegan estas tareas en compañías especializadas para garantizar un nivel estable de higiene, orden y mantenimi...",Learn more,,https://savingsbuild.com/como-opera-la-limpieza-profesional-procesos-organizacion-y-puntos-clave?utm_campaign=vb-cosmicAKcleaningspain-group1-fb-es-a-0409-GE03-p&utm_source=facebook&utm_term=group1&utm_content=cosmicAKcleaningspain&utm_medium=a&l=g,https://savingsbuild.com/como-opera-la-limpieza-profesional-procesos-organizacion-y-puntos-clave?utm_campaign=vb-cosmicAKcleaningspain-group1-fb-es-a-0409-GE03-p&utm_source=facebook&utm_term=group1&utm_content=cosmicAKcleaningspain&utm_medium=a&l=g,,,vb-cosmicAKcleaningspain-group1-fb-es-a-0409-GE03-p | cosmicAKcleaningspain,,1464794695390436,"3 (09.04, 12.04, 01.06)",,image,creatives/savingsbuild.com/1629424874969038.jpg,,,"на превью набор персонала на уборку офисов, график 9–12 и 14–17, кнопка «Ver salário» (текст на картинке по-португальски, текст объявления по-испански)",https://www.facebook.com/ads/library/?id=1629424874969038,yes
2047347565819306,savingsbuild.com,jobs,jobs,"ES (EU transparency, охват 200 654) + копия с тем же текстом вне ЕС (страна не показана)",167,Good news,yes,2026-04-09,2026-09-23,"FACEBOOK,INSTAGRAM,AUDIENCE_NETWORK,MESSENGER,THREADS",IMAGE,,"Savings Build - Cómo opera la limpieza profesional: procesos, organización y puntos clave","Panorama general del sector en EspañaLa limpieza profesional es un servicio fundamental para el día a día de oficinas, comercios y hogares. Con frecuencia, las empresas y particulares delegan estas tareas en compañías especializadas para garantizar un nivel estable de higiene, orden y mantenimi...",Learn more,,https://savingsbuild.com/como-opera-la-limpieza-profesional-procesos-organizacion-y-puntos-clave?utm_campaign=vb-cosmicAKcleaningspain-group1-fb-es-a-0409-GE03-p&utm_source=facebook&utm_term=group1&utm_content=cosmicAKcleaningspain&utm_medium=a&l=g,https://savingsbuild.com/como-opera-la-limpieza-profesional-procesos-organizacion-y-puntos-clave?utm_campaign=vb-cosmicAKcleaningspain-group1-fb-es-a-0409-GE03-p&utm_source=facebook&utm_term=group1&utm_content=cosmicAKcleaningspain&utm_medium=a&l=g,,,vb-cosmicAKcleaningspain-group1-fb-es-a-0409-GE03-p | cosmicAKcleaningspain,,1464794695390436,"3 (09.04, 12.04, 01.06)",,image,creatives/savingsbuild.com/2047347565819306.jpg,,,"на превью набор персонала на уборку офисов, график 9–12 и 14–17, кнопка «Ver salário» (текст на картинке по-португальски, текст объявления по-испански)",https://www.facebook.com/ads/library/?id=2047347565819306,yes
1280086650754461,tritidal.com,jobs,jobs,"AR (испанский, Аргентина)",167,,,,,,,,,,,,,,,,,,,1,,,,,,упаковка товаров на дому — обзор,https://www.facebook.com/ads/library/?id=1280086650754461,not_in_library
988818677142480,tritidal.com,товарка,товарка,DE,164,Global Info Center,yes,2026-04-11,2026-06-30,"FACEBOOK,INSTAGRAM",VIDEO,Erfahren Sie mehr über Lagerverkäufe in Heilbronn,Erfahren Sie mehr über Lagerverkäufe in Heilbronn,Erfahren Sie mehr über Lagerverkäufe in Heilbronn,Learn more,,https://tritidal.com,"https://tritidal.com/de/articles/haushaltsgerate-mobel-mode-was-heilbronner-wirklich-auf-lagerverkaufen-finden-2026-69ca0e?dest=cGY5aDg1LnZ6cGNxc2wuY29t&network=facebook&site=direct&adtitle=Viele+Menschen+in+Heilbronn+wissen+vielleicht+gar+nicht,+dass+es+auch+hier,+Warehouse+und+Garage-Verkäufe+gibt,+bei+denen+Produkte+außerhalb+des+üblichen+Einzelhandels+angeboten+werden.+Ist+das+wirklich+immer+eine+gute+Möglichkeit+zu+sparen?+Erfahren+Sie+mehr.&subid1={{campaign.name}}&subid2={{adset.id}}&ad_id={{ad.id}}&subid4={{fbclid}}&click_id={{fbclid}}&subid3={{ad.id}}&dpco=1",,,,pf9h85.vzpcqsl.com,,1,,video_preview,creatives/tritidal.com/988818677142480.jpg,,https://video-ord5-1.xx.fbcdn.net/o1/v/t2/f2/m412/AQNac7DBs5QVhAXdv6hU9hi6rTyV-ikyIBP0OauEq0wBZfetZbwMK3co0I3fmJJA7cwuwnEZRHH1CaF75NEdRi01FFEqjeou7qa2KNGjQA.mp4?_nc_cat=109&_nc_sid=ef5aa3&_nc_ht=video-ord5-1.xx.fbcdn.net&_nc_ohc=K76wlyRmFNEQ7kNvwF4Al6P&efg=eyJ2ZW5jb2RlX3RhZyI6Inhwdl9wcm9ncmVzc2l2ZS5WSV9VU0VDQVNFX1BST0RVQ1RfVFlQRS4uQzMuMzYwLnN2ZV9zZCIsInhwdl9hc3NldF9pZCI6OTg5ODcxNDQzNDE3ODc1LCJhc3NldF9hZ2VfZGF5cyI6MTY1LCJ2aV91c2VjYXNlX2lkIjoxMDEzOSwiZHVyYXRpb25fcyI6MjIsInVybGdlbl9zb3VyY2UiOiJ3d3cifQ%3D%3D&ccb=17-1&_nc_gid=x-fygN6sqGfnAbgcY9uHQw&_nc_ss=70289&_nc_zt=28&oh=00_AQJ5Q6uDFd9OmPypKG86IJofN8YynPNvQvrC0TMEujOnmw&oe=6AB92D45,распродажа мебели на складе,https://www.facebook.com/ads/library/?id=988818677142480,yes
940314328966250,thinkknoll.com,jobs,jobs,BG,162,Dream house,yes,2026-03-19,2026-06-16,"FACEBOOK,INSTAGRAM",DCO,,,,Learn more,,https://thinkknoll.com/bg/articles/cf9e0b?dest=ZmhjdnFoLmZqa3J3anR4ZGxmc2tmLmNvbQ==&dpco=1&subid1={{clickid}}&subid2={{ad.id}}&subid3={{campaign.id}}&ad_id={{ad.id}}&network=facebook&site=direct&adtitle=Undervalued cleaner salaries! Check out these cleaner job opportunities!,https://thinkknoll.com/bg/articles/cf9e0b?dest=ZmhjdnFoLmZqa3J3anR4ZGxmc2tmLmNvbQ==&dpco=1&subid1={{clickid}}&subid2={{ad.id}}&subid3={{campaign.id}}&ad_id={{ad.id}}&network=facebook&site=direct&adtitle=Undervalued cleaner salaries! Check out these cleaner job opportunities!,,,,fhcvqh.fjkrwjtxdlfskf.com,25898448096521491,1,,image,creatives/thinkknoll.com/940314328966250.jpg,creatives/thinkknoll.com/940314328966250_2.jpg,,тот же клининг-гид,https://www.facebook.com/ads/library/?id=940314328966250,yes
2532679650493390,savingsbuild.com,jobs,jobs,"16 стран ЕС: AT, BE, CZ, DK, FI, FR, DE, HU, IE, IT, LU, NL, PL, PT, ES, SE (метод: EU transparency), охват ЕС 139 918",160,Path to Global Triumph,yes,2026-04-16,2026-09-22,"FACEBOOK,INSTAGRAM,AUDIENCE_NETWORK,MESSENGER,THREADS",VIDEO,,,,Learn more,,https://savingsbuild.com/how-the-employment-process-is-structured-in-switzerland-and-which-fields-are-in-demand?utm_campaign=vb-CosmicKIJobsCHDe-tg1-fb-intl-i-0416-GE03-p&utm_source=facebook&utm_term=tg1&utm_content=CosmicKIJobsCHDe&utm_medium=i&l=dr,https://savingsbuild.com/how-the-employment-process-is-structured-in-switzerland-and-which-fields-are-in-demand?utm_campaign=vb-CosmicKIJobsCHDe-tg1-fb-intl-i-0416-GE03-p&utm_source=facebook&utm_term=tg1&utm_content=CosmicKIJobsCHDe&utm_medium=i&l=dr,,,vb-CosmicKIJobsCHDe-tg1-fb-intl-i-0416-GE03-p | CosmicKIJobsCHDe,,,1,,video_preview,creatives/savingsbuild.com/2532679650493390.jpg,,https://video-ord5-1.xx.fbcdn.net/o1/v/t2/f2/m366/AQOnmFpebya-ntH4WLvKnUpm4xR4Vw5L4GANNg5mEdrlHdSGIc2EYIuM3CyNG0yIzerzK69AoJkoi6mkf671BBPRL-cQE42vtVZI5NeeT7D1Gg.mp4?_nc_cat=101&_nc_sid=b66105&_nc_ht=video-ord5-1.xx.fbcdn.net&_nc_ohc=jncyWqfXMGYQ7kNvwEXVKbZ&efg=eyJ2ZW5jb2RlX3RhZyI6Inhwdl9wcm9ncmVzc2l2ZS5WSV9VU0VDQVNFX1BST0RVQ1RfVFlQRS4uQzMuNzIwLmRhc2hfaDI2NC1iYXNpYy1nZW4yXzcyMHAiLCJ4cHZfYXNzZXRfaWQiOjE2MTM2NDA3MTY2MDQxNDgsImFzc2V0X2FnZV9kYXlzIjoxNTksInZpX3VzZWNhc2VfaWQiOjEwMTM5LCJkdXJhdGlvbl9zIjoxMiwid2F0Y2hfdGltZV9zIjo1Njc1LCJ1cmxnZW5fc291cmNlIjoid3d3In0%3D&ccb=17-1&vs=6465b4b23bb98c92&_nc_vs=HBksFQIYRWZiX2VwaGVtZXJhbC9CRjQxMzZDNjlFRkM0RTRDNTAyNTA3OUQ0NUFFOTk5MV9tdF8xX3ZpZGVvX2Rhc2hpbml0Lm1wNBUAAsgBEgAVAhhAZmJfcGVybWFuZW50LzEzNDg5RTlBQzNBODM5NjY2NzI4MkZDQTBBNTdBMUE1X2F1ZGlvX2Rhc2hpbml0Lm1wNBUCAsgBEgAoABgAGwKIB3VzZV9vaWwBMRJwcm9ncmVzc2l2ZV9yZWNpcGUBMRUAACboy6qboObdBRUCKAJDMywXQChmZmZmZmYYGWRhc2hfaDI2NC1iYXNpYy1nZW4yXzcyMHARAHUAZbaeAQA&_nc_gid=iYBTynP213UzgTRoIAHGAA&_nc_ss=70289&_nc_zt=28&oh=00_AQLR4h-Sny4SgNDpOmryRAr-ej3G_-ja8q_x3kqFU6Kv5Q&oe=6AB933EB,"ролик о том, как устроено трудоустройство (лендинг /how-the-employment-process-is-structured-in-…)",https://www.facebook.com/ads/library/?id=2532679650493390,yes
1847024882630018,savingsbuild.com,jobs,jobs,"NL (EU transparency, охват 52 946)",160,Dream True Fulfillment,yes,2026-04-16,2026-09-22,"FACEBOOK,INSTAGRAM,AUDIENCE_NETWORK,MESSENGER,THREADS",IMAGE,🧼 Meer over de schoonmaakbranche,📌 Lees meer,"De professionele schoonmaak is een essentieel onderdeel van het dagelijkse functioneren van moderne bedrijven. Kantoren, commerciële ruimtes en bedrijfsgebo...",Learn more,,https://savingsbuild.com/professionele-schoonmaak-kosten-salarissen-vraag-en-werkmogelijkheden?utm_campaign=vb-cosmicAKcleaningNL-gr1-fb-nl-a-0416-GE01-p&utm_source=facebook&utm_term=gr1&utm_content=cosmicAKcleaningNL&utm_medium=a&l=br,https://savingsbuild.com/professionele-schoonmaak-kosten-salarissen-vraag-en-werkmogelijkheden?utm_campaign=vb-cosmicAKcleaningNL-gr1-fb-nl-a-0416-GE01-p&utm_source=facebook&utm_term=gr1&utm_content=cosmicAKcleaningNL&utm_medium=a&l=br,,,vb-cosmicAKcleaningNL-gr1-fb-nl-a-0416-GE01-p | cosmicAKcleaningNL,,,1,,image,creatives/savingsbuild.com/1847024882630018.jpg,,,клининг — затраты и зарплаты (лендинг /professionele-schoonmaak-kosten-salarissen…),https://www.facebook.com/ads/library/?id=1847024882630018,yes
1993129537946642,savingsbuild.com,страхование,страхование,"FR (EU transparency, охват 87 869)",145,Dream True Fulfillment,yes,2026-05-01,2026-09-22,"FACEBOOK,INSTAGRAM,AUDIENCE_NETWORK,MESSENGER,THREADS",IMAGE,Demande d’assurance mutuelle retraite en France : deux conditions à remplir,𝖠𝗌𝗌𝗎𝗋𝖺𝗇𝖼𝖾 𝗆𝗎𝗍𝗎𝖾𝗅𝗅𝖾 𝖽𝖾 𝗋𝖾𝗍𝗋𝖺𝗂𝗍𝖾,"Pour bénéficier d’une assurance mutuelle retraite en France, il est essentiel de connaître les conditions à remplir. Cette protection permet aux retrai...",Learn more,,https://savingsbuild.com/demande-dassurance-mutuelle-retraite-en-france-deux-conditions-a-remplir?utm_campaign=vb-cosmicAKInsurance-gr1-fb-fr-a-0501-GE04-p&utm_source=facebook&utm_term=gr1&utm_content=cosmicAKInsurance&utm_medium=a&l=g,https://savingsbuild.com/demande-dassurance-mutuelle-retraite-en-france-deux-conditions-a-remplir?utm_campaign=vb-cosmicAKInsurance-gr1-fb-fr-a-0501-GE04-p&utm_source=facebook&utm_term=gr1&utm_content=cosmicAKInsurance&utm_medium=a&l=g,,,vb-cosmicAKInsurance-gr1-fb-fr-a-0501-GE04-p | cosmicAKInsurance,,,1,,image,creatives/savingsbuild.com/1993129537946642.jpg,,,два условия для получения мутуэль на пенсии во Франции,https://www.facebook.com/ads/library/?id=1993129537946642,yes
1295347301977328,mindgenpro.com,jobs,jobs,CH (флаг в тексте),143,Encuentra información como un PRO,yes,2026-05-02,2026-09-22,"FACEBOOK,INSTAGRAM",IMAGE,🇨🇭⛰️✨ ¡Conoce más sobre el voluntariado de verano en Suiza y vive una aventura única!,Voluntariado de verano en Suiza - Leer más,,Learn more,,https://www.mindgenpro.com/dsr?q=voluntariado%20de%20verano%20en%20suiza&asid=a1_ch865&de=m&ctid=krd-8fda1c5c&fbclid={fbclid}&ad_id={{ad.id}}&pub=fb&tv=dark&locale=es_ES&rac=Read%20About%20voluntariado%20de%20verano%20en%20suiza,https://www.mindgenpro.com/dsr?q=voluntariado%20de%20verano%20en%20suiza&asid=a1_ch865&de=m&ctid=krd-8fda1c5c&fbclid={fbclid}&ad_id={{ad.id}}&pub=fb&tv=dark&locale=es_ES&rac=Read%20About%20voluntariado%20de%20verano%20en%20suiza,voluntariado de verano en suiza,Read About voluntariado de verano en suiza,,,,3 (02/04/07.05),,image,creatives/mindgenpro.com/1295347301977328.jpg,,,летнее волонтёрство в Швейцарии,https://www.facebook.com/ads/library/?id=1295347301977328,yes
1622414142147171,savingsbuild.com,jobs,jobs,"ES, FR, BE, DE, NL, DK, SE, AT (метод: EU transparency), охват ЕС 39 205, больше всего ES ~17,5 тыс. и FR ~10 тыс.",140,Unrepeatable Ambitions,yes,2026-05-06,2026-09-22,"FACEBOOK,INSTAGRAM,AUDIENCE_NETWORK,MESSENGER,THREADS",IMAGE,🧼 More about the cleaning industry,📌 More information,"Professional cleaning is an essential part of the day-to-day management of offices, shops, hospitality venues and private homes. Many businesses and househol...",Learn more,,https://savingsbuild.com/the-professional-cleaning-sector-organisation-duties-and-working-practices?utm_campaign=vb-cosmicAKcleaningEngl-gr1-fb-intl-a-0506-GE01-p&utm_source=facebook&utm_term=gr1&utm_content=cosmicAKcleaningEngl&utm_medium=a&l=g,https://savingsbuild.com/the-professional-cleaning-sector-organisation-duties-and-working-practices?utm_campaign=vb-cosmicAKcleaningEngl-gr1-fb-intl-a-0506-GE01-p&utm_source=facebook&utm_term=gr1&utm_content=cosmicAKcleaningEngl&utm_medium=a&l=g,,,vb-cosmicAKcleaningEngl-gr1-fb-intl-a-0506-GE01-p | cosmicAKcleaningEngl,,,1,,image,creatives/savingsbuild.com/1622414142147171.jpg,,,обзор отрасли профессиональной уборки,https://www.facebook.com/ads/library/?id=1622414142147171,yes
1477459350827064,tritidal.com,товарка,товарка,"DE/CH (2 копии, разные города)",140,Global Info Center,yes,2026-05-05,2026-06-30,"FACEBOOK,INSTAGRAM",VIDEO,Erfahren Sie mehr über Möbel-Lagerverkäufe in Hamburg,Erfahren Sie mehr über Möbel-Lagerverkäufe in Hamburg,Erfahren Sie mehr über Möbel-Lagerverkäufe in Hamburg,Learn more,,https://tritidal.com,"https://tritidal.com/de/articles/lagerverkauf-fur-mobel-in-hamburg-ein-uberblick-uber-auswahl-und-qualitat-7f0088?dest=ajFnbG1oLnZ6cGNxc2wuY29t&network=facebook&site=direct&adtitle=In+Hamburg+werden+Lagerverkäufe+zu+einem+immer+sichtbarer+werdenden+Teil+des+Einkaufsalltags.+Haushaltsgeräte,+Möbel+und+Mode+Accessoires+stammen+oft+aus+überschüssigen+Lagerbeständen+oder+Ausstellungsräumen.&subid1={{campaign.name}}&subid2={{adset.id}}&ad_id={{ad.id}}&subid4={{fbclid}}&click_id={{fbclid}}&subid3={{ad.id}}&dpco=1",,,,j1glmh.vzpcqsl.com,,2,,video_preview,creatives/tritidal.com/1477459350827064.jpg,,https://video-ord5-2.xx.fbcdn.net/o1/v/t2/f2/m366/AQNMi-FxT_svpvyjNNcGfDtTDyLJxN5rCq3rAZ6HUJ-UG4TsZXzHhFZkmk9YGIbaEmwSTFYuRR4-5PI6zuA17KD-M6omftCms7EUSmGLEV0meQ.mp4?_nc_cat=104&_nc_sid=b66105&_nc_ht=video-ord5-2.xx.fbcdn.net&_nc_ohc=XH-txf5-HKgQ7kNvwEoa6o4&efg=eyJ2ZW5jb2RlX3RhZyI6Inhwdl9wcm9ncmVzc2l2ZS5WSV9VU0VDQVNFX1BST0RVQ1RfVFlQRS4uQzMuNzIwLmRhc2hfaDI2NC1iYXNpYy1nZW4yXzcyMHAiLCJ4cHZfYXNzZXRfaWQiOjkzOTQyNTA3ODkyNDE0OCwiYXNzZXRfYWdlX2RheXMiOjE0MSwidmlfdXNlY2FzZV9pZCI6MTAxMzksImR1cmF0aW9uX3MiOjE4LCJ1cmxnZW5fc291cmNlIjoid3d3In0%3D&ccb=17-1&vs=e8d5fa98aaa6954f&_nc_vs=HBksFQIYRWZiX2VwaGVtZXJhbC80OTQ4RDUyQUZGQUVCNUFERUEzODEyNUFDQ0FCRUU5OF9tdF8xX3ZpZGVvX2Rhc2hpbml0Lm1wNBUAAsgBEgAVAhhAZmJfcGVybWFuZW50LzFENEIwNkYwNEM0N0VFNUE2M0NDNkNBREY2OEFBNEFBX2F1ZGlvX2Rhc2hpbml0Lm1wNBUCAsgBEgAoABgAGwKIB3VzZV9vaWwBMRJwcm9ncmVzc2l2ZV9yZWNpcGUBMRUAACbozfqh3pmrAxUCKAJDMywXQDIzMzMzMzMYGWRhc2hfaDI2NC1iYXNpYy1nZW4yXzcyMHARAHUAZbaeAQA&_nc_gid=39D1H9BqvSqrbu03v_67bw&_nc_ss=70289&_nc_zt=28&oh=00_AQLwWZMI4lKfBLhd5Wfm-buRJgysOOLNx2o_nrnWYXKJhg&oe=6AB94184,распродажа мебели — склад,https://www.facebook.com/ads/library/?id=1477459350827064,yes
1295190541997897,tritidal.com,товарка,товарка,"DE/CH (2 копии, разные города)",140,Global Info Center,yes,2026-05-05,2026-06-29,"FACEBOOK,INSTAGRAM",VIDEO,Erfahren Sie mehr über Lagerverkäufe in der Saint Gallen,Erfahren Sie mehr über Lagerverkäufe in der Saint Gallen,Erfahren Sie mehr über Lagerverkäufe in der Saint Gallen,Learn more,,https://tritidal.com,https://tritidal.com/de/articles/lagerverkauf-in-st-gallen-ein-blick-auf-auswahl-und-entwicklung-46d985?dest=NnFqbDJyLnZ6cGNxc2wuY29t&network=facebook&site=direct&adtitle=In+St.+Gallen+werden+Lagerverkäufe+zu+eins+immer+sichtbarer+werden+und+Teil+des+Einkaufsalltags.+Aushaltsgewählte+Möbel+und+Modeaccessoires+Wars+stammen+oft+aus+überschüssigen+Lagerbeständen+oder+Ausstellungsbond.&subid1={{campaign.name}}&subid2={{adset.id}}&ad_id={{ad.id}}&subid4={{fbclid}}&click_id={{fbclid}}&subid3={{ad.id}}&dpco=1,,,,6qjl2r.vzpcqsl.com,,2,,video_preview,creatives/tritidal.com/1295190541997897.jpg,,https://video-ord5-2.xx.fbcdn.net/o1/v/t2/f2/m412/AQMVdN5hvNgaUYVI84WK68qIbfGI24TtItzQJJuvPSJb-fpo-znXvh6spxTJL94xonWPZStPX5rRPkj1t9DksJb3YG6Zo3ggP-1SGF8h1A.mp4?_nc_cat=110&_nc_sid=ef5aa3&_nc_ht=video-ord5-2.xx.fbcdn.net&_nc_ohc=VnSM8hE621oQ7kNvwEYEXVc&efg=eyJ2ZW5jb2RlX3RhZyI6Inhwdl9wcm9ncmVzc2l2ZS5WSV9VU0VDQVNFX1BST0RVQ1RfVFlQRS4uQzMuMzYwLnN2ZV9zZCIsInhwdl9hc3NldF9pZCI6MTAxMTg1NTIzMTMzMjY0MywiYXNzZXRfYWdlX2RheXMiOjE0MSwidmlfdXNlY2FzZV9pZCI6MTAxMzksImR1cmF0aW9uX3MiOjE4LCJ1cmxnZW5fc291cmNlIjoid3d3In0%3D&ccb=17-1&_nc_gid=ux0ChC83yihOLHGPsZc_jw&_nc_ss=70289&_nc_zt=28&oh=00_AQLARXD46pPvol62AFCNk9kD2vr9HGO_zXO30_FLx2L1Jg&oe=6AB939B4,распродажа мебели — склад,https://www.facebook.com/ads/library/?id=1295190541997897,yes
1703850721067365,exploreverity.com,jobs,jobs,EN,139,Business & Growth,yes,2026-05-06,2026-06-03,"FACEBOOK,INSTAGRAM",VIDEO,read about employee recruitment platform,,,Learn more,,https://www.exploreverity.com/dsr?asid=a9_ch823&locale=en_US&rac=read+about+employee+recruitment+platform+&q=employee+recruitment+platform+&pub=facebook.com&sclid={{adset.id}}&ad_id={{ad.id}}&ctid=krd-3601efb3,https://www.exploreverity.com/dsr?asid=a9_ch823&locale=en_US&rac=read+about+employee+recruitment+platform+&q=employee+recruitment+platform+&pub=facebook.com&sclid={{adset.id}}&ad_id={{ad.id}}&ctid=krd-3601efb3,employee recruitment platform,read about employee recruitment platform,,,,1,,video_preview,creatives/exploreverity.com/1703850721067365.jpg,,https://video-ord5-1.xx.fbcdn.net/o1/v/t2/f2/m366/AQMO9QeIcS4lTSHESrEZDPsuEIIQeAXFKg-mggw_AV6PG4GLAqjivW96e9O0xC6CjlhJjFP5OHo0AL_qSqRpv0DxlSslLo-x-NVc2kJ8VfrglQ.mp4?_nc_cat=106&_nc_sid=b66105&_nc_ht=video-ord5-1.xx.fbcdn.net&_nc_ohc=2r4V109A_mQQ7kNvwHrTcOm&efg=eyJ2ZW5jb2RlX3RhZyI6Inhwdl9wcm9ncmVzc2l2ZS5WSV9VU0VDQVNFX1BST0RVQ1RfVFlQRS4uQzMuNzIwLmRhc2hfaDI2NC1iYXNpYy1nZW4yXzcyMHAiLCJ4cHZfYXNzZXRfaWQiOjEyNTQ2OTQ0MjY0Mjg5MDAsImFzc2V0X2FnZV9kYXlzIjoxNDAsInZpX3VzZWNhc2VfaWQiOjEwMTM5LCJkdXJhdGlvbl9zIjoxNCwidXJsZ2VuX3NvdXJjZSI6Ind3dyJ9&ccb=17-1&vs=3b100cbe3068fc9&_nc_vs=HBksFQIYRWZiX2VwaGVtZXJhbC9ENjREM0Y5N0M4RDYxM0U2ODRFRDlDRDlDODQ0NzQ4QV9tdF8xX3ZpZGVvX2Rhc2hpbml0Lm1wNBUAAsgBEgAVAhhAZmJfcGVybWFuZW50L0MyNDY4REZBQUEwRDQzMzJBRjk4Q0U5QUI2NzhCNjg3X2F1ZGlvX2Rhc2hpbml0Lm1wNBUCAsgBEgAoABgAGwKIB3VzZV9vaWwBMRJwcm9ncmVzc2l2ZV9yZWNpcGUBMRUAACbIl7b56ci6BBUCKAJDMywXQC1mZmZmZmYYGWRhc2hfaDI2NC1iYXNpYy1nZW4yXzcyMHARAHUAZbaeAQA&_nc_gid=qmyfE8YNo2SkPanZZjIU7w&_nc_ss=70289&_nc_zt=28&oh=00_AQIQLiBhkNkqHtemgkfRVay7rE3M7tGv666FL-Y0DA79zA&oe=6AB94B9E,,https://www.facebook.com/ads/library/?id=1703850721067365,yes
1538396080939707,exploreverity.com,услуги,услуги,EN,135,Marketing & Media,yes,2026-05-10,2026-07-30,"FACEBOOK,INSTAGRAM",VIDEO,Learn broadly about On Site Security Services,Learn broadly about On Site Security Services,Discover more information about On Site Security Services,Learn more,,https://exploreverity.com/dsr?asid=a7_ch254&locale=en_US&rac=get+insights+on+on+site+security+services&q=on+site+security+services&de=m&pub=facebook.com&sclid={{adset.id}}&ad_id={{ad.id}}&ctid=krd-3601efb3,https://exploreverity.com/dsr?asid=a7_ch254&locale=en_US&rac=get+insights+on+on+site+security+services&q=on+site+security+services&de=m&pub=facebook.com&sclid={{adset.id}}&ad_id={{ad.id}}&ctid=krd-3601efb3,on site security services,get insights on on site security services,,,,2 (тег FB),,video_preview,creatives/exploreverity.com/1538396080939707.jpg,,https://video-ord5-2.xx.fbcdn.net/o1/v/t2/f2/m366/AQP_ca9FwRHFHA6FM6sb8Ybl80apJM_iuA5glPWwX_WWPC0_ZJ9rEdVCKoUKpZZmuzCXnY4eUMYLN3v4fcIhDFmdHe65BEdRG8SMFWlLL1ZwaQ.mp4?_nc_cat=104&_nc_sid=b66105&_nc_ht=video-ord5-2.xx.fbcdn.net&_nc_ohc=1plyPerpLIQQ7kNvwGX3311&efg=eyJ2ZW5jb2RlX3RhZyI6Inhwdl9wcm9ncmVzc2l2ZS5WSV9VU0VDQVNFX1BST0RVQ1RfVFlQRS4uQzMuNzIwLmRhc2hfaDI2NC1iYXNpYy1nZW4yXzcyMHAiLCJ4cHZfYXNzZXRfaWQiOjE2NTU0MDY1MTU2NzM2ODIsImFzc2V0X2FnZV9kYXlzIjoxNDAsInZpX3VzZWNhc2VfaWQiOjEwMTM5LCJkdXJhdGlvbl9zIjoxNSwidXJsZ2VuX3NvdXJjZSI6Ind3dyJ9&ccb=17-1&vs=a33b2b41180169c3&_nc_vs=HBksFQIYRWZiX2VwaGVtZXJhbC9GNzQwRjUyNUE0REI4OTRGNjVFQjkxNzlDNzgxOEM5NV9tdF8xX3ZpZGVvX2Rhc2hpbml0Lm1wNBUAAsgBEgAVAhhAZmJfcGVybWFuZW50L0VENEVDNjM0NzAxQjQ3NjNCODJFQ0VGREFEMjVGRDlFX2F1ZGlvX2Rhc2hpbml0Lm1wNBUCAsgBEgAoABgAGwKIB3VzZV9vaWwBMRJwcm9ncmVzc2l2ZV9yZWNpcGUBMRUAACak6ZrVq-XwBRUCKAJDMywXQC7UeuFHrhQYGWRhc2hfaDI2NC1iYXNpYy1nZW4yXzcyMHARAHUAZbaeAQA&_nc_gid=k0QNhA-ojJuipFVMFOrWhA&_nc_ss=70289&_nc_zt=28&oh=00_AQJxXBwRSD6p9OiddSnQwUDs9WN3fUfFOtj1RbEdbJdQ2w&oe=6AB93570,услуги охраны объектов,https://www.facebook.com/ads/library/?id=1538396080939707,yes
923422637378987,mindgenpro.com,jobs,jobs,IT (флаг в тексте),134,Encuentra información como un PRO,yes,2026-05-11,2026-09-22,"FACEBOOK,INSTAGRAM",IMAGE,🇮🇹☀️🍕 ¡Conoce más sobre el voluntariado de verano en Italia y vive la experiencia!,Voluntariado de verano en Italia - Leer más,,See details,,https://www.mindgenpro.com/dsr?q=Voluntariado%20de%20verano%20en%20Italia&asid=a2_ch155&de=m&ctid=krd-8fda1c5c&fbclid={fbclid}&ad_id={{ad.id}}&pub=fb&tv=dark&locale=es_ES&rac=Read%20About%20Voluntariado%20de%20verano%20en%20Italia,https://www.mindgenpro.com/dsr?q=Voluntariado%20de%20verano%20en%20Italia&asid=a2_ch155&de=m&ctid=krd-8fda1c5c&fbclid={fbclid}&ad_id={{ad.id}}&pub=fb&tv=dark&locale=es_ES&rac=Read%20About%20Voluntariado%20de%20verano%20en%20Italia,Voluntariado de verano en Italia,Read About Voluntariado de verano en Italia,,,,2 (тег FB) + перезапуски 01.07 и 27.07,,image,creatives/mindgenpro.com/923422637378987.jpg,,,летнее волонтёрство в Италии,https://www.facebook.com/ads/library/?id=923422637378987,yes
1336090575067226,crispcontext.com,услуги,услуги/жильё,FI (метод: язык текста),132,Home Excellence,yes,2026-05-13,2026-09-22,"FACEBOOK,INSTAGRAM,AUDIENCE_NETWORK,MESSENGER,THREADS",IMAGE,Katon uusimisavustukset senioreille:,Katon uusimisavustukset senioreille: Näin saat rahoitustukea remonttiin vuonna 2026,"Katon vaihtaminen voi olla erityisen haastava tehtävä senioreille, mutta olemassa olevat kattoavustukset senioreille voivat tarjota arvokasta taloudelli...",See details,,https://crispcontext.com/fi/articles/katon-uusimisavustukset-senioreille-nain-saat-rahoitustukea-remonttiin-vuonna-2026?dest=Zm4yY2RxLnRrdGJqZnR0YmJxay5jb20=&network=facebook&site=direct&ad_id=52528749701335,https://crispcontext.com/fi/articles/katon-uusimisavustukset-senioreille-nain-saat-rahoitustukea-remonttiin-vuonna-2026?dest=Zm4yY2RxLnRrdGJqZnR0YmJxay5jb20=&network=facebook&site=direct&ad_id=52528749701335,,,,fn2cdq.tktbjfttbbqk.com,,1,,image,creatives/crispcontext.com/1336090575067226.jpg,,,субсидия на замену крыши для пенсионеров,https://www.facebook.com/ads/library/?id=1336090575067226,yes
959529703733459,mindgenpro.com,jobs,jobs,ES (широкий охват),132,Descubre PRO,yes,2026-05-13,2026-09-22,"FACEBOOK,INSTAGRAM",IMAGE,📅🎉💼 ¡Conoce más sobre cómo trabajar como staff para eventos los fines de semana!,Staff para eventos: Fines de semana - Leer más,,See details,,https://www.mindgenpro.com/dsr?ad_id=%7B%7Bad.id%7D%7D&asid=a1_ch991&clid=%7Bfbclid%7D&ctid=krd-8fda1c5c&de=m&pub=fb&q=staff%20para%20eventos%20fines%20de%20semana&rac=Get%20Insights%20On%20staff%20para%20eventos%20fines%20de%20semana&terms=&tv=dark&locale=es_ES,https://www.mindgenpro.com/dsr?ad_id=%7B%7Bad.id%7D%7D&asid=a1_ch991&clid=%7Bfbclid%7D&ctid=krd-8fda1c5c&de=m&pub=fb&q=staff%20para%20eventos%20fines%20de%20semana&rac=Get%20Insights%20On%20staff%20para%20eventos%20fines%20de%20semana&terms=&tv=dark&locale=es_ES,staff para eventos fines de semana,Get Insights On staff para eventos fines de semana,,,,"12 (тег FB “12 ads use this creative and text”, снижался до 11/10 в динамике)",,image,creatives/mindgenpro.com/959529703733459.jpg,,,работа персоналом на мероприятиях по выходным,https://www.facebook.com/ads/library/?id=959529703733459,yes
1279353777331938,crispcontext.com,услуги,услуги,FR,126,Cat Crash-4,yes,2026-05-19,2026-09-22,"FACEBOOK,INSTAGRAM,AUDIENCE_NETWORK,MESSENGER,THREADS",IMAGE,Combien coûte le nettoyage de toiture en 2026 ? Un guide tarifaire complet,Combien coûte le nettoyage de toiture en 2026 ? Un guide tarifaire complet,"Pour les propriétaires soucieux de préserver la valeur de leur bien et désireux de le protéger des ravages des intempéries et du passage du temps, le...",See details,,https://crispcontext.com/fr/articles/combien-coute-le-nettoyage-de-toiture-en-2026-un-guide-tarifaire-complet-76e669?dest=NHp0amZ0LnRrdGJqZnR0YmJxay5jb20=&network=facebook&site=direct&ad_id=6972469267703,https://crispcontext.com/fr/articles/combien-coute-le-nettoyage-de-toiture-en-2026-un-guide-tarifaire-complet-76e669?dest=NHp0amZ0LnRrdGJqZnR0YmJxay5jb20=&network=facebook&site=direct&ad_id=6972469267703,,,,4ztjft.tktbjfttbbqk.com,,2,,image,creatives/crispcontext.com/1279353777331938.jpg,,,"стоимость очистки крыши, гид по ценам",https://www.facebook.com/ads/library/?id=1279353777331938,yes
1534445934921791,crispcontext.com,услуги,услуги,FR,126,Cat Crash-4,yes,2026-05-19,2026-09-22,"FACEBOOK,INSTAGRAM,AUDIENCE_NETWORK,MESSENGER,THREADS",IMAGE,Combien coûte le nettoyage de toiture en 2026 ? Un guide tarifaire complet,Combien coûte le nettoyage de toiture en 2026 ? Un guide tarifaire complet,"Pour les propriétaires soucieux de préserver la valeur de leur bien et désireux de le protéger des ravages des intempéries et du passage du temps, le...",See details,,https://crispcontext.com/fr/articles/combien-coute-le-nettoyage-de-toiture-en-2026-un-guide-tarifaire-complet-76e669?dest=NHp0amZ0LnRrdGJqZnR0YmJxay5jb20=&network=facebook&site=direct&ad_id=6972469895303,https://crispcontext.com/fr/articles/combien-coute-le-nettoyage-de-toiture-en-2026-un-guide-tarifaire-complet-76e669?dest=NHp0amZ0LnRrdGJqZnR0YmJxay5jb20=&network=facebook&site=direct&ad_id=6972469895303,,,,4ztjft.tktbjfttbbqk.com,,2,,image,creatives/crispcontext.com/1534445934921791.jpg,,,"стоимость очистки крыши, гид по ценам",https://www.facebook.com/ads/library/?id=1534445934921791,yes
987548627014379,therocketsscience.com,обучение,обучение,ES (испанский),126,HealthTrack Daily,yes,2026-05-19,2026-09-22,"FACEBOOK,INSTAGRAM,MESSENGER",IMAGE,Aprende sobre opciones de estudios de enfermería desde casa y explora qué factores debes considerar en 2026.,Estudiar Enfermería Desde Casa - Una Guía,Saber más,Learn more,,https://therocketsscience.com/asrsearch?search=estudiar+enfermería+desde+casa+una+guía&utm_source=110&campaign_id={{campaign.id}}&adset_id={{adset.id}}&ad_id={{ad.id}}&source=facebook&account_id=1656361978892897&cid=ch27052+ch40801&pixel_id=840455538279291&ignore_client_pixel=true&event=PURCHASE,https://therocketsscience.com/asrsearch?search=estudiar+enfermería+desde+casa+una+guía&utm_source=110&campaign_id={{campaign.id}}&adset_id={{adset.id}}&ad_id={{ad.id}}&source=facebook&account_id=1656361978892897&cid=ch27052+ch40801&pixel_id=840455538279291&ignore_client_pixel=true&event=PURCHASE,estudiar enfermería desde casa una guía,,,,,1,,image,creatives/therocketsscience.com/987548627014379.jpg,,,учёба на медсестру дистанционно,https://www.facebook.com/ads/library/?id=987548627014379,yes
1207152391404355,tritidal.com,товарка,товарка,CH/DE (2 копии),126,Global Info Center,yes,2026-05-19,2026-06-30,"FACEBOOK,INSTAGRAM",VIDEO,Erfahren Sie mehr über Lagerverkäufe in der Aarau,Erfahren Sie mehr über Lagerverkäufe in der Aarau,Erfahren Sie mehr über Lagerverkäufe in der Aarau,Learn more,,https://tritidal.com,"https://tritidal.com/de/articles/mobel-lagerverkauf-in-aarau-kurzuberblick-e37318?dest=OXp2amR0LnZ6cGNxc2wuY29t&network=facebook&site=direct&adtitle=In+Aarau+wissen+viele+Menschen+nicht,+dass+Lagerverkäufe,+Möbel,+Kleidung+und+Haushaltsgeräte+umfassen+können.+Erfahren+sie,+wo+solche+Verkaufsorte+zu+finden+sind+und+wie+diese+Produkte+im+Alltag+genutzt+werden.&subid1={{campaign.name}}&subid2={{adset.id}}&ad_id={{ad.id}}&subid4={{fbclid}}&click_id={{fbclid}}&subid3={{ad.id}}&dpco=1",,,,9zvjdt.vzpcqsl.com,,2,,video_preview,creatives/tritidal.com/1207152391404355.jpg,,https://video-ord5-2.xx.fbcdn.net/o1/v/t2/f2/m412/AQNcsEzudLm-CMmSKVWGVjJ6hUUepZql4LQERFarXFQLScrCsAPocbBHy6WfOIlHQr75xl1gCRmdqYkzbdqJnIubTHYAENKUM2J5JMzvHw.mp4?_nc_cat=107&_nc_sid=ef5aa3&_nc_ht=video-ord5-2.xx.fbcdn.net&_nc_ohc=OHbqVz_sBZUQ7kNvwHdjl-4&efg=eyJ2ZW5jb2RlX3RhZyI6Inhwdl9wcm9ncmVzc2l2ZS5WSV9VU0VDQVNFX1BST0RVQ1RfVFlQRS4uQzMuMzYwLnN2ZV9zZCIsInhwdl9hc3NldF9pZCI6MTIwODkwNDQ2MTIxMTQ4OCwiYXNzZXRfYWdlX2RheXMiOjEyNywidmlfdXNlY2FzZV9pZCI6MTAxMzksImR1cmF0aW9uX3MiOjE1LCJ1cmxnZW5fc291cmNlIjoid3d3In0%3D&ccb=17-1&_nc_gid=mb4Y4x6M23Y7XLfUGS8guw&_nc_ss=70289&_nc_zt=28&oh=00_AQJgwqswmdkhDDkZcm4mdlSPE_iHYpPjdD-3YyeZH0T1WQ&oe=6AB95A37,распродажа мебели — склад,https://www.facebook.com/ads/library/?id=1207152391404355,yes
815433758034353,tritidal.com,товарка,товарка,CH/DE (2 копии),126,Global Info Center,yes,2026-05-19,2026-06-29,"FACEBOOK,INSTAGRAM",VIDEO,Erfahren Sie mehr über Lagerverkäufe in der Neuss,Erfahren Sie mehr über Lagerverkäufe in der Neuss,Erfahren Sie mehr über Lagerverkäufe in der Neuss,Learn more,,https://tritidal.com,"https://tritidal.com/de/articles/mobel-lagerverkauf-in-neuss-mobel-und-einrichtung-im-uberblick-9cbfbd?dest=ZnI3ODl6LnZ6cGNxc2wuY29t&network=facebook&site=direct&adtitle=In+Neuss+werden+Lagerverkäufe+zunehmen+zu+einem+sichtbaren+Teil+des+alltäglichen+Einkaufens.+Haushalzgeräte,+Möbel+und+Moda+accessoires+stammen+häufig+aus+überschüssigen+Lagerbeständen+oder+Ausstellungsräumen.&subid1={{campaign.name}}&subid2={{adset.id}}&ad_id={{ad.id}}&subid4={{fbclid}}&click_id={{fbclid}}&subid3={{ad.id}}&dpco=1",,,,fr789z.vzpcqsl.com,,2,,video_preview,creatives/tritidal.com/815433758034353.jpg,,https://video-ord5-2.xx.fbcdn.net/o1/v/t2/f2/m412/AQPdnOF70nnrAc7PxmyUOCE94oUAEDzQ0iU_X6RLmFyaDwMbDy5XS_qTIVnXNLX-8bWExuHi8eiyAa-gbWzoqTKDHE-wHDGL3BcDXOIcyg.mp4?_nc_cat=103&_nc_sid=ef5aa3&_nc_ht=video-ord5-2.xx.fbcdn.net&_nc_ohc=p6Kn7EbJ6lMQ7kNvwFVhui6&efg=eyJ2ZW5jb2RlX3RhZyI6Inhwdl9wcm9ncmVzc2l2ZS5WSV9VU0VDQVNFX1BST0RVQ1RfVFlQRS4uQzMuMzYwLnN2ZV9zZCIsInhwdl9hc3NldF9pZCI6MzMxNjYxMzY2ODUzODcxMSwiYXNzZXRfYWdlX2RheXMiOjEyNywidmlfdXNlY2FzZV9pZCI6MTAxMzksImR1cmF0aW9uX3MiOjE0LCJ1cmxnZW5fc291cmNlIjoid3d3In0%3D&ccb=17-1&_nc_gid=19hEsLsmrzvveruODySZHA&_nc_ss=70289&_nc_zt=28&oh=00_AQLhsrLTgTnCoHA3UbIrXmOJy3KV21zDnYyzfClmniZvXw&oe=6AB947CF,распродажа мебели — склад,https://www.facebook.com/ads/library/?id=815433758034353,yes
976613281740601,tritidal.com,товарка,товарка,CH,124,Global Info Center,yes,2026-05-21,2026-06-30,"FACEBOOK,INSTAGRAM",VIDEO,Möbel Lagerverkauf in Dietikon: Kurzüberblick,Möbel Lagerverkauf in Dietikon: Kurzüberblick,Möbel Lagerverkauf in Dietikon: Kurzüberblick,Learn more,,https://tritidal.com,"https://tritidal.com/de/articles/mobel-lagerverkauf-in-dietikon-kurzuberblick-c50a28?dest=YjVjaGQ5LnZ6cGNxc2wuY29t&network=facebook&site=direct&adtitle=In+Dietikon+wissen+viele+Menschen+nicht,+dass+Lagerverkäufe,+Möbel,+Kleidung+und+Haushaltsgeräte+umfassen+können.+Erfahren+sie,+wo+solche+Verkaufsorte+zu+finden+sind+und+wie+diese+Produkte+im+Alltag+genutzt+werden.&subid1={{campaign.name}}&subid2={{adset.id}}&ad_id={{ad.id}}&subid4={{fbclid}}&click_id={{fbclid}}&subid3={{ad.id}}&dpco=1",,,,b5chd9.vzpcqsl.com,,1,,video_preview,creatives/tritidal.com/976613281740601.jpg,,https://video-ord5-2.xx.fbcdn.net/o1/v/t2/f2/m412/AQMSDkSsFHb-7FXSBViK1jy0RwZem5gol798tA2Wss58v5Kqf71hFIPpKthhdTMDBTKPbCzH2dyK7kYbS4gLMYnW-NrgLMIlBTNbaaKZbg.mp4?_nc_cat=107&_nc_sid=ef5aa3&_nc_ht=video-ord5-2.xx.fbcdn.net&_nc_ohc=-iGzi2wvawcQ7kNvwEj-Q9T&efg=eyJ2ZW5jb2RlX3RhZyI6Inhwdl9wcm9ncmVzc2l2ZS5WSV9VU0VDQVNFX1BST0RVQ1RfVFlQRS4uQzMuMzYwLnN2ZV9zZCIsInhwdl9hc3NldF9pZCI6MTMwMzk4OTMyNTE5MjI1MywiYXNzZXRfYWdlX2RheXMiOjEyNSwidmlfdXNlY2FzZV9pZCI6MTAxMzksImR1cmF0aW9uX3MiOjE1LCJ1cmxnZW5fc291cmNlIjoid3d3In0%3D&ccb=17-1&_nc_gid=_B9ANirVbpcCp6K_b_lEbg&_nc_ss=70289&_nc_zt=28&oh=00_AQLZptiQJue9WYaXlLv--62RyVzHtyrNZQ7qbT_mQ88CSg&oe=6AB92CEF,распродажа мебели — склад,https://www.facebook.com/ads/library/?id=976613281740601,yes
929019990167364,crispcontext.com,товарка,товарка,IT,123,Service Life,yes,2026-05-22,2026-09-22,"FACEBOOK,INSTAGRAM,AUDIENCE_NETWORK,MESSENGER,THREADS",IMAGE,"Quanto costa un serbatoio per l'acqua? Dove posso acquistare un serbatoio per l'acqua che sia economico, sicuro e resistente?","Quanto costa un serbatoio per l'acqua? Dove posso acquistare un serbatoio per l'acqua che sia economico, sicuro e resistente?","Quando si acquista un serbatoio per l'acqua, il prezzo e la durata nel tempo rappresentano considerazioni di primaria importanza. Quanto dovrebbe costar...",See details,,https://crispcontext.com/it/articles/quanto-costa-un-serbatoio-per-l-acqua-dove-posso-acquistare-un-serbatoio-per-l-acqua-che-sia-economico-sicuro-e-resistente?dest=M2tscTdxLnRrdGJqZnR0YmJxay5jb20=&network=facebook&site=direct&ad_id=120245795698310411,https://crispcontext.com/it/articles/quanto-costa-un-serbatoio-per-l-acqua-dove-posso-acquistare-un-serbatoio-per-l-acqua-che-sia-economico-sicuro-e-resistente?dest=M2tscTdxLnRrdGJqZnR0YmJxay5jb20=&network=facebook&site=direct&ad_id=120245795698310411,,,,3klq7q.tktbjfttbbqk.com,,2,,image,creatives/crispcontext.com/929019990167364.jpg,,,где купить надёжный водяной бак,https://www.facebook.com/ads/library/?id=929019990167364,yes
2187300505376151,crispcontext.com,товарка,товарка,IT,123,Service Life,yes,2026-05-22,2026-09-22,"FACEBOOK,INSTAGRAM,AUDIENCE_NETWORK,MESSENGER,THREADS",IMAGE,"Quanto costa un serbatoio per l'acqua? Dove posso acquistare un serbatoio per l'acqua che sia economico, sicuro e resistente?","Quanto costa un serbatoio per l'acqua? Dove posso acquistare un serbatoio per l'acqua che sia economico, sicuro e resistente?","Quando si acquista un serbatoio per l'acqua, il prezzo e la durata nel tempo rappresentano considerazioni di primaria importanza. Quanto dovrebbe costar...",See details,,https://crispcontext.com/it/articles/quanto-costa-un-serbatoio-per-l-acqua-dove-posso-acquistare-un-serbatoio-per-l-acqua-che-sia-economico-sicuro-e-resistente?dest=M2tscTdxLnRrdGJqZnR0YmJxay5jb20=&network=facebook&site=direct&ad_id=120245795698330411,https://crispcontext.com/it/articles/quanto-costa-un-serbatoio-per-l-acqua-dove-posso-acquistare-un-serbatoio-per-l-acqua-che-sia-economico-sicuro-e-resistente?dest=M2tscTdxLnRrdGJqZnR0YmJxay5jb20=&network=facebook&site=direct&ad_id=120245795698330411,,,,3klq7q.tktbjfttbbqk.com,,2,,image,creatives/crispcontext.com/2187300505376151.jpg,,,где купить надёжный водяной бак,https://www.facebook.com/ads/library/?id=2187300505376151,yes
2109827596264735,exploreverity.com,товарка,товарка,BR,118,Beauty & Personal Care,yes,2026-05-27,2026-07-31,"FACEBOOK,INSTAGRAM",VIDEO,"Aprenda amplamente sobre Telefones Compre Agora, Pague Depois","Aprenda amplamente sobre Telefones Compre Agora, Pague Depois",Descubra mais informações sobre Telefones Compre Agora Pague Depois,Learn more,,https://exploreverity.com/dsr?asid=a21_ch837&locale=pt_BR&rac=Descubra+mais+informações+sobre+comprar+agora+e+pagar+depois+por+telefones&q=telefone+compre+agora+pague+depois&de=m&pub=facebook.com&sclid={{adset.id}}&ad_id={{ad.id}}&ctid=krd-3601efb3,https://exploreverity.com/dsr?asid=a21_ch837&locale=pt_BR&rac=Descubra+mais+informações+sobre+comprar+agora+e+pagar+depois+por+telefones&q=telefone+compre+agora+pague+depois&de=m&pub=facebook.com&sclid={{adset.id}}&ad_id={{ad.id}}&ctid=krd-3601efb3,telefone compre agora pague depois,Descubra mais informações sobre comprar agora e pagar depois por telefones,,,,2,,video_preview,creatives/exploreverity.com/2109827596264735.jpg,,https://video-ord5-2.xx.fbcdn.net/o1/v/t2/f2/m412/AQP68VMRIsDkgCC-CbpsyBBz-N-9Uq79dqm_M_F6aXa6bqKeVdXegvMEODlRogpWYWCaZKcOQjkq1puWTA68um9gi3nCw_Ah9lBuInA4FA.mp4?_nc_cat=103&_nc_sid=ef5aa3&_nc_ht=video-ord5-2.xx.fbcdn.net&_nc_ohc=gjJia5k8SM4Q7kNvwEhrk8A&efg=eyJ2ZW5jb2RlX3RhZyI6Inhwdl9wcm9ncmVzc2l2ZS5WSV9VU0VDQVNFX1BST0RVQ1RfVFlQRS4uQzMuMzYwLnN2ZV9zZCIsInhwdl9hc3NldF9pZCI6MjAzNzEwOTY5MzUwOTM1NCwiYXNzZXRfYWdlX2RheXMiOjEzMCwidmlfdXNlY2FzZV9pZCI6MTAxMzksImR1cmF0aW9uX3MiOjE1LCJ1cmxnZW5fc291cmNlIjoid3d3In0%3D&ccb=17-1&_nc_gid=9F8s7eMTU2nYVrih715Uwg&_nc_ss=70289&_nc_zt=28&oh=00_AQJfu6N9lcR5OKoesIRRtVBxFIFU7iW0xcgXRBUw17ckIg&oe=6AB941E3,,https://www.facebook.com/ads/library/?id=2109827596264735,yes
1648112826305194,exploreverity.com,товарка,товарка,BR,118,Beauty & Personal Care,yes,2026-05-27,2026-07-31,"FACEBOOK,INSTAGRAM",VIDEO,"Aprenda amplamente sobre Telefones Compre Agora, Pague Depois","Aprenda amplamente sobre Telefones Compre Agora, Pague Depois",Descubra mais informações sobre Telefones Compre Agora Pague Depois,Learn more,,https://exploreverity.com/dsr?asid=a21_ch837&locale=pt_BR&rac=Descubra+mais+informações+sobre+comprar+agora+e+pagar+depois+por+telefones&q=telefone+compre+agora+pague+depois&de=m&pub=facebook.com&sclid={{adset.id}}&ad_id={{ad.id}}&ctid=krd-3601efb3,https://exploreverity.com/dsr?asid=a21_ch837&locale=pt_BR&rac=Descubra+mais+informações+sobre+comprar+agora+e+pagar+depois+por+telefones&q=telefone+compre+agora+pague+depois&de=m&pub=facebook.com&sclid={{adset.id}}&ad_id={{ad.id}}&ctid=krd-3601efb3,telefone compre agora pague depois,Descubra mais informações sobre comprar agora e pagar depois por telefones,,,,2,,video_preview,creatives/exploreverity.com/1648112826305194.jpg,,https://video-ord5-1.xx.fbcdn.net/o1/v/t2/f2/m366/AQPXnVanJ3nfpp1FcYK5C35dZdMG1yyxCd1jCC2d80k1NfX_dtDDee-xt_OCRNb5ck-PClovoorICCh0S2NL5GypdRlxIxd37_hSUVR2EgfaRQ.mp4?_nc_cat=109&_nc_sid=b66105&_nc_ht=video-ord5-1.xx.fbcdn.net&_nc_ohc=4JrmKnsmkBcQ7kNvwGhNquQ&efg=eyJ2ZW5jb2RlX3RhZyI6Inhwdl9wcm9ncmVzc2l2ZS5WSV9VU0VDQVNFX1BST0RVQ1RfVFlQRS4uQzMuNzIwLmRhc2hfaDI2NC1iYXNpYy1nZW4yXzcyMHAiLCJ4cHZfYXNzZXRfaWQiOjEyNzcwODYzNDQ2Mzg3MzYsImFzc2V0X2FnZV9kYXlzIjoxMzAsInZpX3VzZWNhc2VfaWQiOjEwMTM5LCJkdXJhdGlvbl9zIjoxNSwidXJsZ2VuX3NvdXJjZSI6Ind3dyJ9&ccb=17-1&vs=42bbbb0da007fcf2&_nc_vs=HBksFQIYRWZiX2VwaGVtZXJhbC9GOTQzRUQ1RjIyREE3ODk4MkNGQUI2MkE2M0E4NzA5OF9tdF8xX3ZpZGVvX2Rhc2hpbml0Lm1wNBUAAsgBEgAVAhhAZmJfcGVybWFuZW50L0UyNDk4OUI4Rjk1RDVDQUVFQUJBNURDQkE2RDA4RUIyX2F1ZGlvX2Rhc2hpbml0Lm1wNBUCAsgBEgAoABgAGwKIB3VzZV9vaWwBMRJwcm9ncmVzc2l2ZV9yZWNpcGUBMRUAACagxNvemuDEBBUCKAJDMywXQC-IMSbpeNUYGWRhc2hfaDI2NC1iYXNpYy1nZW4yXzcyMHARAHUAZbaeAQA&_nc_gid=_B4cHCkAbSF-GDubcxre4A&_nc_ss=70289&_nc_zt=28&oh=00_AQI0eCD14rqW37VW5-BwwNK_JuDjvDBjsOhfhjqheUyV_A&oe=6AB940C7,,https://www.facebook.com/ads/library/?id=1648112826305194,yes
991833863383461,exploreverity.com,jobs,jobs,EN,118,Between Moments,yes,2026-05-27,2026-07-31,"FACEBOOK,INSTAGRAM",VIDEO,Learn broadly about Food Tester Marketing Mba,Learn broadly about Food Tester Marketing Mba,Discover more information about Food Tester Marketing Mba,Learn more,,https://www.exploreverity.com/dsr?asid=a4_ch473&locale=en_US&rac=Discover+More+information+about+food+tester+marketing+mba&q=food+tester+marketing+mba&de=m&pub=facebook.com&sclid={{adset.id}}&ad_id={{ad.id}}&ctid=krd-3601efb3,https://www.exploreverity.com/dsr?asid=a4_ch473&locale=en_US&rac=Discover+More+information+about+food+tester+marketing+mba&q=food+tester+marketing+mba&de=m&pub=facebook.com&sclid={{adset.id}}&ad_id={{ad.id}}&ctid=krd-3601efb3,food tester marketing mba,Discover More information about food tester marketing mba,,,,6 (несколько страниц: Between Moments и Beauty & Personal Care),,video_preview,creatives/exploreverity.com/991833863383461.jpg,,https://video-ord5-2.xx.fbcdn.net/o1/v/t2/f2/m366/AQNA38i-47bJy1StWVocHE77XtobfTqA66ap4jv2mjJDmdybP0tiXbk9fTMrD34hXjM0vb76hC1sUPXGXTJxRTnEsNTmfTLxIlu0MJ8MI1cjlw.mp4?_nc_cat=104&_nc_sid=b66105&_nc_ht=video-ord5-2.xx.fbcdn.net&_nc_ohc=lo701xviof4Q7kNvwGDu3id&efg=eyJ2ZW5jb2RlX3RhZyI6Inhwdl9wcm9ncmVzc2l2ZS5WSV9VU0VDQVNFX1BST0RVQ1RfVFlQRS4uQzMuNzIwLmRhc2hfaDI2NC1iYXNpYy1nZW4yXzcyMHAiLCJ4cHZfYXNzZXRfaWQiOjkxNTU2NjEwNDgxNjIyMywiYXNzZXRfYWdlX2RheXMiOjEzNywidmlfdXNlY2FzZV9pZCI6MTAxMzksImR1cmF0aW9uX3MiOjE0LCJ1cmxnZW5fc291cmNlIjoid3d3In0%3D&ccb=17-1&vs=95e5a598fa713db&_nc_vs=HBksFQIYRWZiX2VwaGVtZXJhbC9FRTRDMEM3QzdFOERENkUyRDY3Njg0QUVCRjlFM0NCNV9tdF8xX3ZpZGVvX2Rhc2hpbml0Lm1wNBUAAsgBEgAVAhhAZmJfcGVybWFuZW50LzU2NDdFOUQ3QTU4NTdBNEY0M0U1QjZFMUVDNjEyNDgwX2F1ZGlvX2Rhc2hpbml0Lm1wNBUCAsgBEgAoABgAGwKIB3VzZV9vaWwBMRJwcm9ncmVzc2l2ZV9yZWNpcGUBMRUAACa-qZGH-6ygAxUCKAJDMywXQC0peNT987YYGWRhc2hfaDI2NC1iYXNpYy1nZW4yXzcyMHARAHUAZbaeAQA&_nc_gid=BIAoy3Q2eArHliUt__J47Q&_nc_ss=70289&_nc_zt=28&oh=00_AQI25fXz_h8IQS4bX8ATLi_Z4EAWtSHkls77XMbEcPgsmQ&oe=6AB9573C,"подработка тестировщиком продуктов, MBA-программа",https://www.facebook.com/ads/library/?id=991833863383461,yes
1645797546729823,exploreverity.com,услуги,услуги,ES,118,Between Moments,yes,2026-05-27,2026-07-31,"FACEBOOK,INSTAGRAM",VIDEO,Aprende ampliamente sobre las empresas de residuos comerciales,Aprende ampliamente sobre las empresas de residuos comerciales,Descubre más información sobre las Empresas de Residuos Comerciales,Learn more,,https://exploreverity.com/dsr?asid=a21_ch841&locale=es_ES&rac=Descubre+más+información+sobre+empresas+de+residuos+comerciales&q=empresas+de+residuos+comerciales&de=m&pub=facebook.com&sclid={{adset.id}}&ad_id={{ad.id}}&ctid=krd-3601efb3,https://exploreverity.com/dsr?asid=a21_ch841&locale=es_ES&rac=Descubre+más+información+sobre+empresas+de+residuos+comerciales&q=empresas+de+residuos+comerciales&de=m&pub=facebook.com&sclid={{adset.id}}&ad_id={{ad.id}}&ctid=krd-3601efb3,empresas de residuos comerciales,Descubre más información sobre empresas de residuos comerciales,,,,3,,video_preview,creatives/exploreverity.com/1645797546729823.jpg,,https://video-ord5-2.xx.fbcdn.net/o1/v/t2/f2/m366/AQMXAIM4_XsMGqLzgYseR4P3iK4JFDGVCSv7WLMz9PapGIu9f-JDeSanTkM5gfdSh1C3LK_JHjK-q6Lv5z2WdOKJePe_repJFIii1l-B21cMkA.mp4?_nc_cat=103&_nc_sid=b66105&_nc_ht=video-ord5-2.xx.fbcdn.net&_nc_ohc=v8V60Y2TYp0Q7kNvwHbGBpY&efg=eyJ2ZW5jb2RlX3RhZyI6Inhwdl9wcm9ncmVzc2l2ZS5WSV9VU0VDQVNFX1BST0RVQ1RfVFlQRS4uQzMuNzIwLmRhc2hfaDI2NC1iYXNpYy1nZW4yXzcyMHAiLCJ4cHZfYXNzZXRfaWQiOjE0MzQyMDA4NjUzOTQxMzgsImFzc2V0X2FnZV9kYXlzIjoxMjksInZpX3VzZWNhc2VfaWQiOjEwMTM5LCJkdXJhdGlvbl9zIjoyMCwidXJsZ2VuX3NvdXJjZSI6Ind3dyJ9&ccb=17-1&vs=422be13e5946bb86&_nc_vs=HBksFQIYRWZiX2VwaGVtZXJhbC81MzQ1ODU1OEMyNTk2MzRDNEU4Mjg5N0VEMjIzNDRCNF9tdF8xX3ZpZGVvX2Rhc2hpbml0Lm1wNBUAAsgBEgAVAhhAZmJfcGVybWFuZW50LzIwNEVBN0Q3NjcwOTE5MDE5QzNDQTc5RTM0MjlFOEI0X2F1ZGlvX2Rhc2hpbml0Lm1wNBUCAsgBEgAoABgAGwKIB3VzZV9vaWwBMRJwcm9ncmVzc2l2ZV9yZWNpcGUBMRUAACa0t_KRvZmMBRUCKAJDMywXQDR3S8an754YGWRhc2hfaDI2NC1iYXNpYy1nZW4yXzcyMHARAHUAZbaeAQA&_nc_gid=Kg0XHYSPmDaF3gFgUSRftA&_nc_ss=70289&_nc_zt=28&oh=00_AQLHWGA7p9y6cdgh8cffN7hpPAfqy8r9FCFah953bU9SAA&oe=6AB952A5,обзор компаний по вывозу мусора,https://www.facebook.com/ads/library/?id=1645797546729823,yes
754033004465138,exploreverity.com,товарка,товарка,EN,118,Beauty & Personal Care,yes,2026-05-27,2026-07-31,"FACEBOOK,INSTAGRAM",VIDEO,Learn broadly about Sme Phone Packages,Learn broadly about Sme Phone Packages,Discover more information about Sme Phone Packages,Learn more,,https://exploreverity.com/dsr?asid=a21_ch843&locale=en_US&rac=Discover+More+information+about+sme+phone+packages&q=sme+phone+packages&de=m&pub=facebook.com&sclid={{adset.id}}&ad_id={{ad.id}}&ctid=krd-3601efb3,https://exploreverity.com/dsr?asid=a21_ch843&locale=en_US&rac=Discover+More+information+about+sme+phone+packages&q=sme+phone+packages&de=m&pub=facebook.com&sclid={{adset.id}}&ad_id={{ad.id}}&ctid=krd-3601efb3,sme phone packages,Discover More information about sme phone packages,,,,3,,video_preview,creatives/exploreverity.com/754033004465138.jpg,,https://video-ord5-2.xx.fbcdn.net/o1/v/t2/f2/m412/AQOExpWAuQBEq9WaRvCd2mt7ULrI0ltUMMUzK2f3OQSqIyfpDwNy7H4aNsBhC0E3YgFeGAN8zDLgo-5E-98fQ_ZIWmH83VEEPOpxmonlRQ.mp4?_nc_cat=104&_nc_sid=ef5aa3&_nc_ht=video-ord5-2.xx.fbcdn.net&_nc_ohc=Ia8fR7R98BoQ7kNvwF0kya-&efg=eyJ2ZW5jb2RlX3RhZyI6Inhwdl9wcm9ncmVzc2l2ZS5WSV9VU0VDQVNFX1BST0RVQ1RfVFlQRS4uQzMuMzYwLnN2ZV9zZCIsInhwdl9hc3NldF9pZCI6MTY4MzE1NDQ4OTY3MjA3NSwiYXNzZXRfYWdlX2RheXMiOjEzMCwidmlfdXNlY2FzZV9pZCI6MTAxMzksImR1cmF0aW9uX3MiOjYwLCJ1cmxnZW5fc291cmNlIjoid3d3In0%3D&ccb=17-1&_nc_gid=P_JbX7k6Lw57fo20VQcnig&_nc_ss=70289&_nc_zt=28&oh=00_AQLogc-gQcp8yXqUx5FcDm5RM0TgY2LgoG1lQY0AVN1KUA&oe=6AB9329A,тарифы SIM для малого бизнеса,https://www.facebook.com/ads/library/?id=754033004465138,yes
994143839653078,mindgenpro.com,обучение,обучение/здоровье,EN,114,Life Tip Hub,yes,2026-05-31,2026-09-22,"FACEBOOK,INSTAGRAM",VIDEO,🦷📋🌟 Find out more about How to Get Teeth Fixed at Dental School and discover valuable insights to make the best decision for your oral health! 😁✨,How to Get Teeth Fixed at Dental School - Read more,,Learn more,,https://www.mindgenpro.com/dsr?&q=how%20to%20get%20teeth%20fixed%20at%20dental%20school&asid=a1_ch977&de=m&ctid=krd-8e4f972d&ad_id={{ad.id}}&pub=fb&tv=dark&locale=en_US&rac=Read%20About%20how%20to%20get%20teeth%20fixed%20at%20dental%20school,https://www.mindgenpro.com/dsr?&q=how%20to%20get%20teeth%20fixed%20at%20dental%20school&asid=a1_ch977&de=m&ctid=krd-8e4f972d&ad_id={{ad.id}}&pub=fb&tv=dark&locale=en_US&rac=Read%20About%20how%20to%20get%20teeth%20fixed%20at%20dental%20school,how to get teeth fixed at dental school,Read About how to get teeth fixed at dental school,,,,2 (дубль 05.06),,video_preview,creatives/mindgenpro.com/994143839653078.jpg,,https://video-ord5-2.xx.fbcdn.net/o1/v/t2/f2/m366/AQMOP-XpvVua1ENK9eL3LBxK5s208OC9ao-e2nVpWlqIYovshJr5lRsta-PRAZ4NuqjSd6tGw-b-6BIlu3iYZtbMLAMnPEy_-uR4CFXGujMqxg.mp4?_nc_cat=103&_nc_sid=b66105&_nc_ht=video-ord5-2.xx.fbcdn.net&_nc_ohc=t9NSzIl6HIYQ7kNvwH_ea6J&efg=eyJ2ZW5jb2RlX3RhZyI6Inhwdl9wcm9ncmVzc2l2ZS5WSV9VU0VDQVNFX1BST0RVQ1RfVFlQRS4uQzMuNzIwLmRhc2hfaDI2NC1iYXNpYy1nZW4yXzcyMHAiLCJ4cHZfYXNzZXRfaWQiOjEwMDc2MjM3NDgzMDkxODUsImFzc2V0X2FnZV9kYXlzIjoxMTYsInZpX3VzZWNhc2VfaWQiOjEwMTM5LCJkdXJhdGlvbl9zIjoxMCwidXJsZ2VuX3NvdXJjZSI6Ind3dyJ9&ccb=17-1&vs=438a307039343f33&_nc_vs=HBksFQIYRWZiX2VwaGVtZXJhbC80OTRBNzcyQkI4MzdFODM3REFCRkI5REY3Qzk4REQ4OF9tdF8xX3ZpZGVvX2Rhc2hpbml0Lm1wNBUAAsgBEgAVAhhAZmJfcGVybWFuZW50LzczNEYyMjA3NzQxRTkzMDU2RThFNUUwQzBBODU3MEE4X2F1ZGlvX2Rhc2hpbml0Lm1wNBUCAsgBEgAoABgAGwKIB3VzZV9vaWwBMRJwcm9ncmVzc2l2ZV9yZWNpcGUBMRUAACaCw675tZvKAxUCKAJDMywXQCQhysCDEm8YGWRhc2hfaDI2NC1iYXNpYy1nZW4yXzcyMHARAHUAZbaeAQA&_nc_gid=NHvPnluK0vJCbuZxi5L3MQ&_nc_ss=70289&_nc_zt=28&oh=00_AQLMJ01mD3Vx25DEepwkFfRTIx2NZzUB-80N4zbj97kmsA&oe=6AB9394D,,https://www.facebook.com/ads/library/?id=994143839653078,yes
1934605750556546,mindgenpro.com,обучение,обучение/здоровье,EN,114,Life Tip Hub,yes,2026-05-31,2026-09-22,"FACEBOOK,INSTAGRAM",VIDEO,🦷📋🌟 Find out more about How to Get Teeth Fixed at Dental School and discover valuable insights to make the best decision for your oral health! 😁✨,How to Get Teeth Fixed at Dental School - Read more,,Learn more,,https://www.mindgenpro.com/dsr?&q=how%20to%20get%20teeth%20fixed%20at%20dental%20school&asid=a1_ch977&de=m&ctid=krd-8e4f972d&ad_id={{ad.id}}&pub=fb&tv=dark&locale=en_US&rac=Read%20About%20how%20to%20get%20teeth%20fixed%20at%20dental%20school,https://www.mindgenpro.com/dsr?&q=how%20to%20get%20teeth%20fixed%20at%20dental%20school&asid=a1_ch977&de=m&ctid=krd-8e4f972d&ad_id={{ad.id}}&pub=fb&tv=dark&locale=en_US&rac=Read%20About%20how%20to%20get%20teeth%20fixed%20at%20dental%20school,how to get teeth fixed at dental school,Read About how to get teeth fixed at dental school,,,994143839653078,2 (дубль 05.06),,video_preview,creatives/mindgenpro.com/1934605750556546.jpg,,https://video-ord5-2.xx.fbcdn.net/o1/v/t2/f2/m366/AQMOP-XpvVua1ENK9eL3LBxK5s208OC9ao-e2nVpWlqIYovshJr5lRsta-PRAZ4NuqjSd6tGw-b-6BIlu3iYZtbMLAMnPEy_-uR4CFXGujMqxg.mp4?_nc_cat=103&_nc_sid=b66105&_nc_ht=video-ord5-2.xx.fbcdn.net&_nc_ohc=t9NSzIl6HIYQ7kNvwF0ENcM&efg=eyJ2ZW5jb2RlX3RhZyI6Inhwdl9wcm9ncmVzc2l2ZS5WSV9VU0VDQVNFX1BST0RVQ1RfVFlQRS4uQzIuNzIwLmRhc2hfaDI2NC1iYXNpYy1nZW4yXzcyMHAiLCJ4cHZfYXNzZXRfaWQiOjEwMDc2MjM3NDgzMDkxODUsImFzc2V0X2FnZV9kYXlzIjoxMTYsInZpX3VzZWNhc2VfaWQiOjEwMTM5LCJkdXJhdGlvbl9zIjoxMCwidXJsZ2VuX3NvdXJjZSI6Ind3dyJ9&ccb=17-1&vs=438a307039343f33&_nc_vs=HBksFQIYRWZiX2VwaGVtZXJhbC80OTRBNzcyQkI4MzdFODM3REFCRkI5REY3Qzk4REQ4OF9tdF8xX3ZpZGVvX2Rhc2hpbml0Lm1wNBUAAsgBEgAVAhhAZmJfcGVybWFuZW50LzczNEYyMjA3NzQxRTkzMDU2RThFNUUwQzBBODU3MEE4X2F1ZGlvX2Rhc2hpbml0Lm1wNBUCAsgBEgAoABgAGwKIB3VzZV9vaWwBMRJwcm9ncmVzc2l2ZV9yZWNpcGUBMRUAACaCw675tZvKAxUCKAJDMiwXQCQhysCDEm8YGWRhc2hfaDI2NC1iYXNpYy1nZW4yXzcyMHARAHUAZbaeAQA&_nc_gid=R4RjjkLpvxCSpSN945wqQQ&_nc_ss=70289&_nc_zt=28&oh=00_AQJ5_LpkUr_TJiIphnk58bZxCa65UMzxBApW1TYSi-W89w&oe=6AB9394D,,https://www.facebook.com/ads/library/?id=1934605750556546,yes
3953627268274455,exploreverity.com,услуги,услуги,EN,113,BrightGate Opportunities,yes,2026-06-01,2026-07-30,"FACEBOOK,INSTAGRAM",VIDEO,Learn broadly about Night Sitter For The Elderly,Learn broadly about Night Sitter For The Elderly,Discover more information about Night Sitter For The Elderly,Learn more,,https://www.exploreverity.com/dsr?asid=a10_ch418&locale=en_US&rac=Read+more+about+Night+Sitter+for+the+Elderly&q=Night+Sitter+for+the+Elderly&de=m&pub=facebook.com&sclid={{adset.id}}&ad_id={{ad.id}}&ctid=krd-4160110e,https://www.exploreverity.com/dsr?asid=a10_ch418&locale=en_US&rac=Read+more+about+Night+Sitter+for+the+Elderly&q=Night+Sitter+for+the+Elderly&de=m&pub=facebook.com&sclid={{adset.id}}&ad_id={{ad.id}}&ctid=krd-4160110e,Night Sitter for the Elderly,Read more about Night Sitter for the Elderly,,,,1,,video_preview,creatives/exploreverity.com/3953627268274455.jpg,,https://video-ord5-2.xx.fbcdn.net/o1/v/t2/f2/m366/AQMCsWzJIR8QiYdmULjvT8tqo5GEqfFfyJQdpyFdCQzyxFYY0q85vDBV-VOi916VBFeFg8lw41DQD3QI55OOlnLumbf8qITAJRTab4HtfTDd2Q.mp4?_nc_cat=107&_nc_sid=b66105&_nc_ht=video-ord5-2.xx.fbcdn.net&_nc_ohc=v8As8Yg4zUYQ7kNvwHwprNL&efg=eyJ2ZW5jb2RlX3RhZyI6Inhwdl9wcm9ncmVzc2l2ZS5WSV9VU0VDQVNFX1BST0RVQ1RfVFlQRS4uQzMuNzIwLmRhc2hfaDI2NC1iYXNpYy1nZW4yXzcyMHAiLCJ4cHZfYXNzZXRfaWQiOjEwMTA2OTIyMDQ2NTcwODAsImFzc2V0X2FnZV9kYXlzIjoxMTUsInZpX3VzZWNhc2VfaWQiOjEwMTM5LCJkdXJhdGlvbl9zIjoxMywidXJsZ2VuX3NvdXJjZSI6Ind3dyJ9&ccb=17-1&vs=45b15ce1f014e123&_nc_vs=HBksFQIYRWZiX2VwaGVtZXJhbC9FNjQ5OUE3RDI4REY2NTBGMzcyNDIwM0E2ODZCOUFBNl9tdF8xX3ZpZGVvX2Rhc2hpbml0Lm1wNBUAAsgBEgAVAhhAZmJfcGVybWFuZW50LzkxNDRDRkE0Mjc5MDdCRTMwQzhFNEE2QUU5QTI5MjlEX2F1ZGlvX2Rhc2hpbml0Lm1wNBUCAsgBEgAoABgAGwKIB3VzZV9vaWwBMRJwcm9ncmVzc2l2ZV9yZWNpcGUBMRUAACbw5q_dg87LAxUCKAJDMywXQCt3S8an754YGWRhc2hfaDI2NC1iYXNpYy1nZW4yXzcyMHARAHUAZbaeAQA&_nc_gid=f9CHIuhYL9xLPXOi_C0t9g&_nc_ss=70289&_nc_zt=28&oh=00_AQJJdv08lkzvSrsRfkhchijWl-3X83l-EaTS1guvJ2AZMQ&oe=6AB955D9,услуги ночной сиделки для пожилых,https://www.facebook.com/ads/library/?id=3953627268274455,yes
4489820211240756,therocketsscience.com,обучение,обучение,ES,113,Find a Smart Deal,yes,2026-06-01,2026-09-22,"FACEBOOK,INSTAGRAM,MESSENGER",IMAGE,Estudiar Carpintería en la edad adulta representa un camino académico exigente que combina experiencia vital con rigor científico.,Guía para estudiar Carpintería en la adultez,Saber más,Learn more,,https://therocketsscience.com/asrsearch?search=cómo+estudiar+carpintería+siendo+adulto&utm_source=110&campaign_id={{campaign.id}}&adset_id={{adset.id}}&ad_id={{ad.id}}&source=facebook&account_id=1656361978892897&cid=ch27052+ch40648&pixel_id=840455538279291&ignore_client_pixel=true&event=PURCHASE,https://therocketsscience.com/asrsearch?search=cómo+estudiar+carpintería+siendo+adulto&utm_source=110&campaign_id={{campaign.id}}&adset_id={{adset.id}}&ad_id={{ad.id}}&source=facebook&account_id=1656361978892897&cid=ch27052+ch40648&pixel_id=840455538279291&ignore_client_pixel=true&event=PURCHASE,cómo estudiar carpintería siendo adulto,,,,,1,,image,creatives/therocketsscience.com/4489820211240756.jpg,,,учёба на плотника во взрослом возрасте,https://www.facebook.com/ads/library/?id=4489820211240756,yes
1685283592763397,crispcontext.com,услуги,услуги/жильё,BG,110,Home Excellence,yes,2026-06-04,2026-09-22,"FACEBOOK,INSTAGRAM,AUDIENCE_NETWORK,MESSENGER,THREADS",IMAGE,Знаехте ли тази новина?,Субсидия за подмяна на покрив за 2026 г.: Как да получите финансиране за ремонт на къщи над 15 години,"За българските семейства, живеещи в по-стари къщи, стареещият покрив може да бъде един от най-големите проблеми – течове през дъждовния сезон, загуба на...",See details,,https://crispcontext.com/bg/articles/2026-15?dest=amxjNHM1LnRrdGJqZnR0YmJxay5jb20=&network=facebook&site=direct&ad_id=52551955893535,https://crispcontext.com/bg/articles/2026-15?dest=amxjNHM1LnRrdGJqZnR0YmJxay5jb20=&network=facebook&site=direct&ad_id=52551955893535,,,,jlc4s5.tktbjfttbbqk.com,,1,,image,creatives/crispcontext.com/1685283592763397.jpg,,,субсидия на замену крыши в Болгарии,https://www.facebook.com/ads/library/?id=1685283592763397,yes
1373649408154516,crispcontext.com,товарка,товарка,IT,109,Service Life,yes,2026-06-05,2026-09-22,"FACEBOOK,INSTAGRAM,AUDIENCE_NETWORK,MESSENGER,THREADS",IMAGE,Guida ai prezzi delle piscine 2026: come scegliere una piscina di alta qualità a un prezzo conveniente?,Guida ai prezzi delle piscine 2026: come scegliere una piscina di alta qualità a un prezzo conveniente?,"Per chi desidera uno spazio privato e rilassante, ma vuole evitare le complicazioni di cantieri complessi e costi elevati, una piscina rappresenta senza...",See details,,https://crispcontext.com/it/articles/guida-ai-prezzi-delle-piscine-2026-come-scegliere-una-piscina-di-alta-qualita-a-un-prezzo-conveniente?dest=eGZwMTU4LnRrdGJqZnR0YmJxay5jb20=&network=facebook&site=direct&ad_id=120246725580500411,https://crispcontext.com/it/articles/guida-ai-prezzi-delle-piscine-2026-come-scegliere-una-piscina-di-alta-qualita-a-un-prezzo-conveniente?dest=eGZwMTU4LnRrdGJqZnR0YmJxay5jb20=&network=facebook&site=direct&ad_id=120246725580500411,,,,xfp158.tktbjfttbbqk.com,,2,,image,creatives/crispcontext.com/1373649408154516.jpg,,,как выбрать бассейн по цене и качеству,https://www.facebook.com/ads/library/?id=1373649408154516,yes
1370797608242462,crispcontext.com,товарка,товарка,IT,109,Service Life,yes,2026-06-05,2026-09-22,"FACEBOOK,INSTAGRAM,AUDIENCE_NETWORK,MESSENGER,THREADS",IMAGE,Guida ai prezzi delle piscine 2026: come scegliere una piscina di alta qualità a un prezzo conveniente?,Guida ai prezzi delle piscine 2026: come scegliere una piscina di alta qualità a un prezzo conveniente?,"Per chi desidera uno spazio privato e rilassante, ma vuole evitare le complicazioni di cantieri complessi e costi elevati, una piscina rappresenta senza...",See details,,https://crispcontext.com/it/articles/guida-ai-prezzi-delle-piscine-2026-come-scegliere-una-piscina-di-alta-qualita-a-un-prezzo-conveniente?dest=eGZwMTU4LnRrdGJqZnR0YmJxay5jb20=&network=facebook&site=direct&ad_id=120246725580510411,https://crispcontext.com/it/articles/guida-ai-prezzi-delle-piscine-2026-come-scegliere-una-piscina-di-alta-qualita-a-un-prezzo-conveniente?dest=eGZwMTU4LnRrdGJqZnR0YmJxay5jb20=&network=facebook&site=direct&ad_id=120246725580510411,,,,xfp158.tktbjfttbbqk.com,,2,,image,creatives/crispcontext.com/1370797608242462.jpg,,,как выбрать бассейн по цене и качеству,https://www.facebook.com/ads/library/?id=1370797608242462,yes
2198331654317184,crispcontext.com,услуги,услуги,PT,106,Perfect Life01,yes,2026-06-08,2026-09-22,"FACEBOOK,INSTAGRAM,AUDIENCE_NETWORK,MESSENGER,THREADS",IMAGE,Guia de Custos de Casas de Repouso para 2026: O Que Você Precisa Saber,Guia de Custos de Casas de Repouso para 2026: O Que Você Precisa Saber,Planejar os cuidados de longo prazo para si mesmo ou para um ente querido é uma das decisões mais importantes que você pode tomar. Algumas perguntas-cha...,See details,,https://crispcontext.com/pt/articles/guia-de-custos-de-casas-de-repouso-para-2026-o-que-voce-precisa-saber?dest=dDZ2cjliLnRrdGJqZnR0YmJxay5jb20=&network=facebook&site=direct&adtitle=Guia%20de%20Custos%20de%20Casas%20de%20Repouso%20para%202026%3A%20O%20Que%20Voc%C3%AA%20Precisa%20Saber&ad_id=120244440355530209&dpco=1,https://crispcontext.com/pt/articles/guia-de-custos-de-casas-de-repouso-para-2026-o-que-voce-precisa-saber?dest=dDZ2cjliLnRrdGJqZnR0YmJxay5jb20=&network=facebook&site=direct&adtitle=Guia%20de%20Custos%20de%20Casas%20de%20Repouso%20para%202026%3A%20O%20Que%20Voc%C3%AA%20Precisa%20Saber&ad_id=120244440355530209&dpco=1,,,,t6vr9b.tktbjfttbbqk.com,,1,,image,creatives/crispcontext.com/2198331654317184.jpg,,,гид по стоимости дома престарелых,https://www.facebook.com/ads/library/?id=2198331654317184,yes
3405220736351946,crispcontext.com,товарка,товарка,CZ,106,Service Life,yes,2026-06-08,2026-09-22,"FACEBOOK,INSTAGRAM,AUDIENCE_NETWORK,MESSENGER,THREADS",IMAGE,Bazény: Prozkoumejte cenově dostupné možnosti bazénů,Bazény: Prozkoumejte cenově dostupné možnosti bazénů,"Malé bazény jsou ideální pro ty, kteří chtějí soukromý relaxační prostor, ale nechtějí se trápit složitou konstrukcí a vysokými náklady. Tento článek od...",See details,,https://crispcontext.com/cs/articles/domaci-bazeny-uzijte-si-maximalni-pohodli-v-omezenem-prostoru-a-s-omezenym-rozpoctem?dest=MTYxZ2N3LnRrdGJqZnR0YmJxay5jb20=&network=facebook&site=direct&adtitle=Baz%C3%A9ny%3A%20Prozkoumejte%20cenov%C4%9B%20dostupn%C3%A9%20mo%C5%BEnosti%20baz%C3%A9n%C5%AF&ad_id=120240627727260411&dpco=1,https://crispcontext.com/cs/articles/domaci-bazeny-uzijte-si-maximalni-pohodli-v-omezenem-prostoru-a-s-omezenym-rozpoctem?dest=MTYxZ2N3LnRrdGJqZnR0YmJxay5jb20=&network=facebook&site=direct&adtitle=Baz%C3%A9ny%3A%20Prozkoumejte%20cenov%C4%9B%20dostupn%C3%A9%20mo%C5%BEnosti%20baz%C3%A9n%C5%AF&ad_id=120240627727260411&dpco=1,,,,161gcw.tktbjfttbbqk.com,,1,,image,creatives/crispcontext.com/3405220736351946.jpg,,,доступные варианты бассейнов,https://www.facebook.com/ads/library/?id=3405220736351946,yes
2120938451803814,findtopresults.com,товарка,товарка,US (тематика Costco),105,,,,,,,,,,,,,,,,,,,1,,,,,,,https://www.facebook.com/ads/library/?id=2120938451803814,not_in_library
1650586642900417,crispcontext.com,товарка,товарка,SI,102,Bond 007,yes,2026-06-12,2026-09-22,"FACEBOOK,INSTAGRAM,MESSENGER,THREADS",IMAGE,Cenik bazenov za leto 2026: Kako izbrati visokokakovosten in cenovno ugoden bazen?,Cenik bazenov za leto 2026: Kako izbrati visokokakovosten in cenovno ugoden bazen?,"Za tiste, ki hrepenijo po zasebnem, sproščujočem prostoru, a se želijo izogniti težavam z zapleteno gradnjo in visokimi stroški, je bazen nedvomno ideal...",See details,,https://crispcontext.com/sl/articles/cenik-bazenov-za-leto-2026-kako-izbrati-visokokakovosten-in-cenovno-ugoden-bazen?dest=aGpwMXY3LnRrdGJqZnR0YmJxay5jb20=&network=facebook&site=direct&ad_id=120250817153360735,https://crispcontext.com/sl/articles/cenik-bazenov-za-leto-2026-kako-izbrati-visokokakovosten-in-cenovno-ugoden-bazen?dest=aGpwMXY3LnRrdGJqZnR0YmJxay5jb20=&network=facebook&site=direct&ad_id=120250817153360735,,,,hjp1v7.tktbjfttbbqk.com,,2,,image,creatives/crispcontext.com/1650586642900417.jpg,,,как выбрать бассейн по цене 2026,https://www.facebook.com/ads/library/?id=1650586642900417,yes
2250882995744541,crispcontext.com,товарка,товарка,SI,102,Bond 007,yes,2026-06-12,2026-09-22,"FACEBOOK,INSTAGRAM,MESSENGER,THREADS",IMAGE,Cenik bazenov za leto 2026: Kako izbrati visokokakovosten in cenovno ugoden bazen?,Cenik bazenov za leto 2026: Kako izbrati visokokakovosten in cenovno ugoden bazen?,"Za tiste, ki hrepenijo po zasebnem, sproščujočem prostoru, a se želijo izogniti težavam z zapleteno gradnjo in visokimi stroški, je bazen nedvomno ideal...",See details,,https://crispcontext.com/sl/articles/cenik-bazenov-za-leto-2026-kako-izbrati-visokokakovosten-in-cenovno-ugoden-bazen?dest=aGpwMXY3LnRrdGJqZnR0YmJxay5jb20=&network=facebook&site=direct&ad_id=120250817153330735,https://crispcontext.com/sl/articles/cenik-bazenov-za-leto-2026-kako-izbrati-visokokakovosten-in-cenovno-ugoden-bazen?dest=aGpwMXY3LnRrdGJqZnR0YmJxay5jb20=&network=facebook&site=direct&ad_id=120250817153330735,,,,hjp1v7.tktbjfttbbqk.com,,2,,image,creatives/crispcontext.com/2250882995744541.jpg,,,как выбрать бассейн по цене 2026,https://www.facebook.com/ads/library/?id=2250882995744541,yes
1488343379709909,crispcontext.com,услуги,услуги,AR (испанский),99,Aktar 003,yes,2026-06-15,2026-09-22,"FACEBOOK,INSTAGRAM,AUDIENCE_NETWORK,MESSENGER,THREADS",IMAGE,¿Cuánto costará para las personas mayores ingresar a una residencia de ancianos en 2026?,Guía de costos de residencias de ancianos en Argentina para 2026: ¿Cuánto pagarán los adultos mayores al mes?,"Con el aumento del costo de vida, cada vez más familias argentinas prestan atención a los gastos reales de las residencias de ancianos. Para los adultos...",See details,,https://crispcontext.com/es/articles/guia-de-costos-de-residencias-de-ancianos-en-argentina-para-2026-cuanto-pagaran-los-adultos-mayores-al-mes?dest=NzVwNmJnLnRrdGJqZnR0YmJxay5jb20=&network=facebook&site=direct&ad_id=120247005000790069,https://crispcontext.com/es/articles/guia-de-costos-de-residencias-de-ancianos-en-argentina-para-2026-cuanto-pagaran-los-adultos-mayores-al-mes?dest=NzVwNmJnLnRrdGJqZnR0YmJxay5jb20=&network=facebook&site=direct&ad_id=120247005000790069,,,,75p6bg.tktbjfttbbqk.com,,1,,image,creatives/crispcontext.com/1488343379709909.jpg,,,сколько платят в домах престарелых в Аргентине,https://www.facebook.com/ads/library/?id=1488343379709909,yes
1392755932700962,mindgenpro.com,обучение,обучение,EN,98,Information Center Pro,yes,2026-06-16,2026-09-22,"FACEBOOK,INSTAGRAM",VIDEO,✂️💇‍♀️✨ Learn more about 3-Day Hairdressing Certification Courses!,3-Day Hairdressing Certification Courses 💈🎓 Learn more!,,Learn more,,https://www.mindgenpro.com/dsr?&q=3%20day%20hairdressing%20certification%20courses&asid=bk_ch772&de=m&ctid=krd-8e4f972d&pub=fb&tv=dark&locale=en_US&rac=Get%20insights%20on%203%20day%20hairdressing%20certification%20courses&ad_id={{ad.id}},https://www.mindgenpro.com/dsr?&q=3%20day%20hairdressing%20certification%20courses&asid=bk_ch772&de=m&ctid=krd-8e4f972d&pub=fb&tv=dark&locale=en_US&rac=Get%20insights%20on%203%20day%20hairdressing%20certification%20courses&ad_id={{ad.id}},3 day hairdressing certification courses,Get insights on 3 day hairdressing certification courses,,,,1,,video_preview,creatives/mindgenpro.com/1392755932700962.jpg,,https://video-ord5-1.xx.fbcdn.net/o1/v/t2/f2/m366/AQOvJpZWBMCb44ibpHY84u_GblSClU6gs1fxir9PVQmEi0m2XUBmWhPXpkb9vxaJenqUO9YRrmEBQXB-qIMEHDD7oTaOIY8hywB161UZQJG0TQ.mp4?_nc_cat=111&_nc_sid=b66105&_nc_ht=video-ord5-1.xx.fbcdn.net&_nc_ohc=-39rX2D1j-8Q7kNvwFvGJdW&efg=eyJ2ZW5jb2RlX3RhZyI6Inhwdl9wcm9ncmVzc2l2ZS5WSV9VU0VDQVNFX1BST0RVQ1RfVFlQRS4uQzMuNzIwLmRhc2hfaDI2NC1iYXNpYy1nZW4yXzcyMHAiLCJ4cHZfYXNzZXRfaWQiOjE1NzcwODIxODA2MDIyMTAsImFzc2V0X2FnZV9kYXlzIjoxMTIsInZpX3VzZWNhc2VfaWQiOjEwMTM5LCJkdXJhdGlvbl9zIjoxMCwidXJsZ2VuX3NvdXJjZSI6Ind3dyJ9&ccb=17-1&vs=65ff3651ed30abf7&_nc_vs=HBksFQIYRWZiX2VwaGVtZXJhbC85QTQyQTExNjk2OUUzQzBGQTY5MkQwOTc4ODZDNDJCM19tdF8xX3ZpZGVvX2Rhc2hpbml0Lm1wNBUAAsgBEgAVAhhAZmJfcGVybWFuZW50LzgzNEM5QTJCRjNENUZBMjk4NDEzRkY5RTZFQkU1NkFGX2F1ZGlvX2Rhc2hpbml0Lm1wNBUCAsgBEgAoABgAGwKIB3VzZV9vaWwBMRJwcm9ncmVzc2l2ZV9yZWNpcGUBMRUAACbEpcDyoZbNBRUCKAJDMywXQCQU_fO2RaIYGWRhc2hfaDI2NC1iYXNpYy1nZW4yXzcyMHARAHUAZbaeAQA&_nc_gid=8ug8B-h92o1Qj9tk_RqJxA&_nc_ss=70289&_nc_zt=28&oh=00_AQJMeub1eqEY6AoFUorvRHsPZ5P7Oi_cL3VyOTHVAMFy3w&oe=6AB95F11,,https://www.facebook.com/ads/library/?id=1392755932700962,yes
3437514259749882,crispcontext.com,услуги,услуги,BG,97,Aktar 003,yes,2026-06-17,2026-09-22,"FACEBOOK,INSTAGRAM,AUDIENCE_NETWORK,MESSENGER,THREADS",IMAGE,Колко струва престоят в дом за възрастни хора за един месец?,"Домове за възрастни хора в България през 2026 г.: Тенденции в цените, възрастови разлики и съвети за избягване на капани","Със застаряващото население, българските домове за възрастни хора ще се сблъскат с безпрецедентен натиск до 2026 г. Общите разходи продължават да се пок...",See details,,https://crispcontext.com/bg/articles/2026-ec8087?dest=Y2hkaGp4LnRrdGJqZnR0YmJxay5jb20=&network=facebook&site=direct&ad_id=120247128089060069,https://crispcontext.com/bg/articles/2026-ec8087?dest=Y2hkaGp4LnRrdGJqZnR0YmJxay5jb20=&network=facebook&site=direct&ad_id=120247128089060069,,,,chdhjx.tktbjfttbbqk.com,,1,,image,creatives/crispcontext.com/3437514259749882.jpg,,,тренды цен в домах престарелых Болгарии,https://www.facebook.com/ads/library/?id=3437514259749882,yes
785637581302675,findtopresults.com,товарка,товарка,BR (португальский),95,,,,,,,,,,,,,,,,,,,2 (варианты текста),,,,,,,https://www.facebook.com/ads/library/?id=785637581302675,not_in_library
1745485136884470,findtopresults.com,товарка,товарка,BR (португальский),95,,,,,,,,,,,,,,,,,,,2 (варианты текста),,,,,,,https://www.facebook.com/ads/library/?id=1745485136884470,not_in_library
1562222735525094,therocketsscience.com,услуги,услуги,EN,94,Education World,yes,2026-06-20,2026-09-22,"FACEBOOK,INSTAGRAM,MESSENGER",VIDEO,"Simple changes in lighting, appliances, and daily habits can reduce household energy use. Discover practical ways people are making their homes more efficient. Learn more.",Learn more about saving energy at home,,Learn more,,https://therocketsscience.com/asrsearch?search=energy+saving&adtext={{headline}}&cid=ch94594+ch85724&fb_pixel_id=1235245818186117&account_id=1178770627411050&campaign_id={{campaign.id}}&adset_id={{adset.id}}&ad_id={{ad.id}}&source=facebook&rac=Discover more info about Energy Saving,https://therocketsscience.com/asrsearch?search=energy+saving&adtext={{headline}}&cid=ch94594+ch85724&fb_pixel_id=1235245818186117&account_id=1178770627411050&campaign_id={{campaign.id}}&adset_id={{adset.id}}&ad_id={{ad.id}}&source=facebook&rac=Discover more info about Energy Saving,energy saving,Discover more info about Energy Saving,,,,1,,video_preview,creatives/therocketsscience.com/1562222735525094.jpg,,https://video-ord5-2.xx.fbcdn.net/o1/v/t2/f2/m366/AQOAoVuHLWKJLxjmnqJ-YzX6ANTDlJeq8BqB5Hit_QuomMqeBDnFRygEel-Jxr8c4k64jKDTzD7ou_NrcKxusY0LajIKpvBrK4RcMo2J0t8GGQ.mp4?_nc_cat=105&_nc_sid=b66105&_nc_ht=video-ord5-2.xx.fbcdn.net&_nc_ohc=bz3tUfFJCrwQ7kNvwE8iICy&efg=eyJ2ZW5jb2RlX3RhZyI6Inhwdl9wcm9ncmVzc2l2ZS5WSV9VU0VDQVNFX1BST0RVQ1RfVFlQRS4uQzMuNzIwLmRhc2hfaDI2NC1iYXNpYy1nZW4yXzcyMHAiLCJ4cHZfYXNzZXRfaWQiOjEwMjUzNTI3ODA0Mjc2ODMsImFzc2V0X2FnZV9kYXlzIjo5NiwidmlfdXNlY2FzZV9pZCI6MTAxMzksImR1cmF0aW9uX3MiOjEyLCJ1cmxnZW5fc291cmNlIjoid3d3In0%3D&ccb=17-1&vs=58e08015fef37396&_nc_vs=HBksFQIYRWZiX2VwaGVtZXJhbC82NDRGQzhCQTY1NDBERDREM0NENUJFQkM1OTMwM0Q4RF9tdF8xX3ZpZGVvX2Rhc2hpbml0Lm1wNBUAAsgBEgAVAhhAZmJfcGVybWFuZW50L0Q0NDc4NkE2NUM0ODA2RTE4OUE0MjcyN0QyMTYwQUI4X2F1ZGlvX2Rhc2hpbml0Lm1wNBUCAsgBEgAoABgAGwKIB3VzZV9vaWwBMRJwcm9ncmVzc2l2ZV9yZWNpcGUBMRUAACbGxvnDsaPSAxUCKAJDMywXQCkzMzMzMzMYGWRhc2hfaDI2NC1iYXNpYy1nZW4yXzcyMHARAHUAZbaeAQA&_nc_gid=XW39QulU9yUb8UnCLKeQFw&_nc_ss=70289&_nc_zt=28&oh=00_AQJWSfaoxEr694TkhU0dXbLj_aovP8p9_kwpf0Ja7BaokQ&oe=6AB9418F,как снизить расход энергии дома,https://www.facebook.com/ads/library/?id=1562222735525094,yes
2151313438762471,therocketsscience.com,товарка,товарка,EN,94,Education World,yes,2026-06-20,2026-09-22,"FACEBOOK,INSTAGRAM,MESSENGER",VIDEO,"Medical software apps are changing how people observe and handle different conditions.
 Learn more.",Learn more about medical software,,Learn more,,https://therocketsscience.com/asrsearch?search=medical+software&adtext={{headline}}&cid=ch91267+ch85724&fb_pixel_id=1235245818186117&account_id=1178770627411050&campaign_id={{campaign.id}}&adset_id={{adset.id}}&ad_id={{ad.id}}&source=facebook&rac=Discover more info about Medical Software,https://therocketsscience.com/asrsearch?search=medical+software&adtext={{headline}}&cid=ch91267+ch85724&fb_pixel_id=1235245818186117&account_id=1178770627411050&campaign_id={{campaign.id}}&adset_id={{adset.id}}&ad_id={{ad.id}}&source=facebook&rac=Discover more info about Medical Software,medical software,Discover more info about Medical Software,,,,1,,video_preview,creatives/therocketsscience.com/2151313438762471.jpg,,https://video-ord5-2.xx.fbcdn.net/o1/v/t2/f2/m366/AQPAL1oX7-nQwKxdSDFQqtu5EhWQv6XjG71esIwoYjdoMUPe5_MedFvA4NtHp2gqIHpy4KzjrPiauEl05V6MAiDSxPkzUkMsuY5blodp7SmjKA.mp4?_nc_cat=103&_nc_sid=b66105&_nc_ht=video-ord5-2.xx.fbcdn.net&_nc_ohc=qCJxnDYxr6UQ7kNvwH_cP91&efg=eyJ2ZW5jb2RlX3RhZyI6Inhwdl9wcm9ncmVzc2l2ZS5WSV9VU0VDQVNFX1BST0RVQ1RfVFlQRS4uQzMuNzIwLmRhc2hfaDI2NC1iYXNpYy1nZW4yXzcyMHAiLCJ4cHZfYXNzZXRfaWQiOjEzNDU0NDY4OTA4ODA4NjEsImFzc2V0X2FnZV9kYXlzIjo5NiwidmlfdXNlY2FzZV9pZCI6MTAxMzksImR1cmF0aW9uX3MiOjEwLCJ1cmxnZW5fc291cmNlIjoid3d3In0%3D&ccb=17-1&vs=d1e14a04b9992ff1&_nc_vs=HBksFQIYRWZiX2VwaGVtZXJhbC84NzRCOTJGRjI4REE3Q0FGQjJGNzgzRUJDRUYzNTlBQl9tdF8xX3ZpZGVvX2Rhc2hpbml0Lm1wNBUAAsgBEgAVAhhAZmJfcGVybWFuZW50LzI1NDlFQTNDMkZDRkM3NDJCN0VFNUE1RDgyNzNFRUE3X2F1ZGlvX2Rhc2hpbml0Lm1wNBUCAsgBEgAoABgAGwKIB3VzZV9vaWwBMRJwcm9ncmVzc2l2ZV9yZWNpcGUBMRUAACa6_fW_qOvjBBUCKAJDMywXQCREGJN0vGoYGWRhc2hfaDI2NC1iYXNpYy1nZW4yXzcyMHARAHUAZbaeAQA&_nc_gid=OAoiCK3DC1-ZrbOHU8U31w&_nc_ss=70289&_nc_zt=28&oh=00_AQL_oY2g2NfITePryNpI7i3stIZ_pqtQ4UjL8ZN7vBBIPA&oe=6AB93825,приложения для мониторинга здоровья,https://www.facebook.com/ads/library/?id=2151313438762471,yes
2525056927924287,savingsbuild.com,jobs,jobs / обучение,"CH (метод: текст «in der Schweiz» / «en Suisse», блока ЕС нет)",92,Path to Global Triumph,yes,2026-04-16,2026-09-22,"FACEBOOK,INSTAGRAM,AUDIENCE_NETWORK,MESSENGER,THREADS",VIDEO,,,,Learn more,,https://savingsbuild.com/how-the-employment-process-is-structured-in-switzerland-and-which-fields-are-in-demand?utm_campaign=vb-CosmicKIJobsCHDe-tg1-fb-intl-i-0416-GE03-p&utm_source=facebook&utm_term=tg1&utm_content=CosmicKIJobsCHDe&utm_medium=i&l=dr,https://savingsbuild.com/how-the-employment-process-is-structured-in-switzerland-and-which-fields-are-in-demand?utm_campaign=vb-CosmicKIJobsCHDe-tg1-fb-intl-i-0416-GE03-p&utm_source=facebook&utm_term=tg1&utm_content=CosmicKIJobsCHDe&utm_medium=i&l=dr,,,vb-CosmicKIJobsCHDe-tg1-fb-intl-i-0416-GE03-p | CosmicKIJobsCHDe,,2532679650493390,"DE 1, FR 2",,video_preview,creatives/savingsbuild.com/2525056927924287.jpg,,https://video-ord5-1.xx.fbcdn.net/o1/v/t2/f2/m366/AQOnmFpebya-ntH4WLvKnUpm4xR4Vw5L4GANNg5mEdrlHdSGIc2EYIuM3CyNG0yIzerzK69AoJkoi6mkf671BBPRL-cQE42vtVZI5NeeT7D1Gg.mp4?_nc_cat=101&_nc_sid=b66105&_nc_ht=video-ord5-1.xx.fbcdn.net&_nc_ohc=jncyWqfXMGYQ7kNvwHFWyVf&efg=eyJ2ZW5jb2RlX3RhZyI6Inhwdl9wcm9ncmVzc2l2ZS5WSV9VU0VDQVNFX1BST0RVQ1RfVFlQRS4uQzIuNzIwLmRhc2hfaDI2NC1iYXNpYy1nZW4yXzcyMHAiLCJ4cHZfYXNzZXRfaWQiOjE2MTM2NDA3MTY2MDQxNDgsImFzc2V0X2FnZV9kYXlzIjoxNTksInZpX3VzZWNhc2VfaWQiOjEwMTM5LCJkdXJhdGlvbl9zIjoxMiwidXJsZ2VuX3NvdXJjZSI6Ind3dyJ9&ccb=17-1&vs=6465b4b23bb98c92&_nc_vs=HBksFQIYRWZiX2VwaGVtZXJhbC9CRjQxMzZDNjlFRkM0RTRDNTAyNTA3OUQ0NUFFOTk5MV9tdF8xX3ZpZGVvX2Rhc2hpbml0Lm1wNBUAAsgBEgAVAhhAZmJfcGVybWFuZW50LzEzNDg5RTlBQzNBODM5NjY2NzI4MkZDQTBBNTdBMUE1X2F1ZGlvX2Rhc2hpbml0Lm1wNBUCAsgBEgAoABgAGwKIB3VzZV9vaWwBMRJwcm9ncmVzc2l2ZV9yZWNpcGUBMRUAACboy6qboObdBRUCKAJDMiwXQChmZmZmZmYYGWRhc2hfaDI2NC1iYXNpYy1nZW4yXzcyMHARAHUAZbaeAQA&_nc_gid=Ct-ousaP9uaIYkuEJztO4A&_nc_ss=70289&_nc_zt=28&oh=00_AQJiOt0WI3YCG-OQR1gTydk3kcMXds5lIRMgxHiTM5YlgQ&oe=6AB933EB,как устроен выход на работу в Швейцарии и какие сферы востребованы,https://www.facebook.com/ads/library/?id=2525056927924287,yes
1013662668078064,savingsbuild.com,jobs,jobs / обучение,"CH (метод: текст «in der Schweiz» / «en Suisse», блока ЕС нет)",92,March into Your Potential,yes,2026-06-30,2026-09-16,"FACEBOOK,INSTAGRAM,AUDIENCE_NETWORK,MESSENGER,THREADS",VIDEO,Découvrez comment le processus d'intégration professionnelle est organisé en Suisse et quels sont les domaines recherchés.,Obtenez des informations supplémentaires,,Learn more,,https://savingsbuild.com/how-the-employment-process-is-structured-in-switzerland-and-which-fields-are-in-demand-1775112015?utm_campaign=vb-CosmicKIJobsCHFr-tg1en-fb-intl-i-0630-GE07-p&utm_source=facebook&utm_term=tg1en&utm_content=CosmicKIJobsCHFr&utm_medium=i&l=by,https://savingsbuild.com/how-the-employment-process-is-structured-in-switzerland-and-which-fields-are-in-demand-1775112015?utm_campaign=vb-CosmicKIJobsCHFr-tg1en-fb-intl-i-0630-GE07-p&utm_source=facebook&utm_term=tg1en&utm_content=CosmicKIJobsCHFr&utm_medium=i&l=by,,,vb-CosmicKIJobsCHFr-tg1en-fb-intl-i-0630-GE07-p | CosmicKIJobsCHFr,,,"DE 1, FR 2",,video_preview,creatives/savingsbuild.com/1013662668078064.jpg,,https://video-ord5-2.xx.fbcdn.net/o1/v/t2/f2/m366/AQMv5O0QWjf9VcRY2osA2g80PeNmcmort9S1v5u-YlM-JvXWR7G0oD6kTUaizCu9nDa96zdDWesb5ng3jxFETFrkq7miIkrk2mQKBCxBcSEx1g.mp4?_nc_cat=105&_nc_sid=b66105&_nc_ht=video-ord5-2.xx.fbcdn.net&_nc_ohc=c8uiNkKEldsQ7kNvwHfRCGt&efg=eyJ2ZW5jb2RlX3RhZyI6Inhwdl9wcm9ncmVzc2l2ZS5WSV9VU0VDQVNFX1BST0RVQ1RfVFlQRS4uQzMuNzIwLmRhc2hfaDI2NC1iYXNpYy1nZW4yXzcyMHAiLCJ4cHZfYXNzZXRfaWQiOjE1MzMyNTk5MjE3OTAyNTMsImFzc2V0X2FnZV9kYXlzIjo4NCwidmlfdXNlY2FzZV9pZCI6MTAxMzksImR1cmF0aW9uX3MiOjgsInVybGdlbl9zb3VyY2UiOiJ3d3cifQ%3D%3D&ccb=17-1&vs=40f133486edca096&_nc_vs=HBksFQIYRWZiX2VwaGVtZXJhbC80NTQ3NjFDNENDMjhDQTJCOEFFMzIwQUFGRjk4OEZBNF9tdF8xX3ZpZGVvX2Rhc2hpbml0Lm1wNBUAAsgBEgAVAhhAZmJfcGVybWFuZW50LzkwNEU0NzY1NTM1QzhCN0ZCQTMxQkFEODg3OUFGRThCX2F1ZGlvX2Rhc2hpbml0Lm1wNBUCAsgBEgAoABgAGwKIB3VzZV9vaWwBMRJwcm9ncmVzc2l2ZV9yZWNpcGUBMRUAACba1OTPvJ-5BRUCKAJDMywXQCCIMSbpeNUYGWRhc2hfaDI2NC1iYXNpYy1nZW4yXzcyMHARAHUAZbaeAQA&_nc_gid=8y80fylOftbXVTn023z05g&_nc_ss=70289&_nc_zt=28&oh=00_AQIlTNDXn0Zflxa36T5l6juHBCNqQvWk9dicFZEvhwXFpA&oe=6AB95B83,как устроен выход на работу в Швейцарии и какие сферы востребованы,https://www.facebook.com/ads/library/?id=1013662668078064,yes
1437296128160847,orbitpeek.com,товарка,товарка,DE,91,Wheels Market Insights,yes,2026-06-23,2026-09-22,"FACEBOOK,INSTAGRAM,MESSENGER",VIDEO,"Fahrzeuge nach Leasingrückgabe können interessante Gebrauchtwagenoptionen sein. 💡 Dieser Guide erklärt Zustand, Garantie, Historie und worauf beim Vergleich zu achten ist.",Fahrzeuge nach Leasingrückgabe,,Learn more,,https://orbitpeek.com/de/articles/fahrzeuge-nach-leasingruckgabe-jetzt-verfugbar-2ca07a?dest=M204bGIyLmdyeHZscXN4ei5jb20=&network=facebook&site=direct&ad_id={{ad.id}}&dpco=1&subid2=facebook&subid3=5053338_FBTR_Tonic_AutomotiveHMTtop1906_DE2818&campaign_name=5053338_FBTR_Tonic_AutomotiveHMTtop1906_DE2818&adtitle=Fahrzeuge%20nach%20Leasingr%C3%BCckgabe%20k%C3%B6nnen%20interessante%20Gebrauchtwagenoptionen%20sein.%20%F0%9F%92%A1%20Dieser%20Guide%20erkl%C3%A4rt%20Zustand%2C%20Garantie%2C%20Historie%20und%20worauf%20beim%20Vergleich%20zu%20achten%20ist.,https://orbitpeek.com/de/articles/fahrzeuge-nach-leasingruckgabe-jetzt-verfugbar-2ca07a?dest=M204bGIyLmdyeHZscXN4ei5jb20=&network=facebook&site=direct&ad_id={{ad.id}}&dpco=1&subid2=facebook&subid3=5053338_FBTR_Tonic_AutomotiveHMTtop1906_DE2818&campaign_name=5053338_FBTR_Tonic_AutomotiveHMTtop1906_DE2818&adtitle=Fahrzeuge%20nach%20Leasingr%C3%BCckgabe%20k%C3%B6nnen%20interessante%20Gebrauchtwagenoptionen%20sein.%20%F0%9F%92%A1%20Dieser%20Guide%20erkl%C3%A4rt%20Zustand%2C%20Garantie%2C%20Historie%20und%20worauf%20beim%20Vergleich%20zu%20achten%20ist.,,,,3m8lb2.grxvlqsxz.com,,1,,video_preview,creatives/orbitpeek.com/1437296128160847.jpg,,https://video-ord5-1.xx.fbcdn.net/o1/v/t2/f2/m366/AQNQuaR5intPiqbu5x_JHUezNgFIPWY88MAQTVb2aQQKsQMknjJ6mWO6NgSSBBQNKEpLzaOvkBufgUpB7FrmEfIknDxTw4mIWgFQVx0sfQnFOw.mp4?_nc_cat=101&_nc_sid=b66105&_nc_ht=video-ord5-1.xx.fbcdn.net&_nc_ohc=t3kWJ16T_ScQ7kNvwEGhJCX&efg=eyJ2ZW5jb2RlX3RhZyI6Inhwdl9wcm9ncmVzc2l2ZS5WSV9VU0VDQVNFX1BST0RVQ1RfVFlQRS4uQzMuNzIwLmRhc2hfaDI2NC1iYXNpYy1nZW4yXzcyMHAiLCJ4cHZfYXNzZXRfaWQiOjE3NDA4ODgyMTcxMTQxMDgsImFzc2V0X2FnZV9kYXlzIjo5MiwidmlfdXNlY2FzZV9pZCI6MTAxMzksImR1cmF0aW9uX3MiOjgsInVybGdlbl9zb3VyY2UiOiJ3d3cifQ%3D%3D&ccb=17-1&vs=d624085ed2a3de0c&_nc_vs=HBksFQIYRWZiX2VwaGVtZXJhbC8yQzRFNkU2MDIyQkY5QjU4MTVEOEQzNzczNkQ0NkI4OF9tdF8xX3ZpZGVvX2Rhc2hpbml0Lm1wNBUAAsgBEgAVAhhAZmJfcGVybWFuZW50LzhCNENFNkM4NkJEQTZCODZBODlFOUE4RkM1QkU4Njg1X2F1ZGlvX2Rhc2hpbml0Lm1wNBUCAsgBEgAoABgAGwKIB3VzZV9vaWwBMRJwcm9ncmVzc2l2ZV9yZWNpcGUBMRUAACb417L8g9WXBhUCKAJDMywXQCAAAAAAAAAYGWRhc2hfaDI2NC1iYXNpYy1nZW4yXzcyMHARAHUAZbaeAQA&_nc_gid=BDbcL9dZ3uVfcYYJDSx04w&_nc_ss=70289&_nc_zt=28&oh=00_AQK27QK8QhgEdtQvPBLDRYtwQcUOtsNhR59ZNyYrV29hMQ&oe=6AB95CEF,авто после лизинга — на что смотреть,https://www.facebook.com/ads/library/?id=1437296128160847,yes
4570782063151137,orbitpeek.com,товарка,товарка,BE (нидерландский),81,Smart Drive Journal,yes,2026-07-03,2026-09-22,"FACEBOOK,INSTAGRAM,MESSENGER",IMAGE,Een auto per maand betalen zonder klassieke kredietcheck? Deze gids legt uit wat je moet weten.,Auto per maand zonder kredietcheck in België: gids 🚗,"In België zoeken sommige mensen naar maandelijkse automodellen zonder klassieke kredietcheck, maar aanbieders kunnen nog steeds inkomen, betaalbaarheid ...",Learn more,,https://orbitpeek.com/nl/articles/auto-per-maand-zonder-kredietcheck-in-belgie-gids?dest=bXJrcnp2LmdyeHZscXN4ei5jb20=&network=facebook&site=direct&ad_id={{ad.id}}&dpco=1&subid2=facebook&subid3=4742996_FBTR_Tonic_CarFinanceLC8_BE2381&campaign_name=4742996_FBTR_Tonic_CarFinanceLC8_BE2381&adtitle=Een%20auto%20per%20maand%20betalen%20zonder%20klassieke%20kredietcheck%3F%20Deze%20gids%20legt%20uit%20wat%20je%20moet%20weten.,https://orbitpeek.com/nl/articles/auto-per-maand-zonder-kredietcheck-in-belgie-gids?dest=bXJrcnp2LmdyeHZscXN4ei5jb20=&network=facebook&site=direct&ad_id={{ad.id}}&dpco=1&subid2=facebook&subid3=4742996_FBTR_Tonic_CarFinanceLC8_BE2381&campaign_name=4742996_FBTR_Tonic_CarFinanceLC8_BE2381&adtitle=Een%20auto%20per%20maand%20betalen%20zonder%20klassieke%20kredietcheck%3F%20Deze%20gids%20legt%20uit%20wat%20je%20moet%20weten.,,,,mrkrzv.grxvlqsxz.com,,1,,image,creatives/orbitpeek.com/4570782063151137.jpg,,,авто помесячно без проверки кредита,https://www.facebook.com/ads/library/?id=4570782063151137,yes
1645221116567553,orbitpeek.com,путешествия,путешествия,"CA (французский, Квебек)",81,The Inspiring Spot,yes,2026-07-03,2026-09-22,"FACEBOOK,INSTAGRAM,MESSENGER",VIDEO,"Une mini-croisière depuis Québec peut être une escapade courte et organisée. 💡 Ce guide explique les itinéraires, cabines, services à bord et conseils de planification.",Mini-croisières depuis Québec,,Learn more,,https://orbitpeek.com/fr/articles/mini-croisieres-de-3-nuits-depuis-quebec-itineraires-courts-services-a-bord-et-comment-planifier-votre-escapade?dest=OXptOGJiLmdyeHZscXN4ei5jb20=&network=facebook&site=direct&ad_id={{ad.id}}&dpco=1&subid2=facebook&subid3=5113852_FBTR_Tonic_MiniCruiseAPIvARR_CA3713&campaign_name=5113852_FBTR_Tonic_MiniCruiseAPIvARR_CA3713&adtitle=Une%20mini-croisi%C3%A8re%20depuis%20Qu%C3%A9bec%20peut%20%C3%AAtre%20une%20escapade%20courte%20et%20organis%C3%A9e.%20%F0%9F%92%A1%20Ce%20guide%20explique%20les%20itin%C3%A9raires%2C%20cabines%2C%20services%20%C3%A0%20bord%20et%20conseils%20de%20planification.,https://orbitpeek.com/fr/articles/mini-croisieres-de-3-nuits-depuis-quebec-itineraires-courts-services-a-bord-et-comment-planifier-votre-escapade?dest=OXptOGJiLmdyeHZscXN4ei5jb20=&network=facebook&site=direct&ad_id={{ad.id}}&dpco=1&subid2=facebook&subid3=5113852_FBTR_Tonic_MiniCruiseAPIvARR_CA3713&campaign_name=5113852_FBTR_Tonic_MiniCruiseAPIvARR_CA3713&adtitle=Une%20mini-croisi%C3%A8re%20depuis%20Qu%C3%A9bec%20peut%20%C3%AAtre%20une%20escapade%20courte%20et%20organis%C3%A9e.%20%F0%9F%92%A1%20Ce%20guide%20explique%20les%20itin%C3%A9raires%2C%20cabines%2C%20services%20%C3%A0%20bord%20et%20conseils%20de%20planification.,,,,9zm8bb.grxvlqsxz.com,,1,,video_preview,creatives/orbitpeek.com/1645221116567553.jpg,,https://video-ord5-2.xx.fbcdn.net/o1/v/t2/f2/m366/AQOKKyX4gamsU8gIo5JHPN1c0tkGuN_MJ0seV0UYmAfsdC4dBv5ZSixcSS3PPujSpI1Eboii45iq6uJTMjYA5jzuPJiqYh2Wr_kpoTuUSJ82nw.mp4?_nc_cat=100&_nc_sid=b66105&_nc_ht=video-ord5-2.xx.fbcdn.net&_nc_ohc=5Aa-X1Ud8oAQ7kNvwFz_bI5&efg=eyJ2ZW5jb2RlX3RhZyI6Inhwdl9wcm9ncmVzc2l2ZS5WSV9VU0VDQVNFX1BST0RVQ1RfVFlQRS4uQzMuNzIwLmRhc2hfaDI2NC1iYXNpYy1nZW4yXzcyMHAiLCJ4cHZfYXNzZXRfaWQiOjQzMDYzMTAzMjMwMTQ0NzAsImFzc2V0X2FnZV9kYXlzIjo4NCwidmlfdXNlY2FzZV9pZCI6MTAxMzksImR1cmF0aW9uX3MiOjgsInVybGdlbl9zb3VyY2UiOiJ3d3cifQ%3D%3D&ccb=17-1&vs=43c622722d70f028&_nc_vs=HBksFQIYRWZiX2VwaGVtZXJhbC8zMjRDRTU4MjVFNDM2NzQyNjRFQUVCQ0E3MzhDNTk5Nl9tdF8xX3ZpZGVvX2Rhc2hpbml0Lm1wNBUAAsgBEgAVAhhAZmJfcGVybWFuZW50LzBGNEUxOTFBQTU4RkRBNkRENUE2N0JEMjAxQUQxMjhGX2F1ZGlvX2Rhc2hpbml0Lm1wNBUCAsgBEgAoABgAGwKIB3VzZV9vaWwBMRJwcm9ncmVzc2l2ZV9yZWNpcGUBMRUAACaMrcSRoKSmDxUCKAJDMywXQCAAAAAAAAAYGWRhc2hfaDI2NC1iYXNpYy1nZW4yXzcyMHARAHUAZbaeAQA&_nc_gid=RIF7QngylFuutQtleos5PQ&_nc_ss=70289&_nc_zt=28&oh=00_AQJGK-skUqb1u5DatIly_tk8l1eOYmklkV8t7ycl-M3wew&oe=6AB944F0,мини-круиз из Квебека,https://www.facebook.com/ads/library/?id=1645221116567553,yes
1395191702480949,orbitpeek.com,путешествия,путешествия,FR (Марсель),79,Smart Travel Insights,yes,2026-07-05,2026-09-22,"FACEBOOK,INSTAGRAM,MESSENGER",VIDEO,"Une mini-croisière depuis Marseille peut être une escapade courte et organisée. 💡 Ce guide explique les itinéraires, cabines, services à bord et conseils de planification.",Mini-croisières depuis Marseille,,Learn more,,https://orbitpeek.com/fr/articles/mini-croisieres-de-3-nuits-depuis-marseille-itineraires-courts-services-a-bord-et-comment-planifier-votre-escapade?dest=dDVxYjZ2LmdyeHZscXN4ei5jb20=&network=facebook&site=direct&ad_id={{ad.id}}&dpco=1&subid2=facebook&subid3=5113774_FBTR_Tonic_MiniCruiseAPIvARR_FR3630&campaign_name=5113774_FBTR_Tonic_MiniCruiseAPIvARR_FR3630&adtitle=Une%20mini-croisi%C3%A8re%20depuis%20Marseille%20peut%20%C3%AAtre%20une%20escapade%20courte%20et%20organis%C3%A9e.%20%F0%9F%92%A1%20Ce%20guide%20explique%20les%20itin%C3%A9raires%2C%20cabines%2C%20services%20%C3%A0%20bord%20et%20conseils%20de%20planification.,https://orbitpeek.com/fr/articles/mini-croisieres-de-3-nuits-depuis-marseille-itineraires-courts-services-a-bord-et-comment-planifier-votre-escapade?dest=dDVxYjZ2LmdyeHZscXN4ei5jb20=&network=facebook&site=direct&ad_id={{ad.id}}&dpco=1&subid2=facebook&subid3=5113774_FBTR_Tonic_MiniCruiseAPIvARR_FR3630&campaign_name=5113774_FBTR_Tonic_MiniCruiseAPIvARR_FR3630&adtitle=Une%20mini-croisi%C3%A8re%20depuis%20Marseille%20peut%20%C3%AAtre%20une%20escapade%20courte%20et%20organis%C3%A9e.%20%F0%9F%92%A1%20Ce%20guide%20explique%20les%20itin%C3%A9raires%2C%20cabines%2C%20services%20%C3%A0%20bord%20et%20conseils%20de%20planification.,,,,t5qb6v.grxvlqsxz.com,,1,,video_preview,creatives/orbitpeek.com/1395191702480949.jpg,,https://video-ord5-2.xx.fbcdn.net/o1/v/t2/f2/m366/AQPbLqkPQKltMMP3jCoHrQmmJGv1UziY_Tmy4WwcPBB56IsOuo7MflV7IyjX6Da8I2M-7FQFRYtBMENttutTAG9_XC-S6KG0CewhlscmjwNgvw.mp4?_nc_cat=103&_nc_sid=b66105&_nc_ht=video-ord5-2.xx.fbcdn.net&_nc_ohc=am-6QfMmboAQ7kNvwGrre1K&efg=eyJ2ZW5jb2RlX3RhZyI6Inhwdl9wcm9ncmVzc2l2ZS5WSV9VU0VDQVNFX1BST0RVQ1RfVFlQRS4uQzMuNzIwLmRhc2hfaDI2NC1iYXNpYy1nZW4yXzcyMHAiLCJ4cHZfYXNzZXRfaWQiOjk3MjY1NDk2ODk0MDA1OCwiYXNzZXRfYWdlX2RheXMiOjg0LCJ2aV91c2VjYXNlX2lkIjoxMDEzOSwiZHVyYXRpb25fcyI6OCwidXJsZ2VuX3NvdXJjZSI6Ind3dyJ9&ccb=17-1&vs=c36211bf68b6e92c&_nc_vs=HBksFQIYRWZiX2VwaGVtZXJhbC9ENDQ2QTk3NkQwQTU4Rjg3OUQ5NTc0QTdGRDM2RTc4Rl9tdF8xX3ZpZGVvX2Rhc2hpbml0Lm1wNBUAAsgBEgAVAhhAZmJfcGVybWFuZW50L0M4NDI1MDlGRjQxQzcwRTE0RkZCQzBDMDJBNzk1ODg4X2F1ZGlvX2Rhc2hpbml0Lm1wNBUCAsgBEgAoABgAGwKIB3VzZV9vaWwBMRJwcm9ncmVzc2l2ZV9yZWNpcGUBMRUAACa0mM2e_Ke6AxUCKAJDMywXQCAAAAAAAAAYGWRhc2hfaDI2NC1iYXNpYy1nZW4yXzcyMHARAHUAZbaeAQA&_nc_gid=kOGtjlYOKwOcMNkrhuOIJw&_nc_ss=70289&_nc_zt=28&oh=00_AQKo7_n9AT9U-mtQK6JGVNb744UNe0wEJU0ttoGfjIwjow&oe=6AB9575D,мини-круиз из Марселя,https://www.facebook.com/ads/library/?id=1395191702480949,yes
1530387881963682,orbitpeek.com,товарка,товарка,ES,74,DriveMates,yes,2026-07-10,2026-09-22,"FACEBOOK,INSTAGRAM,MESSENGER",VIDEO,¿Quieres entender cómo funciona el renting de coche para jubilados y cuándo es sin pago inicial? 🔎 Conoce más sobre renting de coche para jubilados sin pago inicial: guía.,Guía de renting para jubilados 🚗,,Learn more,,https://orbitpeek.com/es/articles/renting-de-coche-para-jubilados-sin-pago-inicial-guia-practica?dest=M3ZkMDY1LmdyeHZscXN4ei5jb20=&network=facebook&site=direct&ad_id={{ad.id}}&dpco=1&subid2=facebook&subid3=4652347_FBTR_Tonic_CarLeaseTop0607HMT_ES2071&campaign_name=4652347_FBTR_Tonic_CarLeaseTop0607HMT_ES2071&adtitle=%C2%BFQuieres%20entender%20c%C3%B3mo%20funciona%20el%20renting%20de%20coche%20para%20jubilados%20y%20cu%C3%A1ndo%20es%20sin%20pago%20inicial%3F%20%F0%9F%94%8E%20Conoce%20m%C3%A1s%20sobre%20renting%20de%20coche%20para%20jubilados%20sin%20pago%20inicial%3A%20gu%C3%ADa.,https://orbitpeek.com/es/articles/renting-de-coche-para-jubilados-sin-pago-inicial-guia-practica?dest=M3ZkMDY1LmdyeHZscXN4ei5jb20=&network=facebook&site=direct&ad_id={{ad.id}}&dpco=1&subid2=facebook&subid3=4652347_FBTR_Tonic_CarLeaseTop0607HMT_ES2071&campaign_name=4652347_FBTR_Tonic_CarLeaseTop0607HMT_ES2071&adtitle=%C2%BFQuieres%20entender%20c%C3%B3mo%20funciona%20el%20renting%20de%20coche%20para%20jubilados%20y%20cu%C3%A1ndo%20es%20sin%20pago%20inicial%3F%20%F0%9F%94%8E%20Conoce%20m%C3%A1s%20sobre%20renting%20de%20coche%20para%20jubilados%20sin%20pago%20inicial%3A%20gu%C3%ADa.,,,,3vd065.grxvlqsxz.com,,2 (дубль 30.08),,video_preview,creatives/orbitpeek.com/1530387881963682.jpg,,https://video-ord5-2.xx.fbcdn.net/o1/v/t2/f2/m366/AQPF47FjamRhPXjq323dyjR_MBHh1X5ZCu8m7unTg_Y_13sZTcEi65zoDa6XLeFXOToH9-9IVCazCXpV5KQ9EGGBkibwtWg4bPohMtk_onpjcQ.mp4?_nc_cat=102&_nc_sid=b66105&_nc_ht=video-ord5-2.xx.fbcdn.net&_nc_ohc=gQ3Y0zgygPQQ7kNvwGFIN7-&efg=eyJ2ZW5jb2RlX3RhZyI6Inhwdl9wcm9ncmVzc2l2ZS5WSV9VU0VDQVNFX1BST0RVQ1RfVFlQRS4uQzMuNzIwLmRhc2hfaDI2NC1iYXNpYy1nZW4yXzcyMHAiLCJ4cHZfYXNzZXRfaWQiOjEwMDgyMTA5NTIwMDEzNDgsImFzc2V0X2FnZV9kYXlzIjo3NiwidmlfdXNlY2FzZV9pZCI6MTAxMzksImR1cmF0aW9uX3MiOjgsInVybGdlbl9zb3VyY2UiOiJ3d3cifQ%3D%3D&ccb=17-1&vs=8589a62d1e4303e5&_nc_vs=HBksFQIYRWZiX2VwaGVtZXJhbC81MTQ2Njk5MjAyRkY1MzI3NUFDRjhFQjFDQjlGRTM5N19tdF8xX3ZpZGVvX2Rhc2hpbml0Lm1wNBUAAsgBEgAVAhhAZmJfcGVybWFuZW50L0YyNEI3M0Q1QkUxOTRFODA5Q0YwRkNEOUJEQkUzRUI2X2F1ZGlvX2Rhc2hpbml0Lm1wNBUCAsgBEgAoABgAGwKIB3VzZV9vaWwBMRJwcm9ncmVzc2l2ZV9yZWNpcGUBMRUAACaI3bj6zL3KAxUCKAJDMywXQCAAAAAAAAAYGWRhc2hfaDI2NC1iYXNpYy1nZW4yXzcyMHARAHUAZbaeAQA&_nc_gid=D8jdMvTuyG1QBVUkiRJ1Qg&_nc_ss=70289&_nc_zt=28&oh=00_AQKnRFVeB--WHcxAMFDchDXkalOkQcm8KHmJpDnbLMbKCg&oe=6AB943B6,рентинг авто для пенсионеров без первого взноса,https://www.facebook.com/ads/library/?id=1530387881963682,yes
25930179830012816,orbitpeek.com,товарка,товарка,ES,74,DriveMates,yes,2026-08-30,2026-09-22,"FACEBOOK,INSTAGRAM,MESSENGER",IMAGE,¿Quieres entender cómo funciona el renting de coche para jubilados y cuándo es sin pago inicial? 🔎 Conoce más sobre renting de coche para jubilados sin pago inicial: guía.,Guía de renting para jubilados 🚗,Cada vez más jubilados en España optan por el renting de coche sin pago inicial como alternativa a la compra tradicional. Este modelo facilita el acceso...,Learn more,,https://orbitpeek.com/es/articles/renting-de-coche-para-jubilados-sin-pago-inicial-guia-practica?dest=M3ZkMDY1LmdyeHZscXN4ei5jb20=&network=facebook&site=direct&ad_id={{ad.id}}&dpco=1&subid2=facebook&subid3=4652347_FBTR_Tonic_CarLeaseLCdna_ES2071&campaign_name=4652347_FBTR_Tonic_CarLeaseLCdna_ES2071&adtitle=%C2%BFQuieres%20entender%20c%C3%B3mo%20funciona%20el%20renting%20de%20coche%20para%20jubilados%20y%20cu%C3%A1ndo%20es%20sin%20pago%20inicial%3F%20%F0%9F%94%8E%20Conoce%20m%C3%A1s%20sobre%20renting%20de%20coche%20para%20jubilados%20sin%20pago%20inicial%3A%20gu%C3%ADa.,https://orbitpeek.com/es/articles/renting-de-coche-para-jubilados-sin-pago-inicial-guia-practica?dest=M3ZkMDY1LmdyeHZscXN4ei5jb20=&network=facebook&site=direct&ad_id={{ad.id}}&dpco=1&subid2=facebook&subid3=4652347_FBTR_Tonic_CarLeaseLCdna_ES2071&campaign_name=4652347_FBTR_Tonic_CarLeaseLCdna_ES2071&adtitle=%C2%BFQuieres%20entender%20c%C3%B3mo%20funciona%20el%20renting%20de%20coche%20para%20jubilados%20y%20cu%C3%A1ndo%20es%20sin%20pago%20inicial%3F%20%F0%9F%94%8E%20Conoce%20m%C3%A1s%20sobre%20renting%20de%20coche%20para%20jubilados%20sin%20pago%20inicial%3A%20gu%C3%ADa.,,,,3vd065.grxvlqsxz.com,,2 (дубль 30.08),,image,creatives/orbitpeek.com/25930179830012816.jpg,,,рентинг авто для пенсионеров без первого взноса,https://www.facebook.com/ads/library/?id=25930179830012816,yes
1339350368285197,therocketsscience.com,обучение,обучение,"EN, низкий охват",72,Study Guide ,yes,2026-07-12,2026-09-13,"FACEBOOK,INSTAGRAM,MESSENGER",IMAGE,Read about the types of community projects and activities volunteers may join.,"Learn more about program options, locations, and participation requirements.",,Learn more,,https://therocketsscience.com/asrsearch?source=facebook&pixel_id=643582031474969&search=summer-volunteering-spain-guide-2026-vuh-2aed64&account_id=1038570494767393&cid=ch32504+ch32594&ad_id={{ad.id}}&adset_id={{adset.id}}&campaign_id={{campaign.id}},https://therocketsscience.com/asrsearch?source=facebook&pixel_id=643582031474969&search=summer-volunteering-spain-guide-2026-vuh-2aed64&account_id=1038570494767393&cid=ch32504+ch32594&ad_id={{ad.id}}&adset_id={{adset.id}}&campaign_id={{campaign.id}},summer-volunteering-spain-guide-2026-vuh-2aed64,,,,,1,,image,creatives/therocketsscience.com/1339350368285197.jpg,,,волонтёрские проекты — как принять участие,https://www.facebook.com/ads/library/?id=1339350368285197,yes
1047718351027941,orbitpeek.com,недвижимость,недвижимость,BE (французский),70,Home Choices Insights,yes,2026-07-14,2026-09-22,"FACEBOOK,INSTAGRAM,MESSENGER",IMAGE,Un seul salaire et un projet immobilier ? Ce guide explique quelles options peuvent exister en Belgique.,Acheter une maison avec un seul salaire en Belgique 🏡,"Acheter avec un seul salaire peut être plus difficile, car les prêteurs et vendeurs examinent souvent les revenus, les charges, l’apport et la stabilité...",Learn more,,https://orbitpeek.com/fr/articles/acheter-une-maison-avec-un-seul-salaire-en-belgique-quelles-options-existent?dest=NnQ1djU3LmdyeHZscXN4ei5jb20=&network=facebook&site=direct&ad_id={{ad.id}}&dpco=1&subid2=facebook&subid3=4743019_FBTR_Tonic_HomeOwnHMT1007-2_BE2404&campaign_name=4743019_FBTR_Tonic_HomeOwnHMT1007-2_BE2404&adtitle=Un%20seul%20salaire%20et%20un%20projet%20immobilier%20%3F%20Ce%20guide%20explique%20quelles%20options%20peuvent%20exister%20en%20Belgique.,https://orbitpeek.com/fr/articles/acheter-une-maison-avec-un-seul-salaire-en-belgique-quelles-options-existent?dest=NnQ1djU3LmdyeHZscXN4ei5jb20=&network=facebook&site=direct&ad_id={{ad.id}}&dpco=1&subid2=facebook&subid3=4743019_FBTR_Tonic_HomeOwnHMT1007-2_BE2404&campaign_name=4743019_FBTR_Tonic_HomeOwnHMT1007-2_BE2404&adtitle=Un%20seul%20salaire%20et%20un%20projet%20immobilier%20%3F%20Ce%20guide%20explique%20quelles%20options%20peuvent%20exister%20en%20Belgique.,,,,6t5v57.grxvlqsxz.com,,3 (тег FB “3 ads use this creative and text”),,image,creatives/orbitpeek.com/1047718351027941.jpg,,,покупка жилья на одну зарплату в Бельгии,https://www.facebook.com/ads/library/?id=1047718351027941,yes
2087416525464236,orbitpeek.com,товарка,товарка,ES,70,Road Ready Solutions,yes,2026-07-14,2026-09-22,"FACEBOOK,INSTAGRAM,MESSENGER,THREADS",VIDEO,"Los coches baratos de segunda mano pueden ser útiles, pero conviene revisar bien su estado. 💡 Esta guía explica documentación, kilometraje, reparaciones y costes posibles.",Coches baratos de segunda mano,,Learn more,,https://orbitpeek.com/es/articles/coches-segunda-mano-baratos-de-1000-a-4000-merecen-la-pena-336cba?dest=NjV3bjBtLmdyeHZscXN4ei5jb20=&network=facebook&site=direct&ad_id={{ad.id}}&dpco=1&subid2=facebook&subid3=5055633_FBTR_Tonic_AutomotiveTop0607LC_ES3036&campaign_name=5055633_FBTR_Tonic_AutomotiveTop0607LC_ES3036&adtitle=Los%20coches%20baratos%20de%20segunda%20mano%20pueden%20ser%20%C3%BAtiles%2C%20pero%20conviene%20revisar%20bien%20su%20estado.%20%F0%9F%92%A1%20Esta%20gu%C3%ADa%20explica%20documentaci%C3%B3n%2C%20kilometraje%2C%20reparaciones%20y%20costes%20posibles.,https://orbitpeek.com/es/articles/coches-segunda-mano-baratos-de-1000-a-4000-merecen-la-pena-336cba?dest=NjV3bjBtLmdyeHZscXN4ei5jb20=&network=facebook&site=direct&ad_id={{ad.id}}&dpco=1&subid2=facebook&subid3=5055633_FBTR_Tonic_AutomotiveTop0607LC_ES3036&campaign_name=5055633_FBTR_Tonic_AutomotiveTop0607LC_ES3036&adtitle=Los%20coches%20baratos%20de%20segunda%20mano%20pueden%20ser%20%C3%BAtiles%2C%20pero%20conviene%20revisar%20bien%20su%20estado.%20%F0%9F%92%A1%20Esta%20gu%C3%ADa%20explica%20documentaci%C3%B3n%2C%20kilometraje%2C%20reparaciones%20y%20costes%20posibles.,,,,65wn0m.grxvlqsxz.com,,1,,video_preview,creatives/orbitpeek.com/2087416525464236.jpg,,https://video-ord5-1.xx.fbcdn.net/o1/v/t2/f2/m366/AQM_0bic86NkHCEobo47QnaiyeQ-6CFSB_Fny_CtDEjA_kk4lJ8V5RMlwVTh1RbpI9ZPA0olyV24M1mj6y28bjD5luaI4IuIgHczlrOYew-dfQ.mp4?_nc_cat=108&_nc_sid=b66105&_nc_ht=video-ord5-1.xx.fbcdn.net&_nc_ohc=h8jkUCNmbN8Q7kNvwEOVyMn&efg=eyJ2ZW5jb2RlX3RhZyI6Inhwdl9wcm9ncmVzc2l2ZS5WSV9VU0VDQVNFX1BST0RVQ1RfVFlQRS4uQzMuNzIwLmRhc2hfaDI2NC1iYXNpYy1nZW4yXzcyMHAiLCJ4cHZfYXNzZXRfaWQiOjE1NzQ5Nzk5Njc1NTMxMTUsImFzc2V0X2FnZV9kYXlzIjo3OCwidmlfdXNlY2FzZV9pZCI6MTAxMzksImR1cmF0aW9uX3MiOjgsInVybGdlbl9zb3VyY2UiOiJ3d3cifQ%3D%3D&ccb=17-1&vs=5d0e21bd28959111&_nc_vs=HBksFQIYRWZiX2VwaGVtZXJhbC9FOTQ5MTQxREY5NTU3MDdGRDI4QzA0MzQzNkZBNTc5N19tdF8xX3ZpZGVvX2Rhc2hpbml0Lm1wNBUAAsgBEgAVAhhAZmJfcGVybWFuZW50LzYxNDc2OTUwMTI5NzQ3NUM4NTU0QjkzODAxQURGNUJCX2F1ZGlvX2Rhc2hpbml0Lm1wNBUCAsgBEgAoABgAGwKIB3VzZV9vaWwBMRJwcm9ncmVzc2l2ZV9yZWNpcGUBMRUAACa2ufSX85vMBRUCKAJDMywXQCAAAAAAAAAYGWRhc2hfaDI2NC1iYXNpYy1nZW4yXzcyMHARAHUAZbaeAQA&_nc_gid=nIxl67W7w67bAyYF_INloA&_nc_ss=70289&_nc_zt=28&oh=00_AQJwzYMP9BEq_TgbaRhkHrZfmK1PNLEVvb7Vxjo7cxoWpw&oe=6AB9493C,дешёвые б/у авто — на что смотреть,https://www.facebook.com/ads/library/?id=2087416525464236,yes
1017096417737131,orbitpeek.com,недвижимость,недвижимость,BR,69,Home Choices Insights,yes,2026-07-15,2026-09-22,"FACEBOOK,INSTAGRAM,MESSENGER",IMAGE,Quer morar em um condomínio para idosos? 🤔 Saiba mais sobre como funcionam e quanto custam (guia).,Saiba mais sobre condomínios para idosos: como funcionam e custos 🏘️,"Condomínios para idosos no Brasil são estruturados para oferecer moradia e serviços adaptados, com valores variados conforme região e oferta. Este guia...",Learn more,,https://orbitpeek.com/pt/articles/quero-morar-em-um-condominio-para-idosos-como-funcionam-e-quanto-custam-guia?dest=ZHA5OTA2LmdyeHZscXN4ei5jb20=&network=facebook&site=direct&ad_id={{ad.id}}&dpco=1&subid2=facebook&subid3=4192601_FBTR_Tonic_SeniorLivingHMT1307-2_BR1423&campaign_name=4192601_FBTR_Tonic_SeniorLivingHMT1307-2_BR1423&adtitle=Quer%20morar%20em%20um%20condom%C3%ADnio%20para%20idosos%3F%20%F0%9F%A4%94%20Saiba%20mais%20sobre%20como%20funcionam%20e%20quanto%20custam%20%28guia%29.,https://orbitpeek.com/pt/articles/quero-morar-em-um-condominio-para-idosos-como-funcionam-e-quanto-custam-guia?dest=ZHA5OTA2LmdyeHZscXN4ei5jb20=&network=facebook&site=direct&ad_id={{ad.id}}&dpco=1&subid2=facebook&subid3=4192601_FBTR_Tonic_SeniorLivingHMT1307-2_BR1423&campaign_name=4192601_FBTR_Tonic_SeniorLivingHMT1307-2_BR1423&adtitle=Quer%20morar%20em%20um%20condom%C3%ADnio%20para%20idosos%3F%20%F0%9F%A4%94%20Saiba%20mais%20sobre%20como%20funcionam%20e%20quanto%20custam%20%28guia%29.,,,,dp9906.grxvlqsxz.com,,1,,image,creatives/orbitpeek.com/1017096417737131.jpg,,,кондоминиумы для пожилых в Бразилии — как это работает,https://www.facebook.com/ads/library/?id=1017096417737131,yes
2120353778831955,findtopresults.com,товарка,товарка,US,66,Trend Master Pro,yes,2026-07-21,2026-09-22,"FACEBOOK,INSTAGRAM,AUDIENCE_NETWORK,MESSENGER,THREADS",IMAGE,Costco Is Clearing Out These Bridgestone Tires Read More,Costco Is Clearing Out These Bridgestone Tires Read More,Learn More,Learn more,,https://findtopresults.com/get-the-best-deals-bridgestone-tires-on-clearance-at-costco/?p=costco-is-clearing-out-these-bridgestone-tires&campaignid={{campaign.id}}&adsetid={{adset.id}}&adtitle=Costco Is Clearing Out These Bridgestone Tires Read More,https://findtopresults.com/get-the-best-deals-bridgestone-tires-on-clearance-at-costco/?p=costco-is-clearing-out-these-bridgestone-tires&campaignid={{campaign.id}}&adsetid={{adset.id}}&adtitle=Costco Is Clearing Out These Bridgestone Tires Read More,,,,,,2,,image,creatives/findtopresults.com/2120353778831955.jpg,,,,https://www.facebook.com/ads/library/?id=2120353778831955,yes
5495766863980760,findtopresults.com,товарка,товарка,US,66,Trend Master Pro,yes,2026-07-21,2026-09-22,"FACEBOOK,INSTAGRAM,AUDIENCE_NETWORK,MESSENGER,THREADS",IMAGE,Costco Is Clearing Out These Bridgestone Tires Read More,Costco Is Clearing Out These Bridgestone Tires Read More,Learn More,Learn more,,https://findtopresults.com/get-the-best-deals-bridgestone-tires-on-clearance-at-costco/?p=costco-is-clearing-out-these-bridgestone-tires&campaignid={{campaign.id}}&adsetid={{adset.id}}&adtitle=Costco Is Clearing Out These Bridgestone Tires Read More,https://findtopresults.com/get-the-best-deals-bridgestone-tires-on-clearance-at-costco/?p=costco-is-clearing-out-these-bridgestone-tires&campaignid={{campaign.id}}&adsetid={{adset.id}}&adtitle=Costco Is Clearing Out These Bridgestone Tires Read More,,,,,,2,,image,creatives/findtopresults.com/5495766863980760.jpg,,,,https://www.facebook.com/ads/library/?id=5495766863980760,yes
977140755284801,findtopresults.com,товарка,товарка,US,66,Trend Finder,yes,2026-07-21,2026-09-22,"FACEBOOK,INSTAGRAM,AUDIENCE_NETWORK,MESSENGER,THREADS",IMAGE,Juegos De 4 Llantas Michelin En Costco ver guia,Juegos De 4 Llantas Michelin En Costco ver guia,Learn More,Learn more,,https://findtopresults.com/descubre-ofertas-exclusivas-en-juegos-de-4-llantas-michelin-en-costco/?p=juegos-de-4-llantas-michelin-en-costco&campaignid={{campaign.id}}&adsetid={{adset.id}}&adtitle=Juegos De 4 Llantas Michelin En Costco Ver Guía >>,https://findtopresults.com/descubre-ofertas-exclusivas-en-juegos-de-4-llantas-michelin-en-costco/?p=juegos-de-4-llantas-michelin-en-costco&campaignid={{campaign.id}}&adsetid={{adset.id}}&adtitle=Juegos De 4 Llantas Michelin En Costco Ver Guía >>,,,,,,1,,image,creatives/findtopresults.com/977140755284801.jpg,,,,https://www.facebook.com/ads/library/?id=977140755284801,yes
2035184070463672,findtopresults.com,товарка,товарка,US,66,Instant Updatess,yes,2026-07-21,2026-09-22,"FACEBOOK,INSTAGRAM,AUDIENCE_NETWORK,MESSENGER,THREADS",IMAGE,Sam’s Club Is Clearing Out BFGoodrich Tires Read More,Sam’s Club Is Clearing Out BFGoodrich Tires Read More,Learn More,Learn more,,https://findtopresults.com/discover-incredible-savings-as-sams-club-clears-out-bfgoodrich-tires/?p=sam’s-club-is-clearing-out-bfgoodrich-tires&campaignid={{campaign.id}}&adsetid={{adset.id}}&adtitle=Sam’s Club Is Clearing Out BFGoodrich Tires Read More,https://findtopresults.com/discover-incredible-savings-as-sams-club-clears-out-bfgoodrich-tires/?p=sam’s-club-is-clearing-out-bfgoodrich-tires&campaignid={{campaign.id}}&adsetid={{adset.id}}&adtitle=Sam’s Club Is Clearing Out BFGoodrich Tires Read More,,,,,,1,,image,creatives/findtopresults.com/2035184070463672.jpg,,,,https://www.facebook.com/ads/library/?id=2035184070463672,yes
1025683730362642,findtopresults.com,товарка,товарка,US,65,What's Trending,yes,2026-07-22,2026-09-22,"FACEBOOK,INSTAGRAM,AUDIENCE_NETWORK,MESSENGER,WHATSAPP,THREADS",IMAGE,Amazon is Clearing Out These Bridgestone Tire: A Guide to Useful Information. Learn More,"Amazon Is Clearing Out These Bridgestone Tires: Automotive Tire Deals, Driving Essentials Guide",Learn More,Learn more,,"https://findtopresults.com/discover-great-savings-on-bridgestone-tires-essential-guide-to-driving-deals/?p=amazon-is-clearing-out-these-bridgestone-tires:-automotive-tire-deals,-driving-essentials-guide&campaignid={{campaign.id}}&adsetid={{adset.id}}&adtitle=Learn About Amazon Is Clearing Out These Bridgestone Tires: Automotive Tire Deals, Driving Essentials Guide Learn More","https://findtopresults.com/discover-great-savings-on-bridgestone-tires-essential-guide-to-driving-deals/?p=amazon-is-clearing-out-these-bridgestone-tires:-automotive-tire-deals,-driving-essentials-guide&campaignid={{campaign.id}}&adsetid={{adset.id}}&adtitle=Learn About Amazon Is Clearing Out These Bridgestone Tires: Automotive Tire Deals, Driving Essentials Guide Learn More",,,,,,1,,image,creatives/findtopresults.com/1025683730362642.jpg,,,,https://www.facebook.com/ads/library/?id=1025683730362642,yes
1081849000832107,findtopresults.com,товарка,товарка,US,63,Explore Now →,yes,2026-07-24,2026-09-22,"FACEBOOK,INSTAGRAM,AUDIENCE_NETWORK,MESSENGER,WHATSAPP,THREADS",IMAGE,A Guide To Costco Set Of 4 Tire Offers Learn More,A Guide To Costco Set Of 4 Tire Offers Learn More,Learn More,Learn more,,https://findtopresults.com/discover-the-value-of-costcos-set-of-4-tire-deals/?p=costco-set-of-4-tire-offers&campaignid={{campaign.id}}&adsetid={{adset.id}}&adtitle=A Guide To Costco Set Of 4 Tire Offers Learn More,https://findtopresults.com/discover-the-value-of-costcos-set-of-4-tire-deals/?p=costco-set-of-4-tire-offers&campaignid={{campaign.id}}&adsetid={{adset.id}}&adtitle=A Guide To Costco Set Of 4 Tire Offers Learn More,,,,,,1,,image,creatives/findtopresults.com/1081849000832107.jpg,,,гид по комплектам из 4 шин в Costco,https://www.facebook.com/ads/library/?id=1081849000832107,yes
1351836987067134,finaax.com,товарка,товарка,US (по теме),61,Info Guru,yes,2026-07-23,2026-09-22,"FACEBOOK,INSTAGRAM,MESSENGER,THREADS",CAROUSEL,Police Impound Bicycles- learn more,Info Guru,,Learn more,,https://www.finaax.com/dsr?q=buying+police+impound+bicycles&asid={{adset.id}}&rac=read+about+buying+police+impound+bicycles+Police+Impound+Bicycles-+learn+more+Police+Impound+Bicycles-+learn+more&pub=FB&locale=en_US&ad_id={{ad.id}}&fbid=770362708325979&fbland=PageView&fbserp=ViewContent&fbclick=AddToCart,https://www.finaax.com/dsr?q=buying+police+impound+bicycles&asid={{adset.id}}&rac=read+about+buying+police+impound+bicycles+Police+Impound+Bicycles-+learn+more+Police+Impound+Bicycles-+learn+more&pub=FB&locale=en_US&ad_id={{ad.id}}&fbid=770362708325979&fbland=PageView&fbserp=ViewContent&fbclick=AddToCart,buying police impound bicycles,read about buying police impound bicycles Police Impound Bicycles- learn more Police Impound Bicycles- learn more,,,,5 (визуально),,image,creatives/finaax.com/1351836987067134.jpg,creatives/finaax.com/1351836987067134_2.jpg;creatives/finaax.com/1351836987067134_3.jpg;creatives/finaax.com/1351836987067134_4.jpg;creatives/finaax.com/1351836987067134_5.jpg,,покупка велосипедов с полицейских аукционов,https://www.facebook.com/ads/library/?id=1351836987067134,yes
1041168881841377,finaax.com,товарка,товарка,US,61,Next Deals ,yes,2026-07-23,2026-09-22,"FACEBOOK,INSTAGRAM,AUDIENCE_NETWORK,MESSENGER,THREADS",CAROUSEL,Police Impound Sprinter Van- learn more,Next Deals,,Learn more,,https://www.finaax.com/dsr?q=police+impound+Sprinter+Van&asid={{adset.id}}&rac=read+about+police+impound+Sprinter+Van+Police+Impound+Sprinter+Van-+learn+more+Police+Impound+Sprinter+Van-+learn+more&pub=FB&locale=en_US&ad_id={{ad.id}}&fbid=770362708325979&fbland=PageView&fbserp=ViewContent&fbclick=AddToCart,https://www.finaax.com/dsr?q=police+impound+Sprinter+Van&asid={{adset.id}}&rac=read+about+police+impound+Sprinter+Van+Police+Impound+Sprinter+Van-+learn+more+Police+Impound+Sprinter+Van-+learn+more&pub=FB&locale=en_US&ad_id={{ad.id}}&fbid=770362708325979&fbland=PageView&fbserp=ViewContent&fbclick=AddToCart,police impound Sprinter Van,read about police impound Sprinter Van Police Impound Sprinter Van- learn more Police Impound Sprinter Van- learn more,,,,3,,image,creatives/finaax.com/1041168881841377.jpg,creatives/finaax.com/1041168881841377_2.jpg,,покупка микроавтобуса с аукциона полиции,https://www.facebook.com/ads/library/?id=1041168881841377,yes
2159415361288792,findtopresults.com,товарка,товарка,US,57,Shoppers Deals,yes,2026-07-27,2026-09-22,"FACEBOOK,INSTAGRAM,AUDIENCE_NETWORK,MESSENGER,WHATSAPP,THREADS",IMAGE,Costco Car Deals : Value Guide 2026 Read More,Costco Car Deals : Value Guide 2026 Read More,Learn More,Learn more,,https://findtopresults.com/unlock-exceptional-savings-with-our-2026-costco-car-deals-value-guide/?p=costco-car-deals-:-value-guide-2026&campaignid={{campaign.id}}&adsetid={{adset.id}}&adtitle=Costco Car Deals : Value Guide 2026 Read More,https://findtopresults.com/unlock-exceptional-savings-with-our-2026-costco-car-deals-value-guide/?p=costco-car-deals-:-value-guide-2026&campaignid={{campaign.id}}&adsetid={{adset.id}}&adtitle=Costco Car Deals : Value Guide 2026 Read More,,,,,,1,,image,creatives/findtopresults.com/2159415361288792.jpg,,,гид по ценам на авто через Costco,https://www.facebook.com/ads/library/?id=2159415361288792,yes
1571785034492315,analogaudiohub.com,услуги,услуги,"EN, страна не указана",56,New Horizons Magazine,yes,2026-07-28,2026-09-18,"FACEBOOK,INSTAGRAM,MESSENGER,THREADS",IMAGE,Learn more about Gutter Cleaning Services for Seniors 🏠,Gutter Cleaning Services for Seniors – Learn More,,Learn more,,https://analogaudiohub.com/asrsearch,https://analogaudiohub.com/asrsearch,,,,,,2 (дубль 13.08),,image,creatives/analogaudiohub.com/1571785034492315.jpg,,,чистка водосточных желобов для пожилых,https://www.facebook.com/ads/library/?id=1571785034492315,yes
1064212499290257,analogaudiohub.com,услуги,услуги,"EN, страна не указана",56,New Horizons Magazine,yes,2026-08-13,2026-09-15,"FACEBOOK,INSTAGRAM,MESSENGER,THREADS",IMAGE,Learn more about Gutter Cleaning Services for Seniors 🏠,Gutter Cleaning Services for Seniors – Learn More,,Learn more,,https://analogaudiohub.com/asrsearch,https://analogaudiohub.com/asrsearch,,,,,,2 (дубль 13.08),,image,creatives/analogaudiohub.com/1064212499290257.jpg,,,чистка водосточных желобов для пожилых,https://www.facebook.com/ads/library/?id=1064212499290257,yes
1346939967010382,finaax.com,товарка,товарка,US,56,EduVibe,yes,2026-07-28,2026-09-22,"FACEBOOK,INSTAGRAM,AUDIENCE_NETWORK,MESSENGER,THREADS",CAROUSEL,Police Impound Motorcycles- learn more,EduVibe,,Learn more,,https://www.finaax.com/dsr?q=Police+Impound+Motorcycles-+learn+more&asid={{adset.id}}&rac=read+about+Police+Impound+Motorcycles-+learn+more+Police+Impound+Motorcycles-+learn+more+Police+Impound+Motorcycles-+learn+more&pub=FB&locale=en_US&ad_id={{ad.id}}&fbid=770362708325979&fbland=PageView&fbserp=ViewContent&fbclick=AddToCart,https://www.finaax.com/dsr?q=Police+Impound+Motorcycles-+learn+more&asid={{adset.id}}&rac=read+about+Police+Impound+Motorcycles-+learn+more+Police+Impound+Motorcycles-+learn+more+Police+Impound+Motorcycles-+learn+more&pub=FB&locale=en_US&ad_id={{ad.id}}&fbid=770362708325979&fbland=PageView&fbserp=ViewContent&fbclick=AddToCart,Police Impound Motorcycles- learn more,read about Police Impound Motorcycles- learn more Police Impound Motorcycles- learn more Police Impound Motorcycles- learn more,,,,5,,image,creatives/finaax.com/1346939967010382.jpg,creatives/finaax.com/1346939967010382_2.jpg;creatives/finaax.com/1346939967010382_3.jpg;creatives/finaax.com/1346939967010382_4.jpg;creatives/finaax.com/1346939967010382_5.jpg,,покупка мотоциклов с аукциона полиции,https://www.facebook.com/ads/library/?id=1346939967010382,yes
1036328602484391,findtopresults.com,услуги,услуги,US (Техас),56,Next Option,yes,2026-07-28,2026-09-22,"FACEBOOK,INSTAGRAM,AUDIENCE_NETWORK,MESSENGER,THREADS",IMAGE,Which Electricity Plans In Texas Are The Cheapest In 2026? Read More,Which Electricity Plans In Texas Are The Cheapest In 2026? Read More,Learn More,Learn more,,https://findtopresults.com/discover-the-best-value-electricity-plans-in-texas-for-2026/?p=which-electricity-plans-in-texas-are-the-cheapest-in-2026?&campaignid={{campaign.id}}&adsetid={{adset.id}}&adtitle=Which Electricity Plans In Texas Are The Cheapest In 2026? Read More,https://findtopresults.com/discover-the-best-value-electricity-plans-in-texas-for-2026/?p=which-electricity-plans-in-texas-are-the-cheapest-in-2026?&campaignid={{campaign.id}}&adsetid={{adset.id}}&adtitle=Which Electricity Plans In Texas Are The Cheapest In 2026? Read More,,,,,,1,,image,creatives/findtopresults.com/1036328602484391.jpg,,,,https://www.facebook.com/ads/library/?id=1036328602484391,yes
1362728155191298,findtopresults.com,товарка,товарка,US,55,Shoppers Deals,yes,2026-07-29,2026-09-22,"FACEBOOK,INSTAGRAM,AUDIENCE_NETWORK,MESSENGER,WHATSAPP,THREADS",IMAGE,Which Vehicle Brands Are Available Through Costco Auto Dealers? Find Out More >,Which Vehicle Brands Are Available Through Costco Auto Dealers? Find Out More >,Learn More,Learn more,,https://findtopresults.com/discover-the-range-vehicle-brands-you-can-find-at-costco-auto-dealers/?p=which-vehicle-brands-are-available-through-costco-auto-dealers?&campaignid={{campaign.id}}&adsetid={{adset.id}}&adtitle=Which Vehicle Brands Are Available Through Costco Auto Dealers? Find Out More >,https://findtopresults.com/discover-the-range-vehicle-brands-you-can-find-at-costco-auto-dealers/?p=which-vehicle-brands-are-available-through-costco-auto-dealers?&campaignid={{campaign.id}}&adsetid={{adset.id}}&adtitle=Which Vehicle Brands Are Available Through Costco Auto Dealers? Find Out More >,,,,,,1,,image,creatives/findtopresults.com/1362728155191298.jpg,,,,https://www.facebook.com/ads/library/?id=1362728155191298,yes
1040842968917403,finaax.com,jobs,jobs,EN,54,NovaFluxa - Offers For you,yes,2026-07-30,2026-09-22,"FACEBOOK,INSTAGRAM,MESSENGER",IMAGE,You don’t always need experience to explore offshore jobs. Some roles are open to beginners and can offer a way to learn on the job while getting familiar with the industry.,No Experience? Read Guide About Offshore Work,,Learn more,,https://www.finaax.com/dsr?q=offshore%20jobs%20no%20experience&asid=b7_ch137&de=m&pub=fb&rac=Title%3A%20No%20Experience%3F%20Read%20Guide%20About%20Offshore%20Work%2CBody%3A%20%2Ccreative_texts%3A%20Offshore%20Careers%2CRead%20Full%20Guide%20About%2CExplore%20info%2CRead%20Full%20Guide%20About%2COffshore%20Careers%2CExplore%20info%2COffshore%20Careers%2C%20Read%20Full%20Guide%20About%2C%20Explore%20info%20%3E&sclid=0-25488&tv=ea&locale=en_US&ad_id={{ad.id}},https://www.finaax.com/dsr?q=offshore%20jobs%20no%20experience&asid=b7_ch137&de=m&pub=fb&rac=Title%3A%20No%20Experience%3F%20Read%20Guide%20About%20Offshore%20Work%2CBody%3A%20%2Ccreative_texts%3A%20Offshore%20Careers%2CRead%20Full%20Guide%20About%2CExplore%20info%2CRead%20Full%20Guide%20About%2COffshore%20Careers%2CExplore%20info%2COffshore%20Careers%2C%20Read%20Full%20Guide%20About%2C%20Explore%20info%20%3E&sclid=0-25488&tv=ea&locale=en_US&ad_id={{ad.id}},offshore jobs no experience,"Title: No Experience? Read Guide About Offshore Work,Body: ,creative_texts: Offshore Careers,Read Full Guide About,Explore info,Read Full Guide About,Offshore Careers,Explore info,Offshore Careers, Read Full Guide About, Explore info >",,,,1,,image,creatives/finaax.com/1040842968917403.jpg,,,работа на офшорных платформах без опыта,https://www.facebook.com/ads/library/?id=1040842968917403,yes
4488527828125452,finaax.com,обучение,обучение,EN,47,Wysing - Ideas,yes,2026-08-06,2026-09-22,"FACEBOOK,INSTAGRAM,MESSENGER",IMAGE,🛠️ Discover more about 3 Month Electrician Course|🛠️ Discover more about 3 Month Electrician Course.,Guide to 3 Month Electrician Course,,Learn more,,https://www.finaax.com/dsr?q=guide%20to%203%20month%20electrician%20course&asid=b14_ch202&de=m&pub=fb&rac=Title%3A%20Guide%20to%203%20Month%20Electrician%20Course%2CBody%3A%20%2Ccreative_texts%3A%203%20Month%20Electrician%20Courses%2CRead%20More%20About%2CLearn%20More&sclid=0-25488&tv=ea&locale=en_US&ad_id={{ad.id}},https://www.finaax.com/dsr?q=guide%20to%203%20month%20electrician%20course&asid=b14_ch202&de=m&pub=fb&rac=Title%3A%20Guide%20to%203%20Month%20Electrician%20Course%2CBody%3A%20%2Ccreative_texts%3A%203%20Month%20Electrician%20Courses%2CRead%20More%20About%2CLearn%20More&sclid=0-25488&tv=ea&locale=en_US&ad_id={{ad.id}},guide to 3 month electrician course,"Title: Guide to 3 Month Electrician Course,Body: ,creative_texts: 3 Month Electrician Courses,Read More About,Learn More",,,,2 (тег FB),,image,creatives/finaax.com/4488527828125452.jpg,,,3-месячный курс электрика,https://www.facebook.com/ads/library/?id=4488527828125452,yes
1752305706013935,finaax.com,товарка,товарка,US,47,Next Deals ,yes,2026-08-06,2026-09-22,"FACEBOOK,INSTAGRAM,AUDIENCE_NETWORK,MESSENGER,THREADS",CAROUSEL,🚨 Curious about motorcycle impound procedures and regulations? 🚔 Discover more about police impoundments of motorcycles.,Next Deals,,Learn more,,https://www.finaax.com/dsr?q=Police+Impound+Motorcycles+learn+more&asid={{adset.id}}&rac=read+about+Police+Impound+Motorcycles+learn+more+Explore+More+About+Police+Impound+Motorcycles+%F0%9F%9A%A8+Curious+about+motorcycle+impound+procedures+and+regulations%3F+%F0%9F%9A%94+Discover+more+about+police+impoundments+of+motorcycles.&pub=FB&locale=en_US&ad_id={{ad.id}}&fbid=770362708325979&fbland=PageView&fbserp=ViewContent&fbclick=AddToCart,https://www.finaax.com/dsr?q=Police+Impound+Motorcycles+learn+more&asid={{adset.id}}&rac=read+about+Police+Impound+Motorcycles+learn+more+Explore+More+About+Police+Impound+Motorcycles+%F0%9F%9A%A8+Curious+about+motorcycle+impound+procedures+and+regulations%3F+%F0%9F%9A%94+Discover+more+about+police+impoundments+of+motorcycles.&pub=FB&locale=en_US&ad_id={{ad.id}}&fbid=770362708325979&fbland=PageView&fbserp=ViewContent&fbclick=AddToCart,Police Impound Motorcycles learn more,read about Police Impound Motorcycles learn more Explore More About Police Impound Motorcycles 🚨 Curious about motorcycle impound procedures and regulations? 🚔 Discover more about police impoundments of motorcycles.,,,,5,,image,creatives/finaax.com/1752305706013935.jpg,creatives/finaax.com/1752305706013935_2.jpg;creatives/finaax.com/1752305706013935_3.jpg;creatives/finaax.com/1752305706013935_4.jpg;creatives/finaax.com/1752305706013935_5.jpg,,правила аукционов изъятых мотоциклов,https://www.facebook.com/ads/library/?id=1752305706013935,yes
1379646203585830,mindgenpro.com,товарка,товарка,ES,40,Info Pulse,yes,2026-08-13,2026-09-22,"FACEBOOK,INSTAGRAM",VIDEO,🚙💰🤝 Obtén información sobre posibles formas de encontrar una camioneta usada cuando el presupuesto es limitado.,Necesito una Camioneta Usada pero Tengo Poco Presupuesto: ¿Qué Alternativas Podría Valorar? (Guía) – Más Información,,Learn more,,https://www.mindgenpro.com/dsr?&ad_id=%7B%7Bad.id%7D%7D&asid=bk_ch741&ctid=krd-8e4f972d&de=m&pub=fb&q=Necesito%20una%20camioneta%20usada%20pero%20tengo%20poco%20presupuesto%3A%20%C2%BFQu%C3%A9%20alternativas%20podr%C3%ADa%20valorar%3F%20%28Gu%C3%ADa%29&rac=Get%20Insights%20On%20Necesito%20una%20camioneta%20usada%20pero%20tengo%20poco%20presupuesto%3A%20%C2%BFQu%C3%A9%20alternativas%20podr%C3%ADa%20valorar%3F%20%28Gu%C3%ADa%29&terms=&tv=dark&locale=es_MX,https://www.mindgenpro.com/dsr?&ad_id=%7B%7Bad.id%7D%7D&asid=bk_ch741&ctid=krd-8e4f972d&de=m&pub=fb&q=Necesito%20una%20camioneta%20usada%20pero%20tengo%20poco%20presupuesto%3A%20%C2%BFQu%C3%A9%20alternativas%20podr%C3%ADa%20valorar%3F%20%28Gu%C3%ADa%29&rac=Get%20Insights%20On%20Necesito%20una%20camioneta%20usada%20pero%20tengo%20poco%20presupuesto%3A%20%C2%BFQu%C3%A9%20alternativas%20podr%C3%ADa%20valorar%3F%20%28Gu%C3%ADa%29&terms=&tv=dark&locale=es_MX,Necesito una camioneta usada pero tengo poco presupuesto: ¿Qué alternativas podría valorar? (Guía),Get Insights On Necesito una camioneta usada pero tengo poco presupuesto: ¿Qué alternativas podría valorar? (Guía),,,,1,,video_preview,creatives/mindgenpro.com/1379646203585830.jpg,,https://video-ord5-1.xx.fbcdn.net/o1/v/t2/f2/m366/AQOMnsXX99FJoQ9rIdG5Y_zhsJ1jRZipZpf6ZM61xr8FHY3NMjWiw1asevOTuv741TuCB26otxfpRY03Rfda1-K_4liyPOMPOpe_dJrjsWK9uA.mp4?_nc_cat=108&_nc_sid=b66105&_nc_ht=video-ord5-1.xx.fbcdn.net&_nc_ohc=59zYJREvjmoQ7kNvwG-eCVt&efg=eyJ2ZW5jb2RlX3RhZyI6Inhwdl9wcm9ncmVzc2l2ZS5WSV9VU0VDQVNFX1BST0RVQ1RfVFlQRS4uQzMuNzIwLmRhc2hfaDI2NC1iYXNpYy1nZW4yXzcyMHAiLCJ4cHZfYXNzZXRfaWQiOjE5MjI5Mjg5MDgzNzk4NDMsImFzc2V0X2FnZV9kYXlzIjo0MiwidmlfdXNlY2FzZV9pZCI6MTAxMzksImR1cmF0aW9uX3MiOjE1LCJ1cmxnZW5fc291cmNlIjoid3d3In0%3D&ccb=17-1&vs=3e69f9de97ab98b7&_nc_vs=HBksFQIYRWZiX2VwaGVtZXJhbC81MTQ3RjA4MTk5RkI3NkE1NzAwOTIzNDE1ODg5NkZBOF9tdF8xX3ZpZGVvX2Rhc2hpbml0Lm1wNBUAAsgBEgAVAhhAZmJfcGVybWFuZW50L0E0NDM2RDE2QTMxNzUxNDNBQTg4QTQ0Rjc2M0I5MzhEX2F1ZGlvX2Rhc2hpbml0Lm1wNBUCAsgBEgAoABgAGwKIB3VzZV9vaWwBMRJwcm9ncmVzc2l2ZV9yZWNpcGUBMRUAACaGm5nomLnqBhUCKAJDMywXQC4hysCDEm8YGWRhc2hfaDI2NC1iYXNpYy1nZW4yXzcyMHARAHUAZbaeAQA&_nc_gid=4zkg3nVFjr4g9OJ87tZXOg&_nc_ss=70289&_nc_zt=28&oh=00_AQJ2Lf5Jtc_kpJr_Op9fFYShYIgOMobeOg_tv1CZ8ezeSA&oe=6AB959D0,б/у фургон при малом бюджете,https://www.facebook.com/ads/library/?id=1379646203585830,yes
1586028169641436,thinkknoll.com,финансы,финансы,австралийский рынок (по теме),39,Witt Dwayne,yes,2026-08-14,2026-09-22,"FACEBOOK,INSTAGRAM,AUDIENCE_NETWORK,MESSENGER,THREADS",IMAGE,,Pension Loans in Australia for 2026: How Much Can You Borrow? What Key Things Do You Need to Know in Advance?,Can a retired person secure a loan using only their pension income? This is a question increasingly asked by Australian seniors who need extra financial...,See details,,https://thinkknoll.com/en/articles/pension-loans-in-australia-for-2026-how-much-can-you-borrow-what-key-things-do-you-need-to-know-in-advance?dest=a3ZzMHJ6LmZqa3J3anR4ZGxmc2tmLmNvbQ==&dpco=1&subid1={{clickid}}&subid2={{ad.id}}&subid3={{campaign.id}}&ad_id={{ad.id}}&network=facebook&site=direct&adtitle=How much can I borrow if I have a pension?,https://thinkknoll.com/en/articles/pension-loans-in-australia-for-2026-how-much-can-you-borrow-what-key-things-do-you-need-to-know-in-advance?dest=a3ZzMHJ6LmZqa3J3anR4ZGxmc2tmLmNvbQ==&dpco=1&subid1={{clickid}}&subid2={{ad.id}}&subid3={{campaign.id}}&ad_id={{ad.id}}&network=facebook&site=direct&adtitle=How much can I borrow if I have a pension?,,,,kvs0rz.fjkrwjtxdlfskf.com,,2,,image,creatives/thinkknoll.com/1586028169641436.jpg,,,кредиты под пенсию для австралийцев,https://www.facebook.com/ads/library/?id=1586028169641436,yes
1449598790344054,thinkknoll.com,финансы,финансы,австралийский рынок (по теме),39,Witt Dwayne,yes,2026-08-14,2026-09-21,"FACEBOOK,INSTAGRAM,AUDIENCE_NETWORK,MESSENGER,THREADS",IMAGE,,Pension Loans in Australia for 2026: How Much Can You Borrow? What Key Things Do You Need to Know in Advance?,Can a retired person secure a loan using only their pension income? This is a question increasingly asked by Australian seniors who need extra financial...,See details,,https://thinkknoll.com/en/articles/pension-loans-in-australia-for-2026-how-much-can-you-borrow-what-key-things-do-you-need-to-know-in-advance?dest=a3ZzMHJ6LmZqa3J3anR4ZGxmc2tmLmNvbQ==&dpco=1&subid1={{clickid}}&subid2={{ad.id}}&subid3={{campaign.id}}&ad_id={{ad.id}}&network=facebook&site=direct&adtitle=How much can I borrow if I have a pension?,https://thinkknoll.com/en/articles/pension-loans-in-australia-for-2026-how-much-can-you-borrow-what-key-things-do-you-need-to-know-in-advance?dest=a3ZzMHJ6LmZqa3J3anR4ZGxmc2tmLmNvbQ==&dpco=1&subid1={{clickid}}&subid2={{ad.id}}&subid3={{campaign.id}}&ad_id={{ad.id}}&network=facebook&site=direct&adtitle=How much can I borrow if I have a pension?,,,,kvs0rz.fjkrwjtxdlfskf.com,,2,,image,creatives/thinkknoll.com/1449598790344054.jpg,,,кредиты под пенсию для австралийцев,https://www.facebook.com/ads/library/?id=1449598790344054,yes
1602855921194812,finaax.com,товарка,товарка,EN,35,Best Ups,yes,2026-08-18,2026-09-22,"FACEBOOK,INSTAGRAM,MESSENGER,THREADS",IMAGE,Understanding Rent-To-Own E-Bikes! Read more:,Rent-To-Own E-Bikes - Learn more!,,Learn more,,https://www.finaax.com/dsr?q=renttoown+ebikes&asid={{adset.id}}&rac=read+about+renttoown+ebikes+Rent-To-Own+E-Bikes+-+Learn+more%21+Understanding+Rent-To-Own+E-Bikes%21+Read+more%3A&pub=FB&locale=en_US&ad_id={{ad.id}}&fbid=770362708325979&fbland=PageView&fbserp=ViewContent&fbclick=AddToCart,https://www.finaax.com/dsr?q=renttoown+ebikes&asid={{adset.id}}&rac=read+about+renttoown+ebikes+Rent-To-Own+E-Bikes+-+Learn+more%21+Understanding+Rent-To-Own+E-Bikes%21+Read+more%3A&pub=FB&locale=en_US&ad_id={{ad.id}}&fbid=770362708325979&fbland=PageView&fbserp=ViewContent&fbclick=AddToCart,renttoown ebikes,read about renttoown ebikes Rent-To-Own E-Bikes - Learn more! Understanding Rent-To-Own E-Bikes! Read more:,,,,1,,image,creatives/finaax.com/1602855921194812.jpg,,,аренда с выкупом электровелосипедов,https://www.facebook.com/ads/library/?id=1602855921194812,yes
1712539829968323,mindgenpro.com,товарка,товарка,EN,35,Discover information PRO,yes,2026-08-18,2026-09-22,"FACEBOOK,INSTAGRAM",CAROUSEL,"🚗 Discover information about Toyota Clearance Cars and explore different models, prices, features, and purchasing possibilities. Tap to learn more!",Discover information PRO,,See details,,https://www.mindgenpro.com/dsr?q=Discover%20Toyota%20Clearance%20Cars&asid=a1_ch465&de=m&ctid=krd-dac45c57&fbclid={fbclid}&pub=fb&rac=Get%20Insights%20On%20Discover%20Toyota%20Clearance%20Cars&tv=dark&locale=en_US&terms=&ad_id={{ad.id}},https://www.mindgenpro.com/dsr?q=Discover%20Toyota%20Clearance%20Cars&asid=a1_ch465&de=m&ctid=krd-dac45c57&fbclid={fbclid}&pub=fb&rac=Get%20Insights%20On%20Discover%20Toyota%20Clearance%20Cars&tv=dark&locale=en_US&terms=&ad_id={{ad.id}},Discover Toyota Clearance Cars,Get Insights On Discover Toyota Clearance Cars,,,,"2 (тег FB), визуально до 7 вариантов карточки",,image,creatives/mindgenpro.com/1712539829968323.jpg,creatives/mindgenpro.com/1712539829968323_2.jpg;creatives/mindgenpro.com/1712539829968323_3.jpg;creatives/mindgenpro.com/1712539829968323_4.jpg;creatives/mindgenpro.com/1712539829968323_5.jpg;creatives/mindgenpro.com/1712539829968323_6.jpg,,Toyota — распродажа моделей,https://www.facebook.com/ads/library/?id=1712539829968323,yes
2305843743596378,finaax.com,товарка,товарка,US,34,Info Guru,yes,2026-08-19,2026-09-22,"FACEBOOK,INSTAGRAM,MESSENGER,THREADS",CAROUSEL,Police Impound SUVs- learn more,Info Guru,,Learn more,,https://www.finaax.com/dsr?q=buyingpolice+impound+suvs&asid={{adset.id}}&rac=read+about+buyingpolice+impound+suvs+Police+Impound+SUVs-+learn+more+Police+Impound+SUVs-+learn+more&pub=FB&locale=en_US&ad_id={{ad.id}}&fbid=770362708325979&fbland=PageView&fbserp=ViewContent&fbclick=AddToCart,https://www.finaax.com/dsr?q=buyingpolice+impound+suvs&asid={{adset.id}}&rac=read+about+buyingpolice+impound+suvs+Police+Impound+SUVs-+learn+more+Police+Impound+SUVs-+learn+more&pub=FB&locale=en_US&ad_id={{ad.id}}&fbid=770362708325979&fbland=PageView&fbserp=ViewContent&fbclick=AddToCart,buyingpolice impound suvs,read about buyingpolice impound suvs Police Impound SUVs- learn more Police Impound SUVs- learn more,,,,4+4 (одинаковый текст под 2 страницами),,image,creatives/finaax.com/2305843743596378.jpg,creatives/finaax.com/2305843743596378_2.jpg;creatives/finaax.com/2305843743596378_3.jpg,,покупка внедорожников с аукциона полиции,https://www.facebook.com/ads/library/?id=2305843743596378,yes
2277790139427362,finaax.com,товарка,товарка,US,34,Next Deals ,yes,2026-08-19,2026-09-22,"FACEBOOK,INSTAGRAM,AUDIENCE_NETWORK,MESSENGER,THREADS",CAROUSEL,Police Impound SUVs- learn more,Next Deals,,Learn more,,https://www.finaax.com/dsr?q=buyingpolice+impound+suvs&asid={{adset.id}}&rac=read+about+buyingpolice+impound+suvs+Police+Impound+SUVs-+learn+more+Police+Impound+SUVs-+learn+more&pub=FB&locale=en_US&ad_id={{ad.id}}&fbid=770362708325979&fbland=PageView&fbserp=ViewContent&fbclick=AddToCart,https://www.finaax.com/dsr?q=buyingpolice+impound+suvs&asid={{adset.id}}&rac=read+about+buyingpolice+impound+suvs+Police+Impound+SUVs-+learn+more+Police+Impound+SUVs-+learn+more&pub=FB&locale=en_US&ad_id={{ad.id}}&fbid=770362708325979&fbland=PageView&fbserp=ViewContent&fbclick=AddToCart,buyingpolice impound suvs,read about buyingpolice impound suvs Police Impound SUVs- learn more Police Impound SUVs- learn more,,,,4+4 (одинаковый текст под 2 страницами),,image,creatives/finaax.com/2277790139427362.jpg,creatives/finaax.com/2277790139427362_2.jpg;creatives/finaax.com/2277790139427362_3.jpg,,покупка внедорожников с аукциона полиции,https://www.facebook.com/ads/library/?id=2277790139427362,yes
1443401550943739,finaax.com,товарка,товарка,EN,33,Next Deals ,yes,2026-08-20,2026-09-22,"FACEBOOK,INSTAGRAM,AUDIENCE_NETWORK,MESSENGER,THREADS",IMAGE,Buying clearance tires doesnt mean sacrificing performance - Michelin ensures each tire meets high durability standards. Many options even support fuel efficiency for eco-conscious driving. Discover more!,Michelin Clearance Tires Guide,,Learn more,,https://www.finaax.com/dsr?q=Michelin+Clearance+Tires+Guide&asid={{adset.id}}&rac=read+about+Michelin+Clearance+Tires+Guide+Michelin+Clearance+Tires+Guide+Buying+clearance+tires+doesnt+mean+sacrificing+performance+-+Michelin+ensures+each+tire+meets+high+durability+standards.+Many+options+even+support+fuel+efficiency+for+eco-conscious+driving.+Discover+more%21&pub=FB&locale=en_US&ad_id={{ad.id}}&fbid=770362708325979&fbland=PageView&fbserp=ViewContent&fbclick=AddToCart,https://www.finaax.com/dsr?q=Michelin+Clearance+Tires+Guide&asid={{adset.id}}&rac=read+about+Michelin+Clearance+Tires+Guide+Michelin+Clearance+Tires+Guide+Buying+clearance+tires+doesnt+mean+sacrificing+performance+-+Michelin+ensures+each+tire+meets+high+durability+standards.+Many+options+even+support+fuel+efficiency+for+eco-conscious+driving.+Discover+more%21&pub=FB&locale=en_US&ad_id={{ad.id}}&fbid=770362708325979&fbland=PageView&fbserp=ViewContent&fbclick=AddToCart,Michelin Clearance Tires Guide,read about Michelin Clearance Tires Guide Michelin Clearance Tires Guide Buying clearance tires doesnt mean sacrificing performance - Michelin ensures each tire meets high durability standards. Many options even support fuel efficiency for eco-conscious driving. Discover more!,,,,1,,image,creatives/finaax.com/1443401550943739.jpg,,,распродажа шин Michelin,https://www.facebook.com/ads/library/?id=1443401550943739,yes
1085148137532023,thinkknoll.com,услуги,услуги,не удалось определить (видео без текста),33,Help Nearby,yes,2026-08-20,2026-09-22,"FACEBOOK,INSTAGRAM,MESSENGER,THREADS",VIDEO,,,,See details,,https://thinkknoll.com/en/articles/pet-assistance-programs-for-low-income-families-and-seniors-veterinary-care-options-in-the-u-s-a7c3d6?dest=cDc2eHA3LmZqa3J3anR4ZGxmc2tmLmNvbQ==&dpco=1&subid1={{clickid}}&subid2={{ad.id}}&subid3={{campaign.id}}&ad_id={{ad.id}}&network=facebook&site=direct&adtitle=2026 pet insurance,https://thinkknoll.com/en/articles/pet-assistance-programs-for-low-income-families-and-seniors-veterinary-care-options-in-the-u-s-a7c3d6?dest=cDc2eHA3LmZqa3J3anR4ZGxmc2tmLmNvbQ==&dpco=1&subid1={{clickid}}&subid2={{ad.id}}&subid3={{campaign.id}}&ad_id={{ad.id}}&network=facebook&site=direct&adtitle=2026 pet insurance,,,,p76xp7.fjkrwjtxdlfskf.com,,1,,video_preview,creatives/thinkknoll.com/1085148137532023.jpg,,https://video-ord5-2.xx.fbcdn.net/o1/v/t2/f2/m366/AQNla6WzaaFxeAjiHMtlm4HBbYZ87bGAJqmRZCSbqX4vw6L2Y2NYD4OwWLg71wsv0ODF9-CncGOds9PwmY_N0wy3jib2Iki6aWhn0LI7dJ5nkg.mp4?_nc_cat=103&_nc_sid=b66105&_nc_ht=video-ord5-2.xx.fbcdn.net&_nc_ohc=j5Y3lWs_XNsQ7kNvwHSNJqb&efg=eyJ2ZW5jb2RlX3RhZyI6Inhwdl9wcm9ncmVzc2l2ZS5WSV9VU0VDQVNFX1BST0RVQ1RfVFlQRS4uQzMuNzIwLmRhc2hfaDI2NC1iYXNpYy1nZW4yXzcyMHAiLCJ4cHZfYXNzZXRfaWQiOjM5NDM4NDEyOTI1ODg0MDcsImFzc2V0X2FnZV9kYXlzIjozNCwidmlfdXNlY2FzZV9pZCI6MTAxMzksImR1cmF0aW9uX3MiOjEzLCJ1cmxnZW5fc291cmNlIjoid3d3In0%3D&ccb=17-1&vs=772bfe1d30ebfefb&_nc_vs=HBksFQIYRWZiX2VwaGVtZXJhbC84ODQwRkM5MDQzMTdDRjMwMUZBMzZEMkM4QjJBOURBOV9tdF8xX3ZpZGVvX2Rhc2hpbml0Lm1wNBUAAsgBEgAVAhhAZmJfcGVybWFuZW50L0UwNDYyOUIzRDgxOTBERjIyNEFFNjgwODNDMENFRkI0X2F1ZGlvX2Rhc2hpbml0Lm1wNBUCAsgBEgAoABgAGwKIB3VzZV9vaWwBMRJwcm9ncmVzc2l2ZV9yZWNpcGUBMRUAACbu1dy047mBDhUCKAJDMywXQCsQ5WBBiTcYGWRhc2hfaDI2NC1iYXNpYy1nZW4yXzcyMHARAHUAZbaeAQA&_nc_gid=kkZm_rPbnqoS1asNvP8Dfw&_nc_ss=70289&_nc_zt=28&oh=00_AQLDsSGIa2YcHCYdNT8nWeiNF570b1DbUOtLHnfkqAE76A&oe=6AB965A9,не удалось определить (видео),https://www.facebook.com/ads/library/?id=1085148137532023,yes
1063126382933560,mindgenpro.com,товарка,товарка,EN,32,Info Pulse,yes,2026-08-21,2026-09-22,"FACEBOOK,INSTAGRAM",VIDEO,📱💰 Learn all about How to Buy Phone From China,How to Buy Phone From China - Read more,,Learn more,,https://www.mindgenpro.com/dsr?&q=how%20to%20buy%20phone%20from%20china&asid=bk_ch1019&de=m&ctid=krd-8e4f972d&ad_id={{ad.id}}&pub=fb&tv=dark&locale=en_US&rac=Read%20About%20how%20to%20buy%20phone%20from%20china,https://www.mindgenpro.com/dsr?&q=how%20to%20buy%20phone%20from%20china&asid=bk_ch1019&de=m&ctid=krd-8e4f972d&ad_id={{ad.id}}&pub=fb&tv=dark&locale=en_US&rac=Read%20About%20how%20to%20buy%20phone%20from%20china,how to buy phone from china,Read About how to buy phone from china,,,,2 (дубль 26.08),,video_preview,creatives/mindgenpro.com/1063126382933560.jpg,,https://video-ord5-2.xx.fbcdn.net/o1/v/t2/f2/m366/AQMnqdiswjPzv1PbKSWOXWsQjeWVSeXKQaO27wrY3544tCiRdU3EMisfNO8uMmZuvyvsLNaggkEI6KCWQIM8bbNXRNaqqhYr5l7diGV73koUFA.mp4?_nc_cat=103&_nc_sid=b66105&_nc_ht=video-ord5-2.xx.fbcdn.net&_nc_ohc=Iyhd-9rvcvkQ7kNvwF5In4F&efg=eyJ2ZW5jb2RlX3RhZyI6Inhwdl9wcm9ncmVzc2l2ZS5WSV9VU0VDQVNFX1BST0RVQ1RfVFlQRS4uQzMuNzIwLmRhc2hfaDI2NC1iYXNpYy1nZW4yXzcyMHAiLCJ4cHZfYXNzZXRfaWQiOjE1ODYzMDQwNzk5NDYyODMsImFzc2V0X2FnZV9kYXlzIjozMiwidmlfdXNlY2FzZV9pZCI6MTAxMzksImR1cmF0aW9uX3MiOjEwLCJ1cmxnZW5fc291cmNlIjoid3d3In0%3D&ccb=17-1&vs=1ae67c205b4aeac2&_nc_vs=HBksFQIYRWZiX2VwaGVtZXJhbC8zQTQ1NEM2QkNCNTMzNkRGMkQ3M0E0ODIwMUYzRjE4Ml9tdF8xX3ZpZGVvX2Rhc2hpbml0Lm1wNBUAAsgBEgAVAhhAZmJfcGVybWFuZW50LzY0NEQ4QkFFMUQ0MkUzOEM3QjhGNkIxMjM2OTU0OUJDX2F1ZGlvX2Rhc2hpbml0Lm1wNBUCAsgBEgAoABgAGwKIB3VzZV9vaWwBMRJwcm9ncmVzc2l2ZV9yZWNpcGUBMRUAACbWiIezhq_RBRUCKAJDMywXQCQhysCDEm8YGWRhc2hfaDI2NC1iYXNpYy1nZW4yXzcyMHARAHUAZbaeAQA&_nc_gid=5CWKjovYa9OHx8UHcSGiow&_nc_ss=70289&_nc_zt=28&oh=00_AQL5d73-OiZf_c_ePlZr08IJttjqSWWZkik83PgKRbwnkw&oe=6AB93BC5,как купить телефон из Китая,https://www.facebook.com/ads/library/?id=1063126382933560,yes
25954793364218182,mindgenpro.com,товарка,товарка,EN,32,Info Pulse,yes,2026-08-24,2026-09-22,"FACEBOOK,INSTAGRAM",IMAGE,,www.mindgenpro.com,,Learn more,,https://www.mindgenpro.com/dsr?&ad_id=%7B%7Bad.id%7D%7D&asid=bk_ch789&ctid=krd-8e4f972d&de=m&pub=fb&q=how%20to%20buy%20phone%20from%20china&rac=Read%20About%20how%20to%20buy%20phone%20from%20china&tv=dark&locale=en_US,https://www.mindgenpro.com/dsr?&ad_id=%7B%7Bad.id%7D%7D&asid=bk_ch789&ctid=krd-8e4f972d&de=m&pub=fb&q=how%20to%20buy%20phone%20from%20china&rac=Read%20About%20how%20to%20buy%20phone%20from%20china&tv=dark&locale=en_US,how to buy phone from china,Read About how to buy phone from china,,,1679807729749543,2 (дубль 26.08),,image,creatives/mindgenpro.com/25954793364218182.jpg,,,как купить телефон из Китая,https://www.facebook.com/ads/library/?id=25954793364218182,yes
1739764590567480,mindgenpro.com,jobs,jobs,ES,29,Encuentra Empleo como un PRO,yes,2026-09-09,2026-09-22,"FACEBOOK,INSTAGRAM",VIDEO,🧑‍⚕️👴❤️✨ ¡Más información sobre cómo convertirte en Cuidador de Personas Mayores!,Conviértete en Cuidador de Personas Mayores (Guía de Empleo) 🧑‍⚕️👵❤️ ¡Más información!,,Learn more,,https://www.mindgenpro.com/dsr?&q=Conviertete%20en%20cuidador%20de%20personas%20mayores&asid=bk_ch9009&de=m&ctid=krd-8e4f972d&pub=fb&rac=Get%20Insights%20On%20contratacion%20cuidador%20de%20personas%20mayores&tv=dark&locale=es_ES&terms=&ad_id={{ad.id}},https://www.mindgenpro.com/dsr?&q=Conviertete%20en%20cuidador%20de%20personas%20mayores&asid=bk_ch9009&de=m&ctid=krd-8e4f972d&pub=fb&rac=Get%20Insights%20On%20contratacion%20cuidador%20de%20personas%20mayores&tv=dark&locale=es_ES&terms=&ad_id={{ad.id}},Conviertete en cuidador de personas mayores,Get Insights On contratacion cuidador de personas mayores,,,,"1 (плюс младшие дубли 09/10.09, не считаются)",,video_preview,creatives/mindgenpro.com/1739764590567480.jpg,,https://video-ord5-2.xx.fbcdn.net/o1/v/t2/f2/m366/AQPPt7Wkm3nMWNQX48hZ9wXHQaI3y-nUHwHrCXsyYCULdanIaBJCQRoeZewy9FT1TGzfv_T2T3HMR9OgdJSsOnYN7SbbSLQ3-97UHJ4bcBoj3w.mp4?_nc_cat=103&_nc_sid=b66105&_nc_ht=video-ord5-2.xx.fbcdn.net&_nc_ohc=-GJ0XaFMX6EQ7kNvwGWZp5t&efg=eyJ2ZW5jb2RlX3RhZyI6Inhwdl9wcm9ncmVzc2l2ZS5WSV9VU0VDQVNFX1BST0RVQ1RfVFlQRS4uQzMuNzIwLmRhc2hfaDI2NC1iYXNpYy1nZW4yXzcyMHAiLCJ4cHZfYXNzZXRfaWQiOjEwNzMyMDEzNDIzMDM1OTAsImFzc2V0X2FnZV9kYXlzIjoxMywidmlfdXNlY2FzZV9pZCI6MTAxMzksImR1cmF0aW9uX3MiOjE1LCJ1cmxnZW5fc291cmNlIjoid3d3In0%3D&ccb=17-1&vs=7cdef46add54e2f2&_nc_vs=HBksFQIYRWZiX2VwaGVtZXJhbC81MDQ4N0NGNzE3ODJFOEQ3RThENURFQjZCNUQzRkY5QV9tdF8xX3ZpZGVvX2Rhc2hpbml0Lm1wNBUAAsgBEgAVAhhAZmJfcGVybWFuZW50LzRENENDREUyMTRDNkNEQjQ3NEM4MzVDMEVGRUZEM0E4X2F1ZGlvX2Rhc2hpbml0Lm1wNBUCAsgBEgAoABgAGwKIB3VzZV9vaWwBMRJwcm9ncmVzc2l2ZV9yZWNpcGUBMRUAACbMtb6MxYToAxUCKAJDMywXQC5U_fO2RaIYGWRhc2hfaDI2NC1iYXNpYy1nZW4yXzcyMHARAHUAZbaeAQA&_nc_gid=eXAxrCta8GyL8wiVr0O66w&_nc_ss=70289&_nc_zt=28&oh=00_AQLUu4DPr3LO1TahPbT26CzACWxbm0XwVkptcbacSk79LQ&oe=6AB93A51,,https://www.facebook.com/ads/library/?id=1739764590567480,yes
1387653986233782,mindgenpro.com,jobs,jobs,ES,29,Encuentra Empleo como un PRO,yes,2026-09-09,2026-09-22,"FACEBOOK,INSTAGRAM",VIDEO,🧑‍⚕️👴❤️✨ ¡Más información sobre cómo convertirte en Cuidador de Personas Mayores!,Conviértete en Cuidador de Personas Mayores (Guía de Empleo) 🧑‍⚕️👵❤️ ¡Más información!,,Learn more,,https://www.mindgenpro.com/dsr?&q=Conviertete%20en%20cuidador%20de%20personas%20mayores&asid=bk_ch9009&de=m&ctid=krd-8e4f972d&pub=fb&rac=Get%20Insights%20On%20contratacion%20cuidador%20de%20personas%20mayores&tv=dark&locale=es_ES&terms=&ad_id={{ad.id}},https://www.mindgenpro.com/dsr?&q=Conviertete%20en%20cuidador%20de%20personas%20mayores&asid=bk_ch9009&de=m&ctid=krd-8e4f972d&pub=fb&rac=Get%20Insights%20On%20contratacion%20cuidador%20de%20personas%20mayores&tv=dark&locale=es_ES&terms=&ad_id={{ad.id}},Conviertete en cuidador de personas mayores,Get Insights On contratacion cuidador de personas mayores,,,1739764590567480,"1 (плюс младшие дубли 09/10.09, не считаются)",,video_preview,creatives/mindgenpro.com/1387653986233782.jpg,,https://video-ord5-2.xx.fbcdn.net/o1/v/t2/f2/m366/AQPPt7Wkm3nMWNQX48hZ9wXHQaI3y-nUHwHrCXsyYCULdanIaBJCQRoeZewy9FT1TGzfv_T2T3HMR9OgdJSsOnYN7SbbSLQ3-97UHJ4bcBoj3w.mp4?_nc_cat=103&_nc_sid=b66105&_nc_ht=video-ord5-2.xx.fbcdn.net&_nc_ohc=-GJ0XaFMX6EQ7kNvwHCAT79&efg=eyJ2ZW5jb2RlX3RhZyI6Inhwdl9wcm9ncmVzc2l2ZS5WSV9VU0VDQVNFX1BST0RVQ1RfVFlQRS4uQzIuNzIwLmRhc2hfaDI2NC1iYXNpYy1nZW4yXzcyMHAiLCJ4cHZfYXNzZXRfaWQiOjEwNzMyMDEzNDIzMDM1OTAsImFzc2V0X2FnZV9kYXlzIjoxMywidmlfdXNlY2FzZV9pZCI6MTAxMzksImR1cmF0aW9uX3MiOjE1LCJ1cmxnZW5fc291cmNlIjoid3d3In0%3D&ccb=17-1&vs=7cdef46add54e2f2&_nc_vs=HBksFQIYRWZiX2VwaGVtZXJhbC81MDQ4N0NGNzE3ODJFOEQ3RThENURFQjZCNUQzRkY5QV9tdF8xX3ZpZGVvX2Rhc2hpbml0Lm1wNBUAAsgBEgAVAhhAZmJfcGVybWFuZW50LzRENENDREUyMTRDNkNEQjQ3NEM4MzVDMEVGRUZEM0E4X2F1ZGlvX2Rhc2hpbml0Lm1wNBUCAsgBEgAoABgAGwKIB3VzZV9vaWwBMRJwcm9ncmVzc2l2ZV9yZWNpcGUBMRUAACbMtb6MxYToAxUCKAJDMiwXQC5U_fO2RaIYGWRhc2hfaDI2NC1iYXNpYy1nZW4yXzcyMHARAHUAZbaeAQA&_nc_gid=43JBqLkKM4GNbWWgSlUo1A&_nc_ss=70289&_nc_zt=28&oh=00_AQKYddWzxHOt6DtVbrckG1tSxsJh0NFYhCJvGw300OSEGQ&oe=6AB93A51,,https://www.facebook.com/ads/library/?id=1387653986233782,yes
1959551901402289,therocketsscience.com,путешествия,путешествия,EN,29,Futbolete - Historias,yes,2026-08-24,2026-09-22,"FACEBOOK,INSTAGRAM,MESSENGER",IMAGE,An informative overview of adult only hotels and common features travelers may encounter. Learn more,Understanding Adult Only Hotel Experiences,"Rocketry isn't just about big motors. This week, we explore satellite cleanup, tiny structures, and the hidden logic of math to help you build better birds.",Learn more,,https://4e08992b07be48ae.linkdrift.cc/asrsearch,https://4e08992b07be48ae.linkdrift.cc/asrsearch,,,,,,2 (тот же текст под страницей Futbolete-Historias),,image,creatives/therocketsscience.com/1959551901402289.jpg,,,"гид по отелям ""только для взрослых""",https://www.facebook.com/ads/library/?id=1959551901402289,yes
1778496146907964,therocketsscience.com,товарка,товарка,EN,29,Health & Wellness News,yes,2026-08-24,2026-09-22,"FACEBOOK,INSTAGRAM,MESSENGER",IMAGE,Read Guide About Walmart Sofa Beds,Read Guide About Walmart Sofa Beds,"Rocketry isn't just about big motors. This week, we explore satellite cleanup, tiny structures, and the hidden logic of math to help you build better birds.",Learn more,,https://4e08992b07be48ae.linkdrift.cc/asrsearch,https://4e08992b07be48ae.linkdrift.cc/asrsearch,,,,,,1,,image,creatives/therocketsscience.com/1778496146907964.jpg,,,гид по диван-кроватям Walmart,https://www.facebook.com/ads/library/?id=1778496146907964,yes
1384031896665574,therocketsscience.com,путешествия,путешествия,EN,29,Health & Wellness News,yes,2026-08-24,2026-09-22,"FACEBOOK,INSTAGRAM,MESSENGER",IMAGE,Read about how business class tickets are researched using general travel planning methods and informational sources.,Learn informational insights about business class tickets that are commonly identified.,"Rocketry isn't just about big motors. This week, we explore satellite cleanup, tiny structures, and the hidden logic of math to help you build better birds.",Learn more,,https://4e08992b07be48ae.linkdrift.cc/asrsearch,https://4e08992b07be48ae.linkdrift.cc/asrsearch,,,,,,1,,image,creatives/therocketsscience.com/1384031896665574.jpg,,,как исследовать билеты бизнес-класса,https://www.facebook.com/ads/library/?id=1384031896665574,yes
1370037154763007,therocketsscience.com,путешествия,путешествия,EN,28,Family life space - Stories,yes,2026-08-25,2026-09-22,"FACEBOOK,INSTAGRAM,MESSENGER",IMAGE,"Learn more about Private island beaches for adults only, including amenities, activities, and general vacation considerations. Explore the guide to learn more about planning an adult focused getaway.",READ GUIDE ABOUT PRIVATE ISLAND ADULT BEACHES,"Rocketry isn't just about big motors. This week, we explore satellite cleanup, tiny structures, and the hidden logic of math to help you build better birds.",Learn more,,https://4e08992b07be48ae.linkdrift.cc/asrsearch,https://4e08992b07be48ae.linkdrift.cc/asrsearch,,,,,,1,,image,creatives/therocketsscience.com/1370037154763007.jpg,,,,https://www.facebook.com/ads/library/?id=1370037154763007,yes
1540050450739935,savingsbuild.com,авто,авто,BR (язык и лендинг),27,Dynamic Destiny Drivers,yes,2026-08-27,2026-09-22,"FACEBOOK,INSTAGRAM,AUDIENCE_NETWORK,MESSENGER,THREADS",IMAGE,,Carros usados pagamento mensal sem banco,1,Learn more,,https://savingsbuild.com/carros-usados-com-parcelas-mensais-sem-financiamento-bancario?utm_campaign=vb-dncarloansbr-set1-fb-br-d-0827-GE01-p&utm_source=facebook&utm_term=set1&utm_content=dncarloansbr&utm_medium=d&l=d,https://savingsbuild.com/carros-usados-com-parcelas-mensais-sem-financiamento-bancario?utm_campaign=vb-dncarloansbr-set1-fb-br-d-0827-GE01-p&utm_source=facebook&utm_term=set1&utm_content=dncarloansbr&utm_medium=d&l=d,,,vb-dncarloansbr-set1-fb-br-d-0827-GE01-p | dncarloansbr,,,5,,image,creatives/savingsbuild.com/1540050450739935.jpg,,,подержанная машина в рассрочку без банковского кредита,https://www.facebook.com/ads/library/?id=1540050450739935,yes
1406296321458617,savingsbuild.com,авто,авто,BR (язык и лендинг),27,Dynamic Destiny Drivers,yes,2026-08-27,2026-09-22,"FACEBOOK,INSTAGRAM,AUDIENCE_NETWORK,MESSENGER,THREADS",IMAGE,,Carros usados pagamento mensal sem banco,1,Learn more,,https://savingsbuild.com/carros-usados-com-parcelas-mensais-sem-financiamento-bancario?utm_campaign=vb-dncarloansbr-set1-fb-br-d-0827-GE01-p&utm_source=facebook&utm_term=set1&utm_content=dncarloansbr&utm_medium=d&l=d,https://savingsbuild.com/carros-usados-com-parcelas-mensais-sem-financiamento-bancario?utm_campaign=vb-dncarloansbr-set1-fb-br-d-0827-GE01-p&utm_source=facebook&utm_term=set1&utm_content=dncarloansbr&utm_medium=d&l=d,,,vb-dncarloansbr-set1-fb-br-d-0827-GE01-p | dncarloansbr,,1540050450739935,5,,image,creatives/savingsbuild.com/1406296321458617.jpg,,,подержанная машина в рассрочку без банковского кредита,https://www.facebook.com/ads/library/?id=1406296321458617,yes
901640109331839,nexusdestiny.com,здоровье,здоровье,не указано явно,26,Knowledge Station,yes,2026-08-27,2026-09-22,"FACEBOOK,INSTAGRAM,MESSENGER",IMAGE,"Understanding How Sperm Donation Works. This guide outlines the donation process, eligibility requirements, and the procedures clinics follow to ensure health and legal compliance.",Find Out About How Sperm Donation Works,Learn more,Learn more,,https://nexusdestiny.com/en/articles/laboratory-testing-procedures-for-fertility-services?dest=NDZ3cHY1LmR6bWRubnhkdGsuY29t&subid1=%7B%7Bcampaign.id%7D%7D&subid2=%7B%7Badset.id%7D%7D&subid3=%7B%7Bad.id%7D%7D---delimjuwe---%7B%7Bad.id%7D%7D&subid4=facebook-noclickid&network=facebook&site=direct&dpco=1&ad_id=%7B%7Bad.id%7D%7D&adtitle=Find+Out+About+How+Sperm+Donation+Works,https://nexusdestiny.com/en/articles/laboratory-testing-procedures-for-fertility-services?dest=NDZ3cHY1LmR6bWRubnhkdGsuY29t&subid1=%7B%7Bcampaign.id%7D%7D&subid2=%7B%7Badset.id%7D%7D&subid3=%7B%7Bad.id%7D%7D---delimjuwe---%7B%7Bad.id%7D%7D&subid4=facebook-noclickid&network=facebook&site=direct&dpco=1&ad_id=%7B%7Bad.id%7D%7D&adtitle=Find+Out+About+How+Sperm+Donation+Works,,,,46wpv5.dzmdnnxdtk.com,,2 (тег FB “2 ads use this creative and text”),,image,creatives/nexusdestiny.com/901640109331839.jpg,,,как работает донорство спермы — гид,https://www.facebook.com/ads/library/?id=901640109331839,yes
1874130676898513,nexusdestiny.com,жильё,жильё,FR,26,Knowledge Station,yes,2026-08-27,2026-09-22,"FACEBOOK,INSTAGRAM,MESSENGER",IMAGE,Guide pour les mères célibataires : Options d'aide au logement et premières démarches. En savoir plus :,Logement social pour mères célibataires - En savoir plus,En savoir plus,Learn more,,https://nexusdestiny.com/fr/articles/acces-au-logement-social-pour-meres-celibataires?dest=cjRjd3RsLmR6bWRubnhkdGsuY29t&subid1=%7B%7Bcampaign.id%7D%7D&subid2=%7B%7Badset.id%7D%7D&subid3=%7B%7Bad.id%7D%7D---delimjuwe---%7B%7Bad.id%7D%7D&subid4=facebook-noclickid&network=facebook&site=direct&dpco=1&ad_id=%7B%7Bad.id%7D%7D&adtitle=Logement+social+pour+m%C3%A8res+c%C3%A9libataires+-+En+savoir+plus,https://nexusdestiny.com/fr/articles/acces-au-logement-social-pour-meres-celibataires?dest=cjRjd3RsLmR6bWRubnhkdGsuY29t&subid1=%7B%7Bcampaign.id%7D%7D&subid2=%7B%7Badset.id%7D%7D&subid3=%7B%7Bad.id%7D%7D---delimjuwe---%7B%7Bad.id%7D%7D&subid4=facebook-noclickid&network=facebook&site=direct&dpco=1&ad_id=%7B%7Bad.id%7D%7D&adtitle=Logement+social+pour+m%C3%A8res+c%C3%A9libataires+-+En+savoir+plus,,,,r4cwtl.dzmdnnxdtk.com,,1,,image,creatives/nexusdestiny.com/1874130676898513.jpg,,,соц.жильё для одиноких матерей,https://www.facebook.com/ads/library/?id=1874130676898513,yes
1465897098702258,mindgenpro.com,jobs,jobs,ES,21,Encuentra Empleo como un PRO,yes,2026-09-01,2026-09-23,"FACEBOOK,INSTAGRAM",IMAGE,,www.mindgenpro.com,,Learn more,,https://www.mindgenpro.com/dsr?&q=Trabaja%20como%20personal%20de%20limpieza%20en%20oficinas&asid=bk_ch8134&de=m&ctid=krd-8e4f972d&ad_id={{ad.id}}&pub=fb&rac=Get%20Insights%20On%20contratacion%20personal%20de%20limpieza%20en%20oficinas&locale=es_ES,https://www.mindgenpro.com/dsr?&q=Trabaja%20como%20personal%20de%20limpieza%20en%20oficinas&asid=bk_ch8134&de=m&ctid=krd-8e4f972d&ad_id={{ad.id}}&pub=fb&rac=Get%20Insights%20On%20contratacion%20personal%20de%20limpieza%20en%20oficinas&locale=es_ES,Trabaja como personal de limpieza en oficinas,Get Insights On contratacion personal de limpieza en oficinas,,,1059021333400163,1,,image,creatives/mindgenpro.com/1465897098702258.jpg,,,работа персоналом по уборке офисов,https://www.facebook.com/ads/library/?id=1465897098702258,yes
1832090147773930,analogaudiohub.com,товарка,товарка,"US (по теме, американский авторынок)",18,Prediced Value,yes,2026-09-04,2026-09-04,"FACEBOOK,INSTAGRAM",IMAGE,Has Infiniti done it again? Learn about the 2027 Infiniti QX60.,The All-New Infiniti QX60 Has Americans Buzzing - Take A Look.,,Learn more,,https://analogaudiohub.com/asrsearch?source=facebook&pixel_id=3063166757167752&search=introducing-the-2027-infiniti-qx60-english-25c02e&account_id=1135898378327369&cid=ch96804+ch60395&ad_id={{ad.id}}&adset_id={{adset.id}}&campaign_id={{campaign.id}}&terms=2027+Infiniti+QX60%2CInfiniti+QX60+2027%2CInfiniti+QX60+features%2CInfiniti+QX60+interior%2CInfiniti+QX60+technology%2CInfiniti+QX60+performance,https://analogaudiohub.com/asrsearch?source=facebook&pixel_id=3063166757167752&search=introducing-the-2027-infiniti-qx60-english-25c02e&account_id=1135898378327369&cid=ch96804+ch60395&ad_id={{ad.id}}&adset_id={{adset.id}}&campaign_id={{campaign.id}}&terms=2027+Infiniti+QX60%2CInfiniti+QX60+2027%2CInfiniti+QX60+features%2CInfiniti+QX60+interior%2CInfiniti+QX60+technology%2CInfiniti+QX60+performance,"introducing-the-2027-infiniti-qx60-english-25c02e | 2027 Infiniti QX60,Infiniti QX60 2027,Infiniti QX60 features,Infiniti QX60 interior,Infiniti QX60 technology,Infiniti QX60 performance",,,,,1,,image,creatives/analogaudiohub.com/1832090147773930.jpg,,,обзор нового Infiniti QX60,https://www.facebook.com/ads/library/?id=1832090147773930,yes
1762078371509929,thought-hatch.com,товарка,товарка,"EN, не определено",18,Health & Wellness News,yes,2026-09-04,2026-09-22,"FACEBOOK,INSTAGRAM,MESSENGER",VIDEO,Learn Broadly How Product Testing Opportunities Work,Discover Product Testing Opportunities — What to Know,,Learn more,,https://thought-hatch.com/asrsearch,https://thought-hatch.com/asrsearch,,,,,,1,,video_preview,creatives/thought-hatch.com/1762078371509929.jpg,,https://video-ord5-1.xx.fbcdn.net/o1/v/t2/f2/m366/AQPsGtPvelt9eQ_LhMFsIJ6rRtQlcEudLy5ID0bwpxGyf_2OlILZHzvEUCsnkaWCpg6v4xuCQPP63x-gEm06MkXScQVhr5bswDyupktJkxYu0Q.mp4?_nc_cat=106&_nc_sid=b66105&_nc_ht=video-ord5-1.xx.fbcdn.net&_nc_ohc=NCj4qMDbQFcQ7kNvwFDG3P1&efg=eyJ2ZW5jb2RlX3RhZyI6Inhwdl9wcm9ncmVzc2l2ZS5WSV9VU0VDQVNFX1BST0RVQ1RfVFlQRS4uQzMuNzIwLmRhc2hfaDI2NC1iYXNpYy1nZW4yXzcyMHAiLCJ4cHZfYXNzZXRfaWQiOjk4Nzc2NDg2NDMyMzU3OSwiYXNzZXRfYWdlX2RheXMiOjM4LCJ2aV91c2VjYXNlX2lkIjoxMDEzOSwiZHVyYXRpb25fcyI6MTksInVybGdlbl9zb3VyY2UiOiJ3d3cifQ%3D%3D&ccb=17-1&vs=afc48d0c5f00c7b5&_nc_vs=HBksFQIYRWZiX2VwaGVtZXJhbC8wMjQxOUEzNzgzMkQyNUQyNDY2QUQ1OTI1MkRFQ0FBQl9tdF8xX3ZpZGVvX2Rhc2hpbml0Lm1wNBUAAsgBEgAVAhhAZmJfcGVybWFuZW50L0I0NEY0QTg0ODg5NjZGM0YwODNGNDFCMzQzNUVDRkE2X2F1ZGlvX2Rhc2hpbml0Lm1wNBUCAsgBEgAoABgAGwKIB3VzZV9vaWwBMRJwcm9ncmVzc2l2ZV9yZWNpcGUBMRUAACb2v-DdvZfBAxUCKAJDMywXQDNmZmZmZmYYGWRhc2hfaDI2NC1iYXNpYy1nZW4yXzcyMHARAHUAZbaeAQA&_nc_gid=2GNGx_wkHYkYpe3Q7fqU1A&_nc_ss=70289&_nc_zt=28&oh=00_AQKx9sCeR6tTwkwsniP6MPndWU-IwJEQMVjYZMlnBl5fIw&oe=6AB93C4E,гид по программам тестирования продуктов за вознаграждение,https://www.facebook.com/ads/library/?id=1762078371509929,yes
2604945776612135,analogaudiohub.com,товарка,соц.помощь/товарка,US (по теме),15,Prediced Value,yes,2026-09-07,2026-09-07,"FACEBOOK,INSTAGRAM",IMAGE,"Learn about baby supply assistance programs for 2026, including how to apply and who may qualify. 👶",Baby Supply Assistance Programs 2026: Eligibility.,,Learn more,,https://analogaudiohub.com/asrsearch?source=facebook&pixel_id=3063166757167752&search=baby-supply-assistance-programs-2026-guide-catalog-hwg-2c1a18&account_id=1135898378327369&cid=ch96804+ch69030&ad_id={{ad.id}}&adset_id={{adset.id}}&campaign_id={{campaign.id}}&terms=Free+Baby+Stuff+{state}%2CFree+Diapers+And+Formula%2CHow+To+Get+Free+Diapers+And+Wipes%2CFree+Baby+Products+Samples%2CFree+Baby+Supplies+Near+Me%2CGovernment+Baby+Assistance,https://analogaudiohub.com/asrsearch?source=facebook&pixel_id=3063166757167752&search=baby-supply-assistance-programs-2026-guide-catalog-hwg-2c1a18&account_id=1135898378327369&cid=ch96804+ch69030&ad_id={{ad.id}}&adset_id={{adset.id}}&campaign_id={{campaign.id}}&terms=Free+Baby+Stuff+{state}%2CFree+Diapers+And+Formula%2CHow+To+Get+Free+Diapers+And+Wipes%2CFree+Baby+Products+Samples%2CFree+Baby+Supplies+Near+Me%2CGovernment+Baby+Assistance,"baby-supply-assistance-programs-2026-guide-catalog-hwg-2c1a18 | Free Baby Stuff {state},Free Diapers And Formula,How To Get Free Diapers And Wipes,Free Baby Products Samples,Free Baby Supplies Near Me,Government Baby Assistance",,,,,"1 (плюс младшие дубли 09/13/14.09, не считаются)",,image,creatives/analogaudiohub.com/2604945776612135.jpg,,,программы помощи с детскими товарами 2026,https://www.facebook.com/ads/library/?id=2604945776612135,yes
1072962822004410,therocketsscience.com,товарка,товарка,EN,15,The Curiosity Club,yes,2026-09-07,2026-09-14,"FACEBOOK,INSTAGRAM,AUDIENCE_NETWORK",IMAGE,Many people don’t know: You could buy Furniture fr,therocketsscience.com,"Finding an apartment without a large upfront deposit can make moving feel more manageable, especially for renters who want to keep…",Learn more,,https://searchtodayresultlinks.com/?topic=ca-no-deposit-apartments-how-they-work-and-how-to-qualify-2949d674,https://searchtodayresultlinks.com/?topic=ca-no-deposit-apartments-how-they-work-and-how-to-qualify-2949d674,ca-no-deposit-apartments-how-they-work-and-how-to-qualify-2949d674,,,,,1 (низкий охват),,image,creatives/therocketsscience.com/1072962822004410.jpg,,,,https://www.facebook.com/ads/library/?id=1072962822004410,yes
1548927876435089,analogaudiohub.com,jobs,jobs/бизнес,не указано,14,Prediced Value,yes,2026-09-08,2026-09-08,"FACEBOOK,INSTAGRAM",IMAGE,Facebook page can be more than a place to post updates. Discover different monetization methods and what to know before getting started. Read more info.,Learn About Different Ways to Monetize a Facebook.,,Learn more,,https://analogaudiohub.com/asrsearch?source=facebook&pixel_id=3063166757167752&search=how-to-monetize-your-facebook-page-nuy-adfb1b&account_id=1135898378327369&cid=ch96804+ch6905&ad_id={{ad.id}}&adset_id={{adset.id}}&campaign_id={{campaign.id}}&terms=monetize+facebook+page%2CHow+to+monetize+a+facebook+page%2CCan+i+monetize+my+facebook+page?%2CHow+to+monetize+facebook+pages%2CHow+to+monetize+my+facebook+page%2Cmonetizing+your+facebook+page,https://analogaudiohub.com/asrsearch?source=facebook&pixel_id=3063166757167752&search=how-to-monetize-your-facebook-page-nuy-adfb1b&account_id=1135898378327369&cid=ch96804+ch6905&ad_id={{ad.id}}&adset_id={{adset.id}}&campaign_id={{campaign.id}}&terms=monetize+facebook+page%2CHow+to+monetize+a+facebook+page%2CCan+i+monetize+my+facebook+page?%2CHow+to+monetize+facebook+pages%2CHow+to+monetize+my+facebook+page%2Cmonetizing+your+facebook+page,"how-to-monetize-your-facebook-page-nuy-adfb1b | monetize facebook page,How to monetize a facebook page,Can i monetize my facebook page?,How to monetize facebook pages,How to monetize my facebook page,monetizing your facebook page",,,,,1,,image,creatives/analogaudiohub.com/1548927876435089.jpg,,,способы монетизации страницы Facebook,https://www.facebook.com/ads/library/?id=1548927876435089,yes
1684817635914358,funcatz.com,услуги,услуги,BR (португальский),14,Funcatz - Page 3,yes,2026-09-08,2026-09-22,"FACEBOOK,INSTAGRAM,MESSENGER",IMAGE,Motoristas Uber podem alugar um carro com opção de compra e conquistar seu próprio veículo. Descubra as opções de locação disponíveis para motoristas de aplicativo em 2026.,Aluguel com Opção de Compra Uber,"This week, we look at how extreme cold builds better tech, why the air tricks your eyes during a launch, and how to level up your rocketry skills.",Learn more,,https://6811908467964499.linkflux.cc/asrsearch,https://6811908467964499.linkflux.cc/asrsearch,,,,,,1,,image,creatives/funcatz.com/1684817635914358.jpg,,,аренда авто через Uber-подобный сервис в Бразилии,https://www.facebook.com/ads/library/?id=1684817635914358,yes
1855832968712934,savingsbuild.com,jobs,jobs,"MX, BR, FR (метод: язык и путь лендинга)",0,Good news,yes,2026-08-15,2026-09-22,"FACEBOOK,INSTAGRAM,AUDIENCE_NETWORK,MESSENGER,WHATSAPP,THREADS",IMAGE,,Limpieza profesional de oficinas en México,1,Learn more,,https://savingsbuild.com/limpieza-profesional-de-oficinas-en-mexico?utm_campaign=vb-cleaning-mx-gr1-fb-mx-a-0815-GE06-p&utm_source=facebook&utm_term=gr1&utm_content=cleaning-mx&utm_medium=a&l=b,https://savingsbuild.com/limpieza-profesional-de-oficinas-en-mexico?utm_campaign=vb-cleaning-mx-gr1-fb-mx-a-0815-GE06-p&utm_source=facebook&utm_term=gr1&utm_content=cleaning-mx&utm_medium=a&l=b,,,vb-cleaning-mx-gr1-fb-mx-a-0815-GE06-p | cleaning-mx,,1554280305922465,"MX 4, BR 3, FR 2",,image,creatives/savingsbuild.com/1855832968712934.jpg,,,профессиональная уборка офисов в конкретной стране,https://www.facebook.com/ads/library/?id=1855832968712934,yes
1061425730122586,savingsbuild.com,jobs,jobs,"MX, BR, FR (метод: язык и путь лендинга)",0,March into Your Potential,yes,2026-08-15,2026-09-22,"FACEBOOK,INSTAGRAM,AUDIENCE_NETWORK,MESSENGER,WHATSAPP,THREADS",IMAGE,,Limpeza Profissional de Escritórios no Brasil,1,Learn more,,https://savingsbuild.com/limpeza-profissional-de-escritorios-no-brasil?utm_campaign=vb-cleaning-br-gr1-fb-br-a-0815-GE13-p&utm_source=facebook&utm_term=gr1&utm_content=cleaning-br&utm_medium=a&l=br,https://savingsbuild.com/limpeza-profissional-de-escritorios-no-brasil?utm_campaign=vb-cleaning-br-gr1-fb-br-a-0815-GE13-p&utm_source=facebook&utm_term=gr1&utm_content=cleaning-br&utm_medium=a&l=br,,,vb-cleaning-br-gr1-fb-br-a-0815-GE13-p | cleaning-br,,,"MX 4, BR 3, FR 2",,image,creatives/savingsbuild.com/1061425730122586.jpg,,,профессиональная уборка офисов в конкретной стране,https://www.facebook.com/ads/library/?id=1061425730122586,yes
1850035102387190,savingsbuild.com,jobs,jobs,"MX, BR, FR (метод: язык и путь лендинга)",0,Path to Global Triumph,yes,2026-08-20,2026-09-22,"FACEBOOK,INSTAGRAM,AUDIENCE_NETWORK,MESSENGER,THREADS",IMAGE,,Le nettoyage professionnel de bureaux en France,"Le nettoyage professionnel est une composante essentielle du fonctionnement quotidien des entreprises modernes. Les bureaux, espaces commerciaux et bâtiment...",Learn more,,https://savingsbuild.com/le-nettoyage-professionnel-de-bureaux-en-france?utm_campaign=vb-cleaning-fr-gr1-fb-fr-a-0820-GE02-p&utm_source=facebook&utm_term=gr1&utm_content=cleaning-fr&utm_medium=a&l=g,https://savingsbuild.com/le-nettoyage-professionnel-de-bureaux-en-france?utm_campaign=vb-cleaning-fr-gr1-fb-fr-a-0820-GE02-p&utm_source=facebook&utm_term=gr1&utm_content=cleaning-fr&utm_medium=a&l=g,,,vb-cleaning-fr-gr1-fb-fr-a-0820-GE02-p | cleaning-fr,,,"MX 4, BR 3, FR 2",,image,creatives/savingsbuild.com/1850035102387190.jpg,,,профессиональная уборка офисов в конкретной стране,https://www.facebook.com/ads/library/?id=1850035102387190,yes
1553376795970960,topicliving.com,прочее,,,0,Foundation Trail,yes,2026-09-10,2026-09-10,"FACEBOOK,INSTAGRAM,AUDIENCE_NETWORK,THREADS",VIDEO,,How People Are Getting Cars Without Stressing About Credit Scores,,Learn more,,https://topicliving.com/navigating-car-financing-a-comprehensive-guide-to-understanding-options-for-different-credit-profiles-1788982239?utm_campaign=tl-maximkarbovnik989badreditsarusfb-Bad%D0%A1redits%D0%A1arUSFB-fb-us-m-0910-GE01-p&utm_source=facebook&utm_term=Bad%D0%A1redits%D0%A1arUSFB&utm_content=maximkarbovnik989badreditsarusfb&utm_medium=m&l=by,https://topicliving.com/navigating-car-financing-a-comprehensive-guide-to-understanding-options-for-different-credit-profiles-1788982239?utm_campaign=tl-maximkarbovnik989badreditsarusfb-Bad%D0%A1redits%D0%A1arUSFB-fb-us-m-0910-GE01-p&utm_source=facebook&utm_term=Bad%D0%A1redits%D0%A1arUSFB&utm_content=maximkarbovnik989badreditsarusfb&utm_medium=m&l=by,,,tl-maximkarbovnik989badreditsarusfb-BadСreditsСarUSFB-fb-us-m-0910-GE01-p | maximkarbovnik989badreditsarusfb,,,,,video_preview,creatives/topicliving.com/1553376795970960.jpg,,https://video-ord5-1.xx.fbcdn.net/o1/v/t2/f2/m366/AQOZX9gE11DByOzaLH5RozkoKFYMqG2RpIBjrXWy_Af2CepiuanefzcM6y_Eu2Clc3OS9pAtwdWFSYWTfFLO_uNotaq-rmCqn0cubvapIKph7Q.mp4?_nc_cat=109&_nc_sid=b66105&_nc_ht=video-ord5-1.xx.fbcdn.net&_nc_ohc=pNiEixgzyaIQ7kNvwHjrog1&efg=eyJ2ZW5jb2RlX3RhZyI6Inhwdl9wcm9ncmVzc2l2ZS5WSV9VU0VDQVNFX1BST0RVQ1RfVFlQRS4uQzMuNzIwLmRhc2hfaDI2NC1iYXNpYy1nZW4yXzcyMHAiLCJ4cHZfYXNzZXRfaWQiOjExMTQzMTgzMTA5MzIxNzEsImFzc2V0X2FnZV9kYXlzIjoxMywidmlfdXNlY2FzZV9pZCI6MTAxMzksImR1cmF0aW9uX3MiOjYsInVybGdlbl9zb3VyY2UiOiJ3d3cifQ%3D%3D&ccb=17-1&vs=45aaca13e7474c47&_nc_vs=HBksFQIYRWZiX2VwaGVtZXJhbC82RjQ0RjUxNTFBODRCMzI0MTIwMDU5Q0Y5RDhGNUY5MV9tdF8xX3ZpZGVvX2Rhc2hpbml0Lm1wNBUAAsgBEgAVAhhAZmJfcGVybWFuZW50LzdFNDU5RUI2QzQyMEEyRjg0OUU0OTVDMUIzOUNFNUI1X2F1ZGlvX2Rhc2hpbml0Lm1wNBUCAsgBEgAoABgAGwKIB3VzZV9vaWwBMRJwcm9ncmVzc2l2ZV9yZWNpcGUBMRUAACaW-7ex7t36AxUCKAJDMywXQBghysCDEm8YGWRhc2hfaDI2NC1iYXNpYy1nZW4yXzcyMHARAHUAZbaeAQA&_nc_gid=N1CBqZnbkKbADIWxw8aa6w&_nc_ss=70289&_nc_zt=28&oh=00_AQKY8O_Q5azHBnXQapMR-K5ml2jGrN3PACOXDrZTt7la_w&oe=6AB93BDB,,https://www.facebook.com/ads/library/?id=1553376795970960,yes
