role,geo,keyword,translation,rpc,rpcBand,rpcOrClass,pattern,donor,plannerVolume,plannerDeltaPct,status,note,source
донор (все гео),HU,Gyorskölcsön Azonnal,быстрый кредит сразу,0.4594,high,"$0.459 за клик (57 кл., $26.18; наш, 30 дней)",,,,,ok,,"keywords/all, research_keywords HU_1 (24.09)"
донор (все гео),HU,Mbh Bank Személyi Kölcsön Kalkulátor,калькулятор потребительского кредита банка MBH,0.4592,high,"$0.459 за клик (51 кл., $23.42; наш, 30 дней)",,,,,ok,,"keywords/all, research_keywords HU_1 (24.09)"
донор (все гео),PT,Simulador de Emprestimo,калькулятор кредита,0.3897,high,"$0.390 за клик (24 кл., $9.35; наш, 30 дней)",,,,,ok,,"keywords/all, research_keywords PT_1 (24.09)"
донор (все гео),HU,Kis Összegű Kölcsön Azonnal,небольшой кредит сразу,0.3856,high,"$0.386 за клик (32 кл., $12.34; наш, 30 дней)",,,,,ok,,"keywords/all, research_keywords HU_1 (24.09)"
донор (все гео),LT,Paskolos Vyresniems Nei 60,"кредиты для тех, кому за 60",0.2972,high,"$0.297 за клик (211 кл., $62.70; наш, 30 дней)",,,,,ok,,"keywords/all, research_keywords LT_1 (24.09)"
донор (все гео),RO,Credit de Nevoi Personale,кредит на личные нужды,0.2293,mid,"$0.229 за клик (25 кл., $5.73; наш, 30 дней)",,,,,ok,,"keywords/all, research_keywords RO_1 (24.09)"
донор (все гео),RO,Credite Nevoi Personale,кредиты на личные нужды,0.2237,mid,"$0.224 за клик (27 кл., $6.04; наш, 30 дней)",,,,,ok,,"keywords/all, research_keywords RO_1 (24.09)"
донор (все гео),RO,Credite Instant Doar Cu Buletinul,мгновенные кредиты только по паспорту,0.21,mid,"$0.210 за клик (27 кл., $5.67; наш, 30 дней)",,,,,ok,,keywords/all (24.09)
донор (все гео),AT,Kreditkarte mit 5000 € Kreditrahmen Österreich,кредитная карта с лимитом 5000 € Австрия,,high,"класс «высокий», без rpc (другие команды)",,,,,ok,,"keywords/all, research_keywords AT_1 (24.09)"
донор (все гео),AT,Mini Kredit Österreich,микрокредит Австрия,,high,"класс «высокий», без rpc (другие команды)",,,,,ok,,"keywords/all, research_keywords AT_1 (24.09)"
донор (все гео),AT,Kreditkarte mit Ratenzahlung 5.000 Euro,кредитка с рассрочкой на 5 000 €,,high,"класс «высокий», без rpc (другие команды)",,,,,ok,,research_keywords AT_1 (24.09)
донор (все гео),AU,Guaranteed Credit Card Approval $5000,кредитка на $5000 с гарантированным одобрением,,high,"класс «высокий», без rpc (другие команды)",,,,,ok,,research_keywords AU_1 (24.09)
донор (все гео),CH,Mini Kredit Twint Beantragen,мини-кредит через TWINT оформить,,high,"класс «высокий», без rpc (другие команды)",,,,,бренд запрещён — не берём,,"keywords/all, research_keywords CH_1 (24.09)"
донор (все гео),CH,Online Kredit Schweiz,онлайн-кредит Швейцария,,high,"класс «высокий», без rpc (другие команды)",,,,,ok,,"keywords/all, research_keywords CH_1 (24.09)"
донор (все гео),CH,Privatkredit Schweiz Beantragen,потребительский кредит Швейцария оформить,,high,"класс «высокий», без rpc (другие команды)",,,,,ok,,"keywords/all, research_keywords CH_1 (24.09)"
донор (все гео),CH,Mini Kredit Beantragen Twint,мини-кредит оформить через TWINT,,high,"класс «высокий», без rpc (другие команды)",,,,,бренд запрещён — не берём,,"keywords/all, research_keywords CH_1 (24.09)"
донор (все гео),CH,Kredit in 5 Minuten auf dem Konto,кредит на счёт за 5 минут,,high,"класс «высокий», без rpc (другие команды)",,,,,ok,,"keywords/all, research_keywords CH_1 (24.09)"
донор (все гео),CH,Online Kredit Beantragen,онлайн-кредит оформить,,high,"класс «высокий», без rpc (другие команды)",,,,,ok,,"keywords/all, research_keywords CH_1 (24.09)"
донор (все гео),CH,Mini-kredit Twint Beantragen,мини-кредит через TWINT оформить,,high,"класс «высокий», без rpc (другие команды)",,,,,бренд запрещён — не берём,,keywords/all (24.09)
донор (все гео),CH,Kreditkarte mit 5000,кредитная карта с лимитом 5000,,high,"класс «высокий», без rpc (другие команды)",,,,,ok,,"keywords/all, research_keywords CH_1 (24.09)"
донор (все гео),CH,Kreditkarte mit 5000 Verfügungsrahmen,кредитная карта с лимитом 5000,,high,"класс «высокий», без rpc (другие команды)",,,,,ok,,"keywords/all, research_keywords CH_1 (24.09)"
донор (все гео),CH,Online Kreditkarte Sofort,онлайн кредитная карта сразу,,high,"класс «высокий», без rpc (другие команды)",,,,,ok,,"keywords/all, research_keywords CH_1 (24.09)"
донор (все гео),CH,Kreditkarte mit Sofort Geld,кредитная карта с деньгами сразу,,high,"класс «высокий», без rpc (другие команды)",,,,,ok,,"keywords/all, research_keywords CH_1 (24.09)"
донор (все гео),CH,Kreditkarte mit Ratenzahlung Schweiz,"кредитная карта с оплатой в рассрочку, Швейцария",,high,"класс «высокий», без rpc (другие команды)",,,,,ok,,"keywords/all, research_keywords CH_1 (24.09)"
донор (все гео),CH,Mini-Kredit TWINT Schweiz,"мини-кредит через TWINT, Швейцария",,high,"класс «высокий», без rpc (другие команды)",,,,,бренд запрещён — не берём,,keywords/all (24.09)
донор (все гео),CH,Kreditkarte mit Sofortgeld,кредитная карта с деньгами сразу,,high,"класс «высокий», без rpc (другие команды)",,,,,ok,,"keywords/all, research_keywords CH_1 (24.09)"
донор (все гео),CH,Kreditkarte bis 5000 Franken,кредитная карта с лимитом до 5000 франков,,high,"класс «высокий», без rpc (другие команды)",,,,,ok,,"keywords/all, research_keywords CH_1 (24.09)"
донор (все гео),CH,Kreditkarte 10000 Limit,кредитная карта с лимитом 10 000,,high,"класс «высокий», без rpc (другие команды)",,,,,ok,,"keywords/all, research_keywords CH_1 (24.09)"
донор (все гео),CH,Twint Kreditkarte 5000 CHF,кредитная карта TWINT на 5000 CHF,,high,"класс «высокий», без rpc (другие команды)",,,,,бренд запрещён — не берём,,"keywords/all, research_keywords CH_1 (24.09)"
донор (все гео),CH,Kreditkarte Schnell Erhalten,быстро получить кредитную карту,,high,"класс «высокий», без rpc (другие команды)",,,,,ok,,"keywords/all, research_keywords CH_1 (24.09)"
донор (все гео),DE,Kreditkarte mit Ratenzahlung 5.000 Euro,кредитная карта с рассрочкой 5000 евро,,high,"класс «высокий», без rpc (другие команды)",,,,,ok,,"keywords/all, research_keywords DE_1, research_keywords DE_C, research_keywords DE_D (24.09)"
донор (все гео),DE,Kredit für Verschuldete,кредит для должников,,high,"класс «высокий», без rpc (другие команды)",,,,,ok,,"keywords/all, research_keywords DE_1, research_keywords DE_A, research_keywords DE_B, research_keywords DE_C, research_keywords DE_D (24.09)"
донор (все гео),DE,Sofortkredit Ohne Ablehnung,срочный кредит без отказа,,high,"класс «высокий», без rpc (другие команды)",,,,,ok,,"keywords/all, research_keywords DE_1, research_keywords DE_A (24.09)"
донор (все гео),DE,Kostenlose Kreditkarte Beantragen,оформить бесплатную кредитную карту,,high,"класс «высокий», без rpc (другие команды)",,,,,ok,,"keywords/all, research_keywords DE_1, research_keywords DE_A, research_keywords DE_C, research_keywords DE_D (24.09)"
донор (все гео),DE,Online Kreditkarte Sofort,онлайн кредитная карта сразу,,high,"класс «высокий», без rpc (другие команды)",,,,,ok,,"keywords/all, research_keywords DE_1, research_keywords DE_A, research_keywords DE_C, research_keywords DE_D (24.09)"
донор (все гео),DE,Beste Kreditkarte mit Ratenzahlung,лучшая кредитная карта с рассрочкой,,high,"класс «высокий», без rpc (другие команды)",,,,,ok,,"keywords/all, research_keywords DE_1, research_keywords DE_C, research_keywords DE_D (24.09)"
донор (все гео),DE,Ich Brauche Sofort Geld,мне срочно нужны деньги,,high,"класс «высокий», без rpc (другие команды)",,,,,ok,,"keywords/all, research_keywords DE_A (24.09)"
донор (все гео),DE,Ich Brauche Jetzt Sofort Geld,мне прямо сейчас срочно нужны деньги,,high,"класс «высокий», без rpc (другие команды)",,,,,ok,,"keywords/all, research_keywords DE_A (24.09)"
донор (все гео),PL,Kredyt Online Szybko,кредит онлайн быстро,,high,"класс «высокий», без rpc (другие команды)",,,,,ok,,"keywords/all, research_keywords PL_1 (24.09)"
донор (все гео),PL,Kredyt Przez Internet,кредит через интернет,,high,"класс «высокий», без rpc (другие команды)",,,,,ok,,"keywords/all, research_keywords PL_1 (24.09)"
донор (все гео),PL,Złóż Wniosek o Pożyczkę Gotówkową W 5 Minut,подай заявку на займ наличными за 5 минут,,high,"класс «высокий», без rpc (другие команды)",,,,,ok,,keywords/all (24.09)
донор (все гео),PL,Konto Bankowe Online na Dowód,банковский счёт онлайн по паспорту,,high,"класс «высокий», без rpc (другие команды)",,,,,ok,,keywords/all (24.09)
донор (все гео),PL,Kredyt Online Szybka Decyzja,"кредит онлайн, быстрое решение",,high,"класс «высокий», без rpc (другие команды)",,,,,ok,,research_keywords PL_1 (24.09)
донор (все гео),AT,Kreditkarte mit Ratenzahlung Österreich,"кредитка с рассрочкой, Австрия",,mid,"класс «средний», без rpc (другие команды)",,,,,ok,,research_keywords AT_1 (24.09)
донор (все гео),AT,Kreditkarte Beantragen Österreich,"оформить кредитку, Австрия",,mid,"класс «средний», без rpc (другие команды)",,,,,ok,,research_keywords AT_1 (24.09)
донор (все гео),AU,Instant Approval Credit Cards with Instant Use,кредитки с мгновенным одобрением и использованием,,mid,"класс «средний», без rpc (другие команды)",,,,,ok,,research_keywords AU_1 (24.09)
донор (все гео),BE,Crédit Urgent le Jour Même Sans Justificatif Belgique,"срочный кредит в тот же день без документов, Бельгия",,mid,"класс «средний», без rpc (другие команды)",,,,,ok,,research_keywords BEfr_1 (24.09)
донор (все гео),CA,Easy Approval Credit Card,кредитка с лёгким одобрением,,mid,"класс «средний», без rpc (другие команды)",,,,,ok,,research_keywords CA_1 (24.09)
донор (все гео),CA,100 Approval Credit Card,кредитка со 100% одобрением,,mid,"класс «средний», без rpc (другие команды)",,,,,ok,,research_keywords CA_1 (24.09)
донор (все гео),CA,Fast Funding Personal Loans,потребзаймы с быстрой выплатой,,mid,"класс «средний», без rpc (другие команды)",,,,,ok,,research_keywords CA_1 (24.09)
донор (все гео),DE,Sofortkredit 5000€,срочный кредит 5000 €,,mid,"класс «средний», без rpc (другие команды)",,,,,ok,,"keywords/all, research_keywords DE_1, research_keywords DE_A (24.09)"
донор (все гео),DE,Kreditkarte mit 5000 Verfügungsrahmen,кредитная карта с лимитом 5000,,mid,"класс «средний», без rpc (другие команды)",,,,,ok,,"keywords/all, research_keywords DE_1, research_keywords DE_C, research_keywords DE_D (24.09)"
донор (все гео),EE,Laen 300 Eurot,кредит 300 евро,,mid,"класс «средний», без rpc (другие команды)",,,,,ok,,"keywords/all, research_keywords EE_1 (24.09)"
донор (все гео),EE,Väike Laen Ilma Sissetuleku,небольшой кредит без подтверждения дохода,,mid,"класс «средний», без rpc (другие команды)",,,,,ok,,"keywords/all, research_keywords EE_1 (24.09)"
донор (все гео),FR,Financement Voiture Sans Apport 2026,автокредит без первого взноса 2026,,mid,"класс «средний», без rpc (другие команды)",,,,,ok,,"keywords/all, research_keywords FR_A, research_keywords FR_B, research_keywords FR_C (24.09)"
донор (все гео),FR,Ouvrir un Compte en Ligne Avec Rib Immédiat,открыть счёт онлайн с мгновенными реквизитами,,mid,"класс «средний», без rpc (другие команды)",,,,,ok,,"keywords/all, research_keywords FR_A, research_keywords FR_B, research_keywords FR_C (24.09)"
донор (все гео),FR,Je Suis a la Recherche D un Pret,ищу кредит,,mid,"класс «средний», без rpc (другие команды)",,,,,ok,,"keywords/all, research_keywords FR_1, research_keywords FR_A (24.09)"
донор (все гео),FR,Voiture 150 Euros Mois,машина за 150 евро в месяц,,mid,"класс «средний», без rpc (другие команды)",,,,,ok,,"keywords/all, research_keywords FR_B (24.09)"
донор (все гео),FR,Crédit Bancaire,банковский кредит,,mid,"класс «средний», без rpc (другие команды)",,,,,ok,,"research_keywords FR_1, research_keywords FR_A, research_keywords FR_B, research_keywords FR_C (24.09)"
донор (все гео),FR,Banque en Ligne Credit,"онлайн-банк, кредит",,mid,"класс «средний», без rpc (другие команды)",,,,,ok,,"research_keywords FR_1, research_keywords FR_A, research_keywords FR_B, research_keywords FR_C (24.09)"
донор (все гео),FR,Voiture Payable par Mois Sans Apport,машина с оплатой помесячно без взноса,,mid,"класс «средний», без rpc (другие команды)",,,,,ok,,"research_keywords FR_A, research_keywords FR_B, research_keywords FR_C (24.09)"
донор (все гео),FR,Voiture 99 Euros par Mois Sans Apport 2026,машина за 99 € в месяц без взноса 2026,,mid,"класс «средний», без rpc (другие команды)",,,,,ok,,"research_keywords FR_A, research_keywords FR_B, research_keywords FR_C (24.09)"
донор (все гео),FR,Ouvrir un Compte en Ligne en 5 Minutes,открыть счёт онлайн за 5 минут,,mid,"класс «средний», без rpc (другие команды)",,,,,ok,,"research_keywords FR_A, research_keywords FR_C (24.09)"
донор (все гео),FR,Voiture Payer par Mois Sans Apport,машина с оплатой помесячно без взноса,,mid,"класс «средний», без rpc (другие команды)",,,,,ok,,"research_keywords FR_A, research_keywords FR_B, research_keywords FR_C (24.09)"
донор (все гео),FR,Voiture Sans Apport 2026,машина без взноса 2026,,mid,"класс «средний», без rpc (другие команды)",,,,,ok,,"research_keywords FR_A, research_keywords FR_B, research_keywords FR_C (24.09)"
донор (все гео),FR,Financement Voiture Sans Apport,финансирование машины без взноса,,mid,"класс «средний», без rpc (другие команды)",,,,,ok,,"research_keywords FR_A, research_keywords FR_B, research_keywords FR_C (24.09)"
донор (все гео),FR,Voiture 100 Euros par Mois,машина за 100 € в месяц,,mid,"класс «средний», без rpc (другие команды)",,,,,ok,,research_keywords FR_B (24.09)
донор (все гео),GB,Zopa Credit Card Apply,оформить кредитку Zopa,,mid,"класс «средний», без rpc (другие команды)",,,,,ok,,"research_keywords GB_1, research_keywords GB_A, research_keywords GB_B, research_keywords GB_C (24.09)"
донор (все гео),GB,Debit Card Account,счёт с дебетовой картой,,mid,"класс «средний», без rpc (другие команды)",,,,,ok,,"research_keywords GB_1, research_keywords GB_B, research_keywords GB_C (24.09)"
донор (все гео),GB,Apply for a Credit Card Online,оформить кредитку онлайн,,mid,"класс «средний», без rpc (другие команды)",,,,,ok,,"research_keywords GB_1, research_keywords GB_A, research_keywords GB_B, research_keywords GB_C (24.09)"
донор (все гео),GB,Credit Card with Instant Use,кредитка с мгновенным использованием,,mid,"класс «средний», без rpc (другие команды)",,,,,ok,,"research_keywords GB_1, research_keywords GB_A, research_keywords GB_B, research_keywords GB_C (24.09)"
донор (все гео),GB,Instant Approval Credit Cards with Instant Use,кредитки с мгновенным одобрением и использованием,,mid,"класс «средний», без rpc (другие команды)",,,,,ok,,"research_keywords GB_1, research_keywords GB_A, research_keywords GB_B, research_keywords GB_C (24.09)"
донор (все гео),GB,Credit Cards with Instant Use,кредитки с мгновенным использованием,,mid,"класс «средний», без rpc (другие команды)",,,,,ok,,"research_keywords GB_1, research_keywords GB_A, research_keywords GB_B, research_keywords GB_C (24.09)"
донор (все гео),IT,Richiedere un Mini Prestito Tramite Twint,запросить мини-заём через TWINT (бренд — не берём),,mid,"класс «средний», без rpc (другие команды)",,,,,бренд запрещён — не берём,,research_keywords IT_1 (24.09)
донор (все гео),LT,Greitieji Kreditai Per 15 Min,быстрые кредиты за 15 минут,,mid,"класс «средний», без rpc (другие команды)",,,,,ok,,"keywords/all, research_keywords LT_1 (24.09)"
донор (все гео),LT,Paskolos Internetu Greitai,кредиты онлайн быстро,,mid,"класс «средний», без rpc (другие команды)",,,,,ok,,"keywords/all, research_keywords LT_1 (24.09)"
донор (все гео),LT,Paysera Asmeninė Paskola 800€ Šiandien Lietuva,"личный кредит Paysera 800 € сегодня, Литва",,mid,"класс «средний», без rpc (другие команды)",,,,,ok,,"keywords/all, research_keywords LT_1 (24.09)"
донор (все гео),LT,Paysera Online Paskola be Dokumentų,онлайн-кредит Paysera без документов,,mid,"класс «средний», без rpc (другие команды)",,,,,ok,,"keywords/all, research_keywords LT_1 (24.09)"
донор (все гео),LT,Paysera Paskola 300€ Sprendimas Per 5 Minutes,"кредит Paysera 300 €, решение за 5 минут",,mid,"класс «средний», без rpc (другие команды)",,,,,ok,,"keywords/all, research_keywords LT_1 (24.09)"
донор (все гео),LT,Paysera Paskola be Pajamų Įrodymo,кредит Paysera без подтверждения дохода,,mid,"класс «средний», без rpc (другие команды)",,,,,ok,,"keywords/all, research_keywords LT_1 (24.09)"
донор (все гео),LT,Paskola 2.000€ Pervedimas Tą Pačią Dieną,кредит 2000 € с переводом в тот же день,,mid,"класс «средний», без rpc (другие команды)",,,,,ok,,"keywords/all, research_keywords LT_1 (24.09)"
донор (все гео),LT,Paskola Per 5 Min,кредит за 5 минут,,mid,"класс «средний», без rpc (другие команды)",,,,,ok,,"keywords/all, research_keywords LT_1 (24.09)"
донор (все гео),LT,Paskolos Skolininkams,кредиты для должников,,mid,"класс «средний», без rpc (другие команды)",,,,,ok,,"keywords/all, research_keywords LT_1 (24.09)"
донор (все гео),LT,Paysera Paskola be Dokumentų,кредит Paysera без документов,,mid,"класс «средний», без rpc (другие команды)",,,,,ok,,research_keywords LT_1 (24.09)
донор (все гео),NL,Ik Wil Geld Lenen,хочу взять деньги в долг,,mid,"класс «средний», без rpc (другие команды)",,,,,ok,,"keywords/all, research_keywords NL_1 (24.09)"
донор (все гео),NL,Kleine Som Geld Lenen,взять в долг небольшую сумму,,mid,"класс «средний», без rpc (другие команды)",,,,,ok,,"keywords/all, research_keywords NL_1 (24.09)"
донор (все гео),NL,Lenen Aanvragen,подать заявку на кредит,,mid,"класс «средний», без rpc (другие команды)",,,,,ok,,"keywords/all, research_keywords NL_1 (24.09)"
донор (все гео),NL,Lenen als Alleenstaande,кредит для одиноких,,mid,"класс «средний», без rpc (другие команды)",,,,,ok,,"keywords/all, research_keywords NL_1 (24.09)"
донор (все гео),NL,Lening Aanvragen Nederland,подать заявку на кредит в Нидерландах,,mid,"класс «средний», без rpc (другие команды)",,,,,ok,,"keywords/all, research_keywords NL_1 (24.09)"
донор (все гео),PL,Kredyt Gotówkowy Online Szybki,быстрый потребительский кредит онлайн,,mid,"класс «средний», без rpc (другие команды)",,,,,ok,,"keywords/all, research_keywords PL_1 (24.09)"
донор (все гео),PL,Online Pożyczka Bez Dokumentów,онлайн-заём без документов,,mid,"класс «средний», без rpc (другие команды)",,,,,ok,,"keywords/all, research_keywords PL_1 (24.09)"
донор (все гео),PL,Telewizor na Raty Bez Bik i Krd,телевизор в рассрочку без проверки кредитной истории,,mid,"класс «средний», без rpc (другие команды)",,,,,ok,,keywords/all (24.09)
донор (все гео),PL,Telewizor na Raty Dla Zadłużonych,телевизор в рассрочку для должников,,mid,"класс «средний», без rpc (другие команды)",,,,,ok,,keywords/all (24.09)
донор (все гео),PL,Kredyt Bez Wychodzenia Z Domu,кредит не выходя из дома,,mid,"класс «средний», без rpc (другие команды)",,,,,ok,,"keywords/all, research_keywords PL_1 (24.09)"
донор (все гео),PL,Kredyt Gotówkowy Online,кредит наличными онлайн,,mid,"класс «средний», без rpc (другие команды)",,,,,ok,,"keywords/all, research_keywords PL_1 (24.09)"
донор (все гео),PL,Pożyczka Przez Internet na Konto,займ через интернет на счёт,,mid,"класс «средний», без rpc (другие команды)",,,,,ok,,"keywords/all, research_keywords PL_1 (24.09)"
донор (все гео),PL,Telefon na Raty Bez Banku,телефон в рассрочку без банка,,mid,"класс «средний», без rpc (другие команды)",,,,,ok,,keywords/all (24.09)
донор (все гео),PL,Iphone na Raty Dla Zadłużonych,iPhone в рассрочку для должников,,mid,"класс «средний», без rpc (другие команды)",,,,,ok,,keywords/all (24.09)
донор (все гео),PL,Kredyt Konsolidacyjny Dla Zadłużonych Bez Zdolności Kredytowej,консолидационный кредит для должников без кредитоспособности,,mid,"класс «средний», без rpc (другие команды)",,,,,ok,,"keywords/all, research_keywords PL_1 (24.09)"
донор (все гео),PL,Telewizor na Raty Bez Bik,телевизор в рассрочку без проверки БКИ (BIK),,mid,"класс «средний», без rpc (другие команды)",,,,,ok,,keywords/all (24.09)
донор (все гео),PL,Telefony na Raty Bez Weryfikacji,телефоны в рассрочку без проверки,,mid,"класс «средний», без rpc (другие команды)",,,,,ok,,keywords/all (24.09)
донор (все гео),PL,Telewizor+na+raty+bez+bik,телевизор в рассрочку без проверки БКИ (BIK),,mid,"класс «средний», без rpc (другие команды)",,,,,ok,,keywords/all (24.09)
донор (все гео),PL,Złóż Wniosek o Awaryjną Pożyczkę Gotówkową 20000 Pln Już Dziś,подай заявку на срочный займ 20 000 злотых уже сегодня,,mid,"класс «средний», без rpc (другие команды)",,,,,ok,,keywords/all (24.09)
донор (все гео),PL,Pierwszy Kredyt,первый кредит,,mid,"класс «средний», без rpc (другие команды)",,,,,ok,,research_keywords PL_1 (24.09)
донор (все гео),US,Card Application,заявка на карту,,mid,"класс «средний», без rpc (другие команды)",,,,,ok,,research_keywords US_1 (24.09)
донор (все гео),US,Business Line of Credit Biggerpockets,бизнес-кредитная линия (BiggerPockets),,mid,"класс «средний», без rpc (другие команды)",,,,,ok,,research_keywords US_1 (24.09)
донор (все гео),US,Credit Card Right Now,кредитка прямо сейчас,,mid,"класс «средний», без rpc (другие команды)",,,,,ok,,research_keywords US_1 (24.09)
донор (все гео),US,Nerdwallet Credit Card Offers,предложения кредиток на NerdWallet,,mid,"класс «средний», без rpc (другие команды)",,,,,ok,,research_keywords US_1 (24.09)
донор (все гео),US,Forbes Best Credit Cards,лучшие кредитки по версии Forbes,,mid,"класс «средний», без rpc (другие команды)",,,,,ok,,research_keywords US_1 (24.09)
донор (все гео),US,Moneyme Credit Card,кредитка MoneyMe,,mid,"класс «средний», без rpc (другие команды)",,,,,ok,,research_keywords US_1 (24.09)
донор (все гео),BE,Ouverture de Crédit,кредитная линия (открытие кредита),,low,"класс «низкий», без rpc (другие команды)",,,,,ok,,research_keywords BEfr_1 (24.09)
донор (все гео),BE,Prêt Personnel 3 Chance au Crédit,потребзаём «3 chance au crédit»,,low,"класс «низкий», без rpc (другие команды)",,,,,ok,,research_keywords BEfr_1 (24.09)
донор (все гео),CA,Fast Approval Credit Card,кредитная карта с быстрым одобрением,,low,"класс «низкий», без rpc (другие команды)",,,,,ok,,"keywords/all, research_keywords CA_1 (24.09)"
донор (все гео),CA,Credit Card Right Now,кредитка прямо сейчас,,low,"класс «низкий», без rpc (другие команды)",,,,,ok,,research_keywords CA_1 (24.09)
донор (все гео),ES,Solicitar Tarjeta Online,оформить карту онлайн,,low,"класс «низкий», без rpc (другие команды)",,,,,ok,,"keywords/all, research_keywords ES_1 (24.09)"
донор (все гео),ES,Tarjetas Visa Gratis con Dinero,бесплатные карты Visa с деньгами,,low,"класс «низкий», без rpc (другие команды)",,,,,ok,,keywords/all (24.09)
донор (все гео),ES,Tarjeta Visa Gratis con Dinero,бесплатная карта Visa с деньгами,,low,"класс «низкий», без rpc (другие команды)",,,,,ok,,research_keywords ES_1 (24.09)
донор (все гео),ES,Solicitar Tarjeta de Débito Online,заказать дебетовую карту онлайн,,low,"класс «низкий», без rpc (другие команды)",,,,,ok,,research_keywords ES_1 (24.09)
донор (все гео),ES,Tarjeta de Credito Gratis con Dinero,бесплатная кредитка с деньгами,,low,"класс «низкий», без rpc (другие команды)",,,,,ok,,research_keywords ES_1 (24.09)
донор (все гео),ES,Solicitar Tarjeta de Debito Online,заказать дебетовую карту онлайн,,low,"класс «низкий», без rpc (другие команды)",,,,,ok,,research_keywords ES_1 (24.09)
донор (все гео),FR,Mini Pret Instantané,мгновенный мини-заём,,low,"класс «низкий», без rpc (другие команды)",,,,,ok,,"research_keywords FR_1, research_keywords FR_A (24.09)"
донор (все гео),FR,Prêt Personnel Internet,потребзаём через интернет,,low,"класс «низкий», без rpc (другие команды)",,,,,ok,,"research_keywords FR_1, research_keywords FR_A, research_keywords FR_B, research_keywords FR_C (24.09)"
донор (все гео),FR,Carte de Crédit en Ligne Sans Justificatif,кредитка онлайн без документов,,low,"класс «низкий», без rpc (другие команды)",,,,,ok,,"research_keywords FR_1, research_keywords FR_A, research_keywords FR_B, research_keywords FR_C (24.09)"
донор (все гео),FR,Micro Credit Rapide Sans Justificatif,быстрый микрокредит без документов,,low,"класс «низкий», без rpc (другие команды)",,,,,ok,,"research_keywords FR_1, research_keywords FR_A, research_keywords FR_B, research_keywords FR_C (24.09)"
донор (все гео),FR,Mini Prêt Virement Immédiat Sans Refus,"мини-заём, мгновенный перевод, без отказа",,low,"класс «низкий», без rpc (другие команды)",,,,,ok,,"research_keywords FR_1, research_keywords FR_A, research_keywords FR_B, research_keywords FR_C (24.09)"
донор (все гео),FR,Demande de Carte Bancaire en Ligne,заявка на банковскую карту онлайн,,low,"класс «низкий», без rpc (другие команды)",,,,,ok,,"research_keywords FR_1, research_keywords FR_A, research_keywords FR_C (24.09)"
донор (все гео),FR,Ouvrir un Compte en Ligne Immédiatement,открыть счёт онлайн немедленно,,low,"класс «низкий», без rpc (другие команды)",,,,,ok,,"research_keywords FR_A, research_keywords FR_C (24.09)"
донор (все гео),GB,Where to Get a Credit Card,где получить кредитку,,low,"класс «низкий», без rpc (другие команды)",,,,,ok,,"research_keywords GB_1, research_keywords GB_A, research_keywords GB_B, research_keywords GB_C (24.09)"
донор (все гео),GB,Credit Card Apply Uk,"оформить кредитку, UK",,low,"класс «низкий», без rpc (другие команды)",,,,,ok,,"research_keywords GB_1, research_keywords GB_A, research_keywords GB_B, research_keywords GB_C (24.09)"
донор (все гео),HR,Online Krediti Isplata Odmah,онлайн-кредиты с выплатой сразу,,low,"класс «низкий», без rpc (другие команды)",,,,,ok,,keywords/all (24.09)
донор (все гео),HU,200 000 Ft Azonnali Kölcsön Hitelvizsgálat Nélkül Nyugdíjasoknak,"кредит 200 000 форинтов сразу, без проверки, пенсионерам",,low,"класс «низкий», без rpc (другие команды)",,,,,ok,,"keywords/all, research_keywords HU_1 (24.09)"
донор (все гео),HU,500 000 Ft Kölcsön a Számlán 30 Percen Belül Munkanélkülieknek,"кредит 500 000 форинтов на счёт за 30 минут, безработным",,low,"класс «низкий», без rpc (другие команды)",,,,,ok,,"keywords/all, research_keywords HU_1 (24.09)"
донор (все гео),HU,Azonnali Kölcsön Online,мгновенный кредит онлайн,,low,"класс «низкий», без rpc (другие команды)",,,,,ok,,"keywords/all, research_keywords HU_1 (24.09)"
донор (все гео),HU,Gyors Kölcsön 300 000 HUF,быстрый кредит 300 000 форинтов,,low,"класс «низкий», без rpc (другие команды)",,,,,ok,,"keywords/all, research_keywords HU_1 (24.09)"
донор (все гео),HU,Munkaviszony Nélküli Kölcsön,кредит без официального трудоустройства,,low,"класс «низкий», без rpc (другие команды)",,,,,ok,,"keywords/all, research_keywords HU_1 (24.09)"
донор (все гео),HU,Online Kölcsön Nyugdíjasok,онлайн-кредит пенсионерам,,low,"класс «низкий», без rpc (другие команды)",,,,,ok,,"keywords/all, research_keywords HU_1 (24.09)"
донор (все гео),HU,Személyi Kölcsön Online Azonnal,потребительский кредит онлайн сразу,,low,"класс «низкий», без rpc (другие команды)",,,,,ok,,"keywords/all, research_keywords HU_1 (24.09)"
донор (все гео),HU,Elutasítás Nélküli Kölcsön,кредит без отказа,,low,"класс «низкий», без rpc (другие команды)",,,,,ok,,"keywords/all, research_keywords HU_1 (24.09)"
донор (все гео),HU,Gyors Kölcsön Nyugdíjasok,быстрый кредит пенсионерам,,low,"класс «низкий», без rpc (другие команды)",,,,,ok,,research_keywords HU_1 (24.09)
донор (все гео),IT,Finanziamento Online Immediato,мгновенное онлайн-финансирование,,low,"класс «низкий», без rpc (другие команды)",,,,,ok,,keywords/all (24.09)
донор (все гео),IT,Prestito Piccolo,небольшой заём,,low,"класс «низкий», без rpc (другие команды)",,,,,ok,,research_keywords IT_1 (24.09)
донор (все гео),IT,Prestito 1500,заём 1500,,low,"класс «низкий», без rpc (другие команды)",,,,,ok,,research_keywords IT_1 (24.09)
донор (все гео),IT,Piccolo Prestito con Accredito Immediato,небольшой заём с мгновенным зачислением,,low,"класс «низкий», без rpc (другие команды)",,,,,ok,,research_keywords IT_1 (24.09)
донор (все гео),IT,Prestito Piccolo Mobile 1000,"небольшой заём с телефона, 1000",,low,"класс «низкий», без rpc (другие команды)",,,,,ok,,research_keywords IT_1 (24.09)
донор (все гео),IT,Prestito 3.000 Euro,заём 3 000 евро,,low,"класс «низкий», без rpc (другие команды)",,,,,ok,,research_keywords IT_1 (24.09)
донор (все гео),IT,Ho Bisogno Di un Prestito Urgente,мне срочно нужен заём,,low,"класс «низкий», без rpc (другие команды)",,,,,ok,,research_keywords IT_1 (24.09)
донор (все гео),IT,Prestito Immediato 3000 Euro,мгновенный заём 3000 евро,,low,"класс «низкий», без rpc (другие команды)",,,,,ok,,research_keywords IT_1 (24.09)
донор (все гео),IT,Prestito Piccolo Importo,заём на небольшую сумму,,low,"класс «низкий», без rpc (другие команды)",,,,,ok,,research_keywords IT_1 (24.09)
донор (все гео),IT,Prestito 2000€,заём 2000 €,,low,"класс «низкий», без rpc (другие команды)",,,,,ok,,research_keywords IT_1 (24.09)
донор (все гео),IT,Prestito 5.000 Euro Immediato,мгновенный заём 5 000 евро,,low,"класс «низкий», без rpc (другие команды)",,,,,ok,,research_keywords IT_1 (24.09)
донор (все гео),IT,Prestito 2000 Euro,заём 2000 евро,,low,"класс «низкий», без rpc (другие команды)",,,,,ok,,research_keywords IT_1 (24.09)
донор (все гео),LT,Greita Paysera Paskola be Pajamų,быстрый кредит Paysera без дохода,,low,"класс «низкий», без rpc (другие команды)",,,,,ok,,"keywords/all, research_keywords LT_1 (24.09)"
донор (все гео),LT,Paskola be Dokumentų Šiandien,кредит без документов сегодня,,low,"класс «низкий», без rpc (другие команды)",,,,,ok,,"keywords/all, research_keywords LT_1 (24.09)"
донор (все гео),MX,Credito Pyme Bancomer,кредит для малого бизнеса Bancomer,,low,"класс «низкий», без rpc (другие команды)",,,,,ok,,research_keywords MX_1 (24.09)
донор (все гео),NL,Lening Aanvraag,заявка на кредит,,low,"класс «низкий», без rpc (другие команды)",,,,,ok,,"keywords/all, research_keywords NL_1 (24.09)"
донор (все гео),PL,Telewizor na Raty Bez Banku,телевизор в рассрочку без банка,,low,"класс «низкий», без rpc (другие команды)",,,,,ok,,keywords/all (24.09)
донор (все гео),PL,Telewizor na Prywatne Raty,телевизор в частную рассрочку,,low,"класс «низкий», без rpc (другие команды)",,,,,ok,,keywords/all (24.09)
донор (все гео),PL,Telewizor na Raty na Dowód,телевизор в рассрочку по паспорту,,low,"класс «низкий», без rpc (другие команды)",,,,,ok,,keywords/all (24.09)
донор (все гео),PL,Samochod na Raty,машина в рассрочку,,low,"класс «низкий», без rpc (другие команды)",,,,,ok,,keywords/all (24.09)
донор (все гео),PL,Auto na Raty Bez Wpłaty Własnej,машина в рассрочку без первого взноса,,low,"класс «низкий», без rpc (другие команды)",,,,,ok,,keywords/all (24.09)
донор (все гео),PL,Auto na Prywatne Raty,машина в частную рассрочку,,low,"класс «низкий», без rpc (другие команды)",,,,,ok,,keywords/all (24.09)
донор (все гео),PT,Crédito 1.500€ em 30 Minutos Mb Way Portugal,"кредит 1500 € за 30 минут через MB Way, Португалия",,low,"класс «низкий», без rpc (другие команды)",,,,,ok,,"keywords/all, research_keywords PT_1 (24.09)"
донор (все гео),PT,Crédito Online Imediato,кредит онлайн мгновенно,,low,"класс «низкий», без rpc (другие команды)",,,,,ok,,"keywords/all, research_keywords PT_1 (24.09)"
донор (все гео),PT,Empréstimo 1.000€ com Transferência Mb Way em 1 Hora,заём 1000 € переводом MB Way за час,,low,"класс «низкий», без rpc (другие команды)",,,,,ok,,"keywords/all, research_keywords PT_1 (24.09)"
донор (все гео),PT,Empréstimo Crédito Pessoal,"заём, личный кредит",,low,"класс «низкий», без rpc (другие команды)",,,,,ok,,"keywords/all, research_keywords PT_1 (24.09)"
донор (все гео),PT,Empréstimo Online 3.000€ Mb Way Sem Recibo,онлайн-заём 3000 € MB Way без справки,,low,"класс «низкий», без rpc (другие команды)",,,,,ok,,"keywords/all, research_keywords PT_1 (24.09)"
донор (все гео),PT,Empréstimo Online MB WAY,онлайн-заём через MB Way,,low,"класс «низкий», без rpc (другие команды)",,,,,ok,,"keywords/all, research_keywords PT_1 (24.09)"
донор (все гео),PT,Empréstimo Rápido 300€ Mb Way Decisão em 5 Minutos,"быстрый заём 300 € MB Way, решение за 5 минут",,low,"класс «низкий», без rpc (другие команды)",,,,,ok,,"keywords/all, research_keywords PT_1 (24.09)"
донор (все гео),PT,Empréstimo Rápido MB WAY,быстрый заём через MB Way,,low,"класс «низкий», без rpc (другие команды)",,,,,ok,,"keywords/all, research_keywords PT_1 (24.09)"
донор (все гео),PT,Emprestimo Online em 5 Minutos,кредит онлайн за 5 минут,,low,"класс «низкий», без rpc (другие команды)",,,,,ok,,keywords/all (24.09)
донор (все гео),PT,MB WAY Crédito Pessoal,потребкредит через MB WAY,,low,"класс «низкий», без rpc (другие команды)",,,,,ok,,research_keywords PT_1 (24.09)
донор (все гео),RO,Am Nevoie de Bani Urgent Azi,срочно нужны деньги сегодня,,low,"класс «низкий», без rpc (другие команды)",,,,,ok,,keywords/all (24.09)
донор (все гео),RO,Am+nevoie+de+bani+urgent+azi,срочно нужны деньги сегодня,,low,"класс «низкий», без rpc (другие команды)",,,,,ok,,keywords/all (24.09)
донор (все гео),RO,Credit Doar Cu Cnp,кредит только по личному номеру,,low,"класс «низкий», без rpc (другие команды)",,,,,ok,,"keywords/all, research_keywords RO_1 (24.09)"
донор (все гео),RO,Credit Online Rapid Pe Card,быстрый кредит онлайн на карту,,low,"класс «низкий», без rpc (другие команды)",,,,,ok,,"keywords/all, research_keywords RO_1 (24.09)"
донор (все гео),RO,Credit Online Urgent,срочный кредит онлайн,,low,"класс «низкий», без rpc (другие команды)",,,,,ok,,"keywords/all, research_keywords RO_1 (24.09)"
донор (все гео),RO,Credit Rapid,быстрый кредит,,low,"класс «низкий», без rpc (другие команды)",,,,,ok,,"keywords/all, research_keywords RO_1 (24.09)"
донор (все гео),RO,Credit Rapid Direct Pe Card,быстрый кредит сразу на карту,,low,"класс «низкий», без rpc (другие команды)",,,,,ok,,"keywords/all, research_keywords RO_1 (24.09)"
донор (все гео),RO,Credit Rapid Online,быстрый кредит онлайн,,low,"класс «низкий», без rpc (другие команды)",,,,,ok,,"keywords/all, research_keywords RO_1 (24.09)"
донор (все гео),RO,Credit Urgent Azi,срочный кредит сегодня,,low,"класс «низкий», без rpc (другие команды)",,,,,ok,,keywords/all (24.09)
донор (все гео),RO,Credite Online Doar Cu Buletinul,кредиты онлайн только по паспорту,,low,"класс «низкий», без rpc (другие команды)",,,,,ok,,keywords/all (24.09)
донор (все гео),RO,Imprumut Nevoi Personale,заём на личные нужды,,low,"класс «низкий», без rpc (другие команды)",,,,,ok,,"keywords/all, research_keywords RO_1 (24.09)"
донор (все гео),RO,Imprumut Urgent 1000 Euro,срочный заём 1000 евро,,low,"класс «низкий», без rpc (другие команды)",,,,,ok,,keywords/all (24.09)
донор (все гео),RO,Nevoie Urgenta de Bani,срочная нужда в деньгах,,low,"класс «низкий», без rpc (другие команды)",,,,,ok,,keywords/all (24.09)
донор (все гео),RO,Romania Personal Credit,потребительский кредит Румыния,,low,"класс «низкий», без rpc (другие команды)",,,,,ok,,"keywords/all, research_keywords RO_1 (24.09)"
донор (все гео),RO,Instant Loan Online,мгновенный кредит онлайн,,low,"класс «низкий», без rpc (другие команды)",,,,,ok,,keywords/all (24.09)
донор (все гео),RO,Proteza Dentara Totala Pret,"полный зубной протез, цена",,low,"класс «низкий», без rpc (другие команды)",,,,,ok,,keywords/all (24.09)
донор (все гео),RO,Dantura Fixa in 24 Ore Pret,"несъёмные зубы за 24 часа, цена",,low,"класс «низкий», без rpc (другие команды)",,,,,ok,,keywords/all (24.09)
перевод под DE,DE,Sofortkredit,срочный кредит,,,класса нет (в компании никто не зарабатывает на этом ключе); rpc донора — ориентир,«быстро / сразу»,"HU «Gyorskölcsön Azonnal» $0.459 (наш, 57 кл.)",9900,-18,ok,,research_keywords DE/de 24.09 (Planner 2026-08); класс — companyKeywords/keywords/all
перевод под DE,DE,Kredit mit Sofortauszahlung,кредит с мгновенной выплатой,,,класса нет (в компании никто не зарабатывает на этом ключе); rpc донора — ориентир,«быстро / сразу»,"HU «Gyorskölcsön Azonnal» $0.459 (наш, 57 кл.)",2900,-19,ok,,research_keywords DE/de 24.09 (Planner 2026-08); класс — companyKeywords/keywords/all
перевод под DE,DE,Online Kredit sofort,онлайн-кредит сразу,,,класса нет (в компании никто не зарабатывает на этом ключе); rpc донора — ориентир,«быстро / сразу»,"HU «Gyorskölcsön Azonnal» $0.459 (наш, 57 кл.)",5400,-46,ok,,research_keywords DE/de 24.09 (Planner 2026-08); класс — companyKeywords/keywords/all
перевод под DE,DE,Minikredit sofort,мини-кредит сразу,,,класса нет (в компании никто не зарабатывает на этом ключе); rpc донора — ориентир,«быстро / сразу»,"HU «Gyorskölcsön Azonnal» $0.459 (наш, 57 кл.)",4400,23,ok,Meta: payday и займы ≤90 дней запрещены (transparency.meta.com) — в крео не обещать срок «до зарплаты»,research_keywords DE/de 24.09 (Planner 2026-08); класс — companyKeywords/keywords/all
перевод под DE,DE,Sofortkredit Ohne Ablehnung,срочный кредит без отказа,,high,"класс «высокий», без rpc (другие команды)",«быстро / сразу»,"HU «Gyorskölcsön Azonnal» $0.459 (наш, 57 кл.)",,,ограничено,"Planner: строки нет (объём не показан); Meta: высокий риск — обещание «без проверки / всем» (решает владелец); ключ — только в статье, в крео «ohne Ablehnung» не писать",research_keywords DE/de 24.09 (Planner 2026-08); класс — companyKeywords/keywords/all
перевод под DE,DE,Ich Brauche Sofort Geld,мне срочно нужны деньги,,high,"класс «высокий», без rpc (другие команды)",«быстро / сразу»,"HU «Gyorskölcsön Azonnal» $0.459 (наш, 57 кл.)",,,ok,Planner: строки нет (объём не показан); Meta: зона Personal hardship (долги/нужда) — домен могут ограничить по событиям,research_keywords DE/de 24.09 (Planner 2026-08); класс — companyKeywords/keywords/all
перевод под DE,DE,Ich Brauche Jetzt Sofort Geld,мне прямо сейчас срочно нужны деньги,,high,"класс «высокий», без rpc (другие команды)",«быстро / сразу»,"HU «Gyorskölcsön Azonnal» $0.459 (наш, 57 кл.)",,,ok,Planner: строки нет (объём не показан); Meta: зона Personal hardship (долги/нужда) — домен могут ограничить по событиям,research_keywords DE/de 24.09 (Planner 2026-08); класс — companyKeywords/keywords/all
перевод под DE,DE,Sofortkredit 5000€,срочный кредит 5000 €,,mid,"класс «средний», без rpc (другие команды)",«быстро / сразу»,"HU «Gyorskölcsön Azonnal» $0.459 (наш, 57 кл.)",,,ok,Planner: строки нет (объём не показан),research_keywords DE/de 24.09 (Planner 2026-08); класс — companyKeywords/keywords/all
перевод под DE,DE,Kredit 10000 Euro,кредит 10 000 евро,,,класса нет (в компании никто не зарабатывает на этом ключе); rpc донора — ориентир,«калькулятор / симулятор / банк»,"HU «Mbh Bank Személyi Kölcsön Kalkulátor» $0.459 (наш, 51 кл.); PT «Simulador de Emprestimo» $0.390 (наш, 24 кл.)",3600,0,ok,,research_keywords DE/de 24.09 (Planner 2026-08); класс — companyKeywords/keywords/all
перевод под DE,DE,Kreditvergleich,сравнение кредитов,,,класса нет (в компании никто не зарабатывает на этом ключе); rpc донора — ориентир,«калькулятор / симулятор / банк»,"HU «Mbh Bank Személyi Kölcsön Kalkulátor» $0.459 (наш, 51 кл.); PT «Simulador de Emprestimo» $0.390 (наш, 24 кл.)",40500,0,ok,,research_keywords DE/de 24.09 (Planner 2026-08); класс — companyKeywords/keywords/all
перевод под DE,DE,Targobank Kredit,кредит Targobank,,,класса нет (в компании никто не зарабатывает на этом ключе); rpc донора — ориентир,«калькулятор / симулятор / банк»,"HU «Mbh Bank Személyi Kölcsön Kalkulátor» $0.459 (наш, 51 кл.); PT «Simulador de Emprestimo» $0.390 (наш, 24 кл.)",33100,0,ok,"бренд банка — только в статье (сравнение), логотип в крео нельзя",research_keywords DE/de 24.09 (Planner 2026-08); класс — companyKeywords/keywords/all
перевод под DE,DE,Baufinanzierungsrechner,калькулятор ипотеки,,,класса нет (в компании никто не зарабатывает на этом ключе); rpc донора — ориентир,«калькулятор / симулятор / банк»,"HU «Mbh Bank Személyi Kölcsön Kalkulátor» $0.459 (наш, 51 кл.); PT «Simulador de Emprestimo» $0.390 (наш, 24 кл.)",33100,22,ok,,research_keywords DE/de 24.09 (Planner 2026-08); класс — companyKeywords/keywords/all
перевод под DE,DE,Minikredit,мини-кредит,,,класса нет (в компании никто не зарабатывает на этом ключе); rpc донора — ориентир,«небольшая сумма сразу»,"HU «Kis Összegű Kölcsön Azonnal» $0.386 (наш, 32 кл.); AT «Mini Kredit Österreich» — высокий (другие)",8100,0,ok,Meta: payday и займы ≤90 дней запрещены (transparency.meta.com) — в крео не обещать срок «до зарплаты»,research_keywords DE/de 24.09 (Planner 2026-08); класс — companyKeywords/keywords/all
перевод под DE,DE,Kleinkredit,небольшой кредит,,,класса нет (в компании никто не зарабатывает на этом ключе); rpc донора — ориентир,«небольшая сумма сразу»,"HU «Kis Összegű Kölcsön Azonnal» $0.386 (наш, 32 кл.); AT «Mini Kredit Österreich» — высокий (другие)",9900,-18,ok,,research_keywords DE/de 24.09 (Planner 2026-08); класс — companyKeywords/keywords/all
перевод под DE,DE,Kleinkredit sofort,небольшой кредит сразу,,,класса нет (в компании никто не зарабатывает на этом ключе); rpc донора — ориентир,«небольшая сумма сразу»,"HU «Kis Összegű Kölcsön Azonnal» $0.386 (наш, 32 кл.); AT «Mini Kredit Österreich» — высокий (другие)",4400,0,ok,,research_keywords DE/de 24.09 (Planner 2026-08); класс — companyKeywords/keywords/all
перевод под DE,DE,Mini Kredit,мини-кредит,,,класса нет (в компании никто не зарабатывает на этом ключе); rpc донора — ориентир,«небольшая сумма сразу»,"HU «Kis Összegű Kölcsön Azonnal» $0.386 (наш, 32 кл.); AT «Mini Kredit Österreich» — высокий (другие)",5400,0,ok,Meta: payday и займы ≤90 дней запрещены (transparency.meta.com) — в крео не обещать срок «до зарплаты»,research_keywords DE/de 24.09 (Planner 2026-08); класс — companyKeywords/keywords/all
перевод под DE,DE,Kredit für Rentner,кредит для пенсионеров,,,класса нет (в компании никто не зарабатывает на этом ключе); rpc донора — ориентир,«60+ / пенсия»,"LT «Paskolos Vyresniems Nei 60» $0.297 (наш, 211 кл.); статья-шаблон «кредит пенсионеру»: AT $0.372 (334 кл., 01.07–23.09), CH-de $2.43 (6 кл., 22–23.09)",1900,19,ok,,research_keywords DE/de 24.09 (Planner 2026-08); класс — companyKeywords/keywords/all
перевод под DE,DE,Kredit mit Rente,кредит с пенсией,,,класса нет (в компании никто не зарабатывает на этом ключе); rpc донора — ориентир,«60+ / пенсия»,"LT «Paskolos Vyresniems Nei 60» $0.297 (наш, 211 кл.); статья-шаблон «кредит пенсионеру»: AT $0.372 (334 кл., 01.07–23.09), CH-de $2.43 (6 кл., 22–23.09)",1900,19,ok,,research_keywords DE/de 24.09 (Planner 2026-08); класс — companyKeywords/keywords/all
перевод под DE,DE,Rentner Kredit,пенсионный кредит,,,класса нет (в компании никто не зарабатывает на этом ключе); rpc донора — ориентир,«60+ / пенсия»,"LT «Paskolos Vyresniems Nei 60» $0.297 (наш, 211 кл.); статья-шаблон «кредит пенсионеру»: AT $0.372 (334 кл., 01.07–23.09), CH-de $2.43 (6 кл., 22–23.09)",1900,19,ok,,research_keywords DE/de 24.09 (Planner 2026-08); класс — companyKeywords/keywords/all
перевод под DE,DE,Kredit als Rentner,"кредит, будучи пенсионером",,,класса нет (в компании никто не зарабатывает на этом ключе); rpc донора — ориентир,«60+ / пенсия»,"LT «Paskolos Vyresniems Nei 60» $0.297 (наш, 211 кл.); статья-шаблон «кредит пенсионеру»: AT $0.372 (334 кл., 01.07–23.09), CH-de $2.43 (6 кл., 22–23.09)",1900,19,ok,,research_keywords DE/de 24.09 (Planner 2026-08); класс — companyKeywords/keywords/all
перевод под DE,DE,Privatkredit,потребительский кредит,,,класса нет (в компании никто не зарабатывает на этом ключе); rpc донора — ориентир,«потребкредит / на личные нужды»,RO «Credit de Nevoi Personale» $0.229 и «Credite Nevoi Personale» $0.224 (наши); CH «Privatkredit Schweiz Beantragen» — высокий (другие),18100,0,ok,,research_keywords DE/de 24.09 (Planner 2026-08); класс — companyKeywords/keywords/all
перевод под DE,DE,Ratenkredit,кредит в рассрочку,,,класса нет (в компании никто не зарабатывает на этом ключе); rpc донора — ориентир,«потребкредит / на личные нужды»,RO «Credit de Nevoi Personale» $0.229 и «Credite Nevoi Personale» $0.224 (наши); CH «Privatkredit Schweiz Beantragen» — высокий (другие),4400,-19,ok,,research_keywords DE/de 24.09 (Planner 2026-08); класс — companyKeywords/keywords/all
перевод под DE,DE,Kredit aufnehmen,взять кредит,,,класса нет (в компании никто не зарабатывает на этом ключе); rpc донора — ориентир,«потребкредит / на личные нужды»,RO «Credit de Nevoi Personale» $0.229 и «Credite Nevoi Personale» $0.224 (наши); CH «Privatkredit Schweiz Beantragen» — высокий (другие),18100,-18,ok,,research_keywords DE/de 24.09 (Planner 2026-08); класс — companyKeywords/keywords/all
перевод под DE,DE,Online Kredit beantragen,оформить онлайн-кредит,,,класса нет (в компании никто не зарабатывает на этом ключе); rpc донора — ориентир,«потребкредит / на личные нужды»,RO «Credit de Nevoi Personale» $0.229 и «Credite Nevoi Personale» $0.224 (наши); CH «Privatkredit Schweiz Beantragen» — высокий (другие),4400,0,ok,в CH у других — высокий,research_keywords DE/de 24.09 (Planner 2026-08); класс — companyKeywords/keywords/all
перевод под DE,DE,Kredit beantragen,подать заявку на кредит,,,класса нет (в компании никто не зарабатывает на этом ключе); rpc донора — ориентир,«потребкредит / на личные нужды»,RO «Credit de Nevoi Personale» $0.229 и «Credite Nevoi Personale» $0.224 (наши); CH «Privatkredit Schweiz Beantragen» — высокий (другие),5400,0,ok,,research_keywords DE/de 24.09 (Planner 2026-08); класс — companyKeywords/keywords/all
перевод под DE,DE,Kredit ohne Schufa,кредит без проверки SCHUFA,,,класса нет (в компании никто не зарабатывает на этом ключе); rpc донора — ориентир,«без справок / только по паспорту»,"RO «Credite Instant Doar Cu Buletinul» $0.210 (наш, 27 кл.); EE «Väike Laen Ilma Sissetuleku» — средний (другие)",49500,0,ограничено,"Meta: высокий риск — обещание «без проверки / всем» (решает владелец); в DE законно (кредиты банков без запроса в SCHUFA), в крео — только вопросом",research_keywords DE/de 24.09 (Planner 2026-08); класс — companyKeywords/keywords/all
перевод под DE,DE,Sofortkredit ohne Schufa,срочный кредит без SCHUFA,,,класса нет (в компании никто не зарабатывает на этом ключе); rpc донора — ориентир,«без справок / только по паспорту»,"RO «Credite Instant Doar Cu Buletinul» $0.210 (наш, 27 кл.); EE «Väike Laen Ilma Sissetuleku» — средний (другие)",6600,0,ограничено,Meta: высокий риск — обещание «без проверки / всем» (решает владелец),research_keywords DE/de 24.09 (Planner 2026-08); класс — companyKeywords/keywords/all
перевод под DE,DE,Kleinkredit ohne Schufa,небольшой кредит без SCHUFA,,,класса нет (в компании никто не зарабатывает на этом ключе); rpc донора — ориентир,«без справок / только по паспорту»,"RO «Credite Instant Doar Cu Buletinul» $0.210 (наш, 27 кл.); EE «Väike Laen Ilma Sissetuleku» — средний (другие)",6600,0,ограничено,Meta: высокий риск — обещание «без проверки / всем» (решает владелец),research_keywords DE/de 24.09 (Planner 2026-08); класс — companyKeywords/keywords/all
перевод под DE,DE,Kredit ohne Bonitätsprüfung,кредит без проверки платёжеспособности,,,класса нет (в компании никто не зарабатывает на этом ключе); rpc донора — ориентир,«без справок / только по паспорту»,"RO «Credite Instant Doar Cu Buletinul» $0.210 (наш, 27 кл.); EE «Väike Laen Ilma Sissetuleku» — средний (другие)",3600,0,ограничено,Meta: высокий риск — обещание «без проверки / всем» (решает владелец),research_keywords DE/de 24.09 (Planner 2026-08); класс — companyKeywords/keywords/all
перевод под DE,DE,Kreditkarte mit Ratenzahlung 5.000 Euro,кредитка с рассрочкой на 5 000 €,,high,"класс «высокий», без rpc (другие команды)",«кредитка с лимитом / рассрочкой»,"DE/AT/CH кредитки — высокий (другие): «Kreditkarte mit Ratenzahlung 5.000 Euro», «Online Kreditkarte Sofort»; по словам владельца, в CH-связке коллег выплата ~$6 за клик",,,ok,Planner: строки нет (объём не показан),research_keywords DE/de 24.09 (Planner 2026-08); класс — companyKeywords/keywords/all
перевод под DE,DE,Beste Kreditkarte mit Ratenzahlung,лучшая кредитка с рассрочкой,,high,"класс «высокий», без rpc (другие команды)",«кредитка с лимитом / рассрочкой»,"DE/AT/CH кредитки — высокий (другие): «Kreditkarte mit Ratenzahlung 5.000 Euro», «Online Kreditkarte Sofort»; по словам владельца, в CH-связке коллег выплата ~$6 за клик",,,ok,Planner: строки нет (объём не показан),research_keywords DE/de 24.09 (Planner 2026-08); класс — companyKeywords/keywords/all
перевод под DE,DE,Online Kreditkarte Sofort,онлайн-кредитка сразу,,high,"класс «высокий», без rpc (другие команды)",«кредитка с лимитом / рассрочкой»,"DE/AT/CH кредитки — высокий (другие): «Kreditkarte mit Ratenzahlung 5.000 Euro», «Online Kreditkarte Sofort»; по словам владельца, в CH-связке коллег выплата ~$6 за клик",,,ok,Planner: строки нет (объём не показан),research_keywords DE/de 24.09 (Planner 2026-08); класс — companyKeywords/keywords/all
перевод под DE,DE,Kostenlose Kreditkarte Beantragen,оформить бесплатную кредитку,,high,"класс «высокий», без rpc (другие команды)",«кредитка с лимитом / рассрочкой»,"DE/AT/CH кредитки — высокий (другие): «Kreditkarte mit Ratenzahlung 5.000 Euro», «Online Kreditkarte Sofort»; по словам владельца, в CH-связке коллег выплата ~$6 за клик",480,23,ok,«kostenlos» в крео не писать (Google RAF «Free or cash offers»),research_keywords DE/de 24.09 (Planner 2026-08); класс — companyKeywords/keywords/all
перевод под DE,DE,Kreditkarte mit 5000 Verfügungsrahmen,кредитка с лимитом 5 000,,mid,"класс «средний», без rpc (другие команды)",«кредитка с лимитом / рассрочкой»,"DE/AT/CH кредитки — высокий (другие): «Kreditkarte mit Ratenzahlung 5.000 Euro», «Online Kreditkarte Sofort»; по словам владельца, в CH-связке коллег выплата ~$6 за клик",,,ok,Planner: строки нет (объём не показан),research_keywords DE/de 24.09 (Planner 2026-08); класс — companyKeywords/keywords/all
перевод под DE,DE,Kostenlose Kreditkarte,бесплатная кредитка,,,класса нет (в компании никто не зарабатывает на этом ключе); rpc донора — ориентир,«кредитка с лимитом / рассрочкой»,"DE/AT/CH кредитки — высокий (другие): «Kreditkarte mit Ratenzahlung 5.000 Euro», «Online Kreditkarte Sofort»; по словам владельца, в CH-связке коллег выплата ~$6 за клик",14800,0,ok,,research_keywords DE/de 24.09 (Planner 2026-08); класс — companyKeywords/keywords/all
перевод под DE,DE,Kreditkarte ohne Schufa,кредитка без SCHUFA,,,класса нет (в компании никто не зарабатывает на этом ключе); rpc донора — ориентир,«кредитка с лимитом / рассрочкой»,"DE/AT/CH кредитки — высокий (другие): «Kreditkarte mit Ratenzahlung 5.000 Euro», «Online Kreditkarte Sofort»; по словам владельца, в CH-связке коллег выплата ~$6 за клик",9900,-18,ограничено,Meta: высокий риск — обещание «без проверки / всем» (решает владелец),research_keywords DE/de 24.09 (Planner 2026-08); класс — companyKeywords/keywords/all
перевод под DE,DE,Kreditkarte mit Ratenzahlung,кредитка с рассрочкой,,,класса нет (в компании никто не зарабатывает на этом ключе); rpc донора — ориентир,«кредитка с лимитом / рассрочкой»,"DE/AT/CH кредитки — высокий (другие): «Kreditkarte mit Ratenzahlung 5.000 Euro», «Online Kreditkarte Sofort»; по словам владельца, в CH-связке коллег выплата ~$6 за клик",1600,-16,ok,,research_keywords DE/de 24.09 (Planner 2026-08); класс — companyKeywords/keywords/all
перевод под DE,DE,Kredit für Verschuldete,кредит для должников,,high,"класс «высокий», без rpc (другие команды)",«должникам / перекредитование»,"DE «Kredit für Verschuldete» — высокий (другие); LT «Paskolos Skolininkams», PL «Kredyt Konsolidacyjny Dla Zadłużonych…» — средний (другие)",,,ok,Planner: строки нет (объём не показан); Meta: зона Personal hardship (долги/нужда) — домен могут ограничить по событиям,research_keywords DE/de 24.09 (Planner 2026-08); класс — companyKeywords/keywords/all
перевод под DE,DE,Kredit umschulden,перекредитовать кредит,,,класса нет (в компании никто не зарабатывает на этом ключе); rpc донора — ориентир,«должникам / перекредитование»,"DE «Kredit für Verschuldete» — высокий (другие); LT «Paskolos Skolininkams», PL «Kredyt Konsolidacyjny Dla Zadłużonych…» — средний (другие)",6600,0,ok,,research_keywords DE/de 24.09 (Planner 2026-08); класс — companyKeywords/keywords/all
перевод под DE,DE,Kredit für Umschuldung,кредит на перекредитование,,,класса нет (в компании никто не зарабатывает на этом ключе); rpc донора — ориентир,«должникам / перекредитование»,"DE «Kredit für Verschuldete» — высокий (другие); LT «Paskolos Skolininkams», PL «Kredyt Konsolidacyjny Dla Zadłużonych…» — средний (другие)",6600,0,ok,,research_keywords DE/de 24.09 (Planner 2026-08); класс — companyKeywords/keywords/all
перевод под DE,DE,Umschuldung,перекредитование,,,класса нет (в компании никто не зарабатывает на этом ключе); rpc донора — ориентир,«должникам / перекредитование»,"DE «Kredit für Verschuldete» — высокий (другие); LT «Paskolos Skolininkams», PL «Kredyt Konsolidacyjny Dla Zadłużonych…» — средний (другие)",3600,0,ok,,research_keywords DE/de 24.09 (Planner 2026-08); класс — companyKeywords/keywords/all
перевод под DE,DE,Umschuldungskredit,кредит для перекредитования,,,класса нет (в компании никто не зарабатывает на этом ключе); rpc донора — ориентир,«должникам / перекредитование»,"DE «Kredit für Verschuldete» — высокий (другие); LT «Paskolos Skolininkams», PL «Kredyt Konsolidacyjny Dla Zadłużonych…» — средний (другие)",2900,0,ok,,research_keywords DE/de 24.09 (Planner 2026-08); класс — companyKeywords/keywords/all
перевод под DE,DE,Beste Bank für Umschuldung,лучший банк для перекредитования,,,класса нет (в компании никто не зарабатывает на этом ключе); rpc донора — ориентир,«должникам / перекредитование»,"DE «Kredit für Verschuldete» — высокий (другие); LT «Paskolos Skolininkams», PL «Kredyt Konsolidacyjny Dla Zadłużonych…» — средний (другие)",1600,0,ok,,research_keywords DE/de 24.09 (Planner 2026-08); класс — companyKeywords/keywords/all
перевод под DE,DE,Autokredit,автокредит,,,класса нет (в компании никто не зарабатывает на этом ключе); rpc донора — ориентир,«авто без взноса / в месяц»,"FR «Financement Voiture Sans Apport 2026», «Voiture 99 Euros par Mois Sans Apport 2026» — средний (другие, 7 ключей)",27100,0,ok,,research_keywords DE/de 24.09 (Planner 2026-08); класс — companyKeywords/keywords/all
перевод под DE,DE,Autokredit Vergleich,сравнение автокредитов,,,класса нет (в компании никто не зарабатывает на этом ключе); rpc донора — ориентир,«авто без взноса / в месяц»,"FR «Financement Voiture Sans Apport 2026», «Voiture 99 Euros par Mois Sans Apport 2026» — средний (другие, 7 ключей)",6600,22,ok,,research_keywords DE/de 24.09 (Planner 2026-08); класс — companyKeywords/keywords/all
перевод под DE,DE,Ballonfinanzierung,кредит с остаточным платежом («баллон»),,,класса нет (в компании никто не зарабатывает на этом ключе); rpc донора — ориентир,«авто без взноса / в месяц»,"FR «Financement Voiture Sans Apport 2026», «Voiture 99 Euros par Mois Sans Apport 2026» — средний (другие, 7 ключей)",2900,21,ok,,research_keywords DE/de 24.09 (Planner 2026-08); класс — companyKeywords/keywords/all
перевод под DE,DE,Autokredit mit Schlussrate,автокредит с финальным платежом,,,класса нет (в компании никто не зарабатывает на этом ключе); rpc донора — ориентир,«авто без взноса / в месяц»,"FR «Financement Voiture Sans Apport 2026», «Voiture 99 Euros par Mois Sans Apport 2026» — средний (другие, 7 ключей)",2400,-16,ok,,research_keywords DE/de 24.09 (Planner 2026-08); класс — companyKeywords/keywords/all
перевод под DE,DE,Günstiger Autokredit,дешёвый автокредит,,,класса нет (в компании никто не зарабатывает на этом ключе); rpc донора — ориентир,«авто без взноса / в месяц»,"FR «Financement Voiture Sans Apport 2026», «Voiture 99 Euros par Mois Sans Apport 2026» — средний (другие, 7 ключей)",3600,0,ok,,research_keywords DE/de 24.09 (Planner 2026-08); класс — companyKeywords/keywords/all
перевод под DE,DE,Dispokredit,овердрафт по счёту,,,класса нет (в компании никто не зарабатывает на этом ключе); rpc донора — ориентир,«счёт / овердрафт»,PL «Konto Bankowe Online na Dowód» — высокий (другие); FR «Ouvrir un Compte en Ligne Avec Rib Immédiat» — средний (другие),5400,0,ok,,research_keywords DE/de 24.09 (Planner 2026-08); класс — companyKeywords/keywords/all
перевод под DE,DE,Sparkasse Dispo erhöhen,увеличить овердрафт в Sparkasse,,,класса нет (в компании никто не зарабатывает на этом ключе); rpc донора — ориентир,«счёт / овердрафт»,PL «Konto Bankowe Online na Dowód» — высокий (другие); FR «Ouvrir un Compte en Ligne Avec Rib Immédiat» — средний (другие),1900,0,ok,бренд банка — только в статье,research_keywords DE/de 24.09 (Planner 2026-08); класс — companyKeywords/keywords/all
перевод под DE,DE,Rahmenkredit,кредитная линия,,,класса нет (в компании никто не зарабатывает на этом ключе); rpc донора — ориентир,«счёт / овердрафт»,PL «Konto Bankowe Online na Dowód» — высокий (другие); FR «Ouvrir un Compte en Ligne Avec Rib Immédiat» — средний (другие),2400,-21,ok,,research_keywords DE/de 24.09 (Planner 2026-08); класс — companyKeywords/keywords/all
перевод под DE,DE,Girokonto ohne Schufa,текущий счёт без SCHUFA,,,класса нет (в компании никто не зарабатывает на этом ключе); rpc донора — ориентир,«счёт / овердрафт»,PL «Konto Bankowe Online na Dowód» — высокий (другие); FR «Ouvrir un Compte en Ligne Avec Rib Immédiat» — средний (другие),1600,0,ok,,research_keywords DE/de 24.09 (Planner 2026-08); класс — companyKeywords/keywords/all
перевод под DE,DE,Kredit für Studenten,кредит для студентов,,,класса нет (в компании никто не зарабатывает на этом ключе); rpc донора — ориентир,«первый кредит / молодые»,PL «Pierwszy Kredyt» — средний (другие),2900,175,ok,,research_keywords DE/de 24.09 (Planner 2026-08); класс — companyKeywords/keywords/all
перевод под DE,DE,Kredit für Azubis,кредит для учеников (Ausbildung),,,класса нет (в компании никто не зарабатывает на этом ключе); rpc донора — ориентир,«первый кредит / молодые»,PL «Pierwszy Kredyt» — средний (другие),1900,-19,ok,,research_keywords DE/de 24.09 (Planner 2026-08); класс — companyKeywords/keywords/all
перевод под DE,DE,Kredit in der Probezeit,кредит на испытательном сроке,,,класса нет (в компании никто не зарабатывает на этом ключе); rpc донора — ориентир,«первый кредит / молодые»,PL «Pierwszy Kredyt» — средний (другие),390,-19,ok,,research_keywords DE/de 24.09 (Planner 2026-08); класс — companyKeywords/keywords/all
перевод под DE,DE,Kredit für Selbstständige,кредит для самозанятых,,,класса нет (в компании никто не зарабатывает на этом ключе); rpc донора — ориентир,«самозанятые / бизнес»,US «Business Line of Credit Biggerpockets» — средний (другие),2400,-21,ok,,research_keywords DE/de 24.09 (Planner 2026-08); класс — companyKeywords/keywords/all
перевод под DE,DE,Gründerkredit,кредит для основателя бизнеса,,,класса нет (в компании никто не зарабатывает на этом ключе); rpc донора — ориентир,«самозанятые / бизнес»,US «Business Line of Credit Biggerpockets» — средний (другие),1000,0,ok,,research_keywords DE/de 24.09 (Planner 2026-08); класс — companyKeywords/keywords/all
перевод под DE,DE,Kredit für Existenzgründer,кредит для начинающих предпринимателей,,,класса нет (в компании никто не зарабатывает на этом ключе); rpc донора — ориентир,«самозанятые / бизнес»,US «Business Line of Credit Biggerpockets» — средний (другие),720,0,ok,,research_keywords DE/de 24.09 (Planner 2026-08); класс — companyKeywords/keywords/all
перевод под DE,DE,Kredit für Selbstständige ohne Schufa,кредит для самозанятых без SCHUFA,,,класса нет (в компании никто не зарабатывает на этом ключе); rpc донора — ориентир,«самозанятые / бизнес»,US «Business Line of Credit Biggerpockets» — средний (другие),390,0,ограничено,Meta: высокий риск — обещание «без проверки / всем» (решает владелец),research_keywords DE/de 24.09 (Planner 2026-08); класс — companyKeywords/keywords/all
перевод под DE,DE,Beamtenkredit,кредит для госслужащих,,,класса нет (в компании никто не зарабатывает на этом ключе); rpc донора — ориентир,«госслужащие»,своего донора нет; паттерн «кредит для группы» — LT «Paskolos Vyresniems Nei 60» $0.297,1600,0,ok,,research_keywords DE/de 24.09 (Planner 2026-08); класс — companyKeywords/keywords/all
перевод под DE,DE,Kredit für Beamte,кредит для госслужащих (Beamte),,,класса нет (в компании никто не зарабатывает на этом ключе); rpc донора — ориентир,«госслужащие»,своего донора нет; паттерн «кредит для группы» — LT «Paskolos Vyresniems Nei 60» $0.297,880,22,ok,,research_keywords DE/de 24.09 (Planner 2026-08); класс — companyKeywords/keywords/all
перевод под DE,DE,Kredit öffentlicher Dienst,кредит для бюджетников,,,класса нет (в компании никто не зарабатывает на этом ключе); rpc донора — ориентир,«госслужащие»,своего донора нет; паттерн «кредит для группы» — LT «Paskolos Vyresniems Nei 60» $0.297,720,0,ok,,research_keywords DE/de 24.09 (Planner 2026-08); класс — companyKeywords/keywords/all
перевод под DE,DE,Kredit aus dem Ausland,кредит из-за границы,,,класса нет (в компании никто не зарабатывает на этом ключе); rpc донора — ориентир,«мигранты / без истории в стране»,своего донора нет; паттерн «без проверки истории» — RO «…Doar Cu Buletinul» $0.210,2900,-17,ok,«Kredit für Ausländer» Planner не вернул; этот ключ — ближайший по смыслу,research_keywords DE/de 24.09 (Planner 2026-08); класс — companyKeywords/keywords/all
перевод под DE,DE,Modernisierungskredit,кредит на модернизацию жилья,,,класса нет (в компании никто не зарабатывает на этом ключе); rpc донора — ориентир,«ремонт / энергосбережение»,своего донора нет; паттерн «калькулятор» — HU/PT $0.39–0.46,5400,23,ok,,research_keywords DE/de 24.09 (Planner 2026-08); класс — companyKeywords/keywords/all
перевод под DE,DE,Renovierungskredit,кредит на ремонт,,,класса нет (в компании никто не зарабатывает на этом ключе); rpc донора — ориентир,«ремонт / энергосбережение»,своего донора нет; паттерн «калькулятор» — HU/PT $0.39–0.46,1600,0,ok,,research_keywords DE/de 24.09 (Planner 2026-08); класс — companyKeywords/keywords/all
перевод под DE,DE,Anschlussfinanzierung,рефинансирование ипотеки по окончании фиксации,,,класса нет (в компании никто не зарабатывает на этом ключе); rpc донора — ориентир,«жильё / ипотека / залог»,своего донора нет; паттерн «калькулятор» — HU/PT $0.39–0.46,6600,50,ok,,research_keywords DE/de 24.09 (Planner 2026-08); класс — companyKeywords/keywords/all
перевод под DE,DE,Baufinanzierung,ипотека на строительство/покупку,,,класса нет (в компании никто не зарабатывает на этом ключе); rpc донора — ориентир,«жильё / ипотека / залог»,своего донора нет; паттерн «калькулятор» — HU/PT $0.39–0.46,18100,22,ok,,research_keywords DE/de 24.09 (Planner 2026-08); класс — companyKeywords/keywords/all
перевод под DE,DE,Immobilienkredit,кредит на недвижимость,,,класса нет (в компании никто не зарабатывает на этом ключе); rpc донора — ориентир,«жильё / ипотека / залог»,своего донора нет; паттерн «калькулятор» — HU/PT $0.39–0.46,8100,0,ok,,research_keywords DE/de 24.09 (Planner 2026-08); класс — companyKeywords/keywords/all
перевод под DE,DE,Kredit für Hauskauf,кредит на покупку дома,,,класса нет (в компании никто не зарабатывает на этом ключе); rpc донора — ориентир,«жильё / ипотека / залог»,своего донора нет; паттерн «калькулятор» — HU/PT $0.39–0.46,3600,0,ok,,research_keywords DE/de 24.09 (Planner 2026-08); класс — companyKeywords/keywords/all
перевод под DE,DE,Ratenzahlung,оплата в рассрочку,,,класса нет (в компании никто не зарабатывает на этом ключе); rpc донора — ориентир,«рассрочка на покупку»,"PL «Telewizor na Raty Bez Bik», «Iphone na Raty Dla Zadłużonych» — средний (другие)",4400,-18,ok,,research_keywords DE/de 24.09 (Planner 2026-08); класс — companyKeywords/keywords/all
перевод под DE,DE,Pfandkredit,кредит под залог вещи (ломбард),,,класса нет (в компании никто не зарабатывает на этом ключе); rpc донора — ориентир,«под залог вещи (ломбард)»,своего донора нет; паттерн «без проверки» — RO $0.210,590,-19,ok,,research_keywords DE/de 24.09 (Planner 2026-08); класс — companyKeywords/keywords/all
перевод под DE,DE,P2P Kredite,кредиты от частных лиц (P2P),,,класса нет (в компании никто не зарабатывает на этом ключе); rpc донора — ориентир,«частные займы (P2P)»,своего донора нет,2900,26,ok,,research_keywords DE/de 24.09 (Planner 2026-08); класс — companyKeywords/keywords/all
перевод под GB,GB,same day loans,займы в тот же день,,,класса нет (в компании никто не зарабатывает на этом ключе); rpc донора — ориентир,«быстро / сразу»,"HU «Gyorskölcsön Azonnal» $0.459 (наш, 57 кл.)",18100,0,ограничено,Meta: payday и займы ≤90 дней запрещены (transparency.meta.com) — в крео не обещать срок «до зарплаты»; в UK «same day» часто = HCSTC/payday,research_keywords GB/en 24.09 (Planner 2026-08); класс — companyKeywords/keywords/all
перевод под GB,GB,instant loans,мгновенные займы,,,класса нет (в компании никто не зарабатывает на этом ключе); rpc донора — ориентир,«быстро / сразу»,"HU «Gyorskölcsön Azonnal» $0.459 (наш, 57 кл.)",9900,0,ok,Meta: payday и займы ≤90 дней запрещены (transparency.meta.com) — в крео не обещать срок «до зарплаты»,research_keywords GB/en 24.09 (Planner 2026-08); класс — companyKeywords/keywords/all
перевод под GB,GB,quick loans,быстрые займы,,,класса нет (в компании никто не зарабатывает на этом ключе); rpc донора — ориентир,«быстро / сразу»,"HU «Gyorskölcsön Azonnal» $0.459 (наш, 57 кл.)",18100,0,ok,Meta: payday и займы ≤90 дней запрещены (transparency.meta.com) — в крео не обещать срок «до зарплаты»,research_keywords GB/en 24.09 (Planner 2026-08); класс — companyKeywords/keywords/all
перевод под GB,GB,fast loans,быстрые займы,,,класса нет (в компании никто не зарабатывает на этом ключе); rpc донора — ориентир,«быстро / сразу»,"HU «Gyorskölcsön Azonnal» $0.459 (наш, 57 кл.)",3600,22,ok,,research_keywords GB/en 24.09 (Planner 2026-08); класс — companyKeywords/keywords/all
перевод под GB,GB,need money today,нужны деньги сегодня,,,класса нет (в компании никто не зарабатывает на этом ключе); rpc донора — ориентир,«быстро / сразу»,"HU «Gyorskölcsön Azonnal» $0.459 (наш, 57 кл.)",1900,0,ok,Meta: зона Personal hardship (долги/нужда) — домен могут ограничить по событиям,research_keywords GB/en 24.09 (Planner 2026-08); класс — companyKeywords/keywords/all
перевод под GB,GB,need cash fast,срочно нужны наличные,,,класса нет (в компании никто не зарабатывает на этом ключе); rpc донора — ориентир,«быстро / сразу»,"HU «Gyorskölcsön Azonnal» $0.459 (наш, 57 кл.)",880,14,ok,Meta: зона Personal hardship (долги/нужда) — домен могут ограничить по событиям,research_keywords GB/en 24.09 (Planner 2026-08); класс — companyKeywords/keywords/all
перевод под GB,GB,pay day loans,займы до зарплаты,,,класса нет (в компании никто не зарабатывает на этом ключе); rpc донора — ориентир,«быстро / сразу»,"HU «Gyorskölcsön Azonnal» $0.459 (наш, 57 кл.)",110000,0,запрещено,Meta запрещает payday и займы ≤90 дней — не берём,research_keywords GB/en 24.09 (Planner 2026-08); класс — companyKeywords/keywords/all
перевод под GB,GB,remortgage calculator,калькулятор перекредитования ипотеки,,,класса нет (в компании никто не зарабатывает на этом ключе); rpc донора — ориентир,«калькулятор / симулятор / банк»,"HU «Mbh Bank Személyi Kölcsön Kalkulátor» $0.459 (наш, 51 кл.); PT «Simulador de Emprestimo» $0.390 (наш, 24 кл.)",22200,23,ok,,research_keywords GB/en 24.09 (Planner 2026-08); класс — companyKeywords/keywords/all
перевод под GB,GB,equity release calculator,калькулятор «equity release» (деньги из стоимости дома),,,класса нет (в компании никто не зарабатывает на этом ключе); rpc донора — ориентир,«калькулятор / симулятор / банк»,"HU «Mbh Bank Személyi Kölcsön Kalkulátor» $0.459 (наш, 51 кл.); PT «Simulador de Emprestimo» $0.390 (наш, 24 кл.)",5400,0,ok,,research_keywords GB/en 24.09 (Planner 2026-08); класс — companyKeywords/keywords/all
перевод под GB,GB,secured loan calculator,калькулятор займа под залог,,,класса нет (в компании никто не зарабатывает на этом ключе); rpc донора — ориентир,«калькулятор / симулятор / банк»,"HU «Mbh Bank Személyi Kölcsön Kalkulátor» $0.459 (наш, 51 кл.); PT «Simulador de Emprestimo» $0.390 (наш, 24 кл.)",1900,0,ok,,research_keywords GB/en 24.09 (Planner 2026-08); класс — companyKeywords/keywords/all
перевод под GB,GB,loan comparison,сравнение займов,,,класса нет (в компании никто не зарабатывает на этом ключе); rpc донора — ориентир,«калькулятор / симулятор / банк»,"HU «Mbh Bank Személyi Kölcsön Kalkulátor» $0.459 (наш, 51 кл.); PT «Simulador de Emprestimo» $0.390 (наш, 24 кл.)",14800,0,ok,,research_keywords GB/en 24.09 (Planner 2026-08); класс — companyKeywords/keywords/all
перевод под GB,GB,hsbc loan,кредит HSBC,,,класса нет (в компании никто не зарабатывает на этом ключе); rpc донора — ориентир,«калькулятор / симулятор / банк»,"HU «Mbh Bank Személyi Kölcsön Kalkulátor» $0.459 (наш, 51 кл.); PT «Simulador de Emprestimo» $0.390 (наш, 24 кл.)",9900,22,ok,бренд банка — только в статье,research_keywords GB/en 24.09 (Planner 2026-08); класс — companyKeywords/keywords/all
перевод под GB,GB,sainsbury's loan,кредит Sainsbury's Bank,,,класса нет (в компании никто не зарабатывает на этом ключе); rpc донора — ориентир,«калькулятор / симулятор / банк»,"HU «Mbh Bank Személyi Kölcsön Kalkulátor» $0.459 (наш, 51 кл.); PT «Simulador de Emprestimo» $0.390 (наш, 24 кл.)",8100,0,ok,бренд — только в статье,research_keywords GB/en 24.09 (Planner 2026-08); класс — companyKeywords/keywords/all
перевод под GB,GB,small loans,небольшие займы,,,класса нет (в компании никто не зарабатывает на этом ключе); rpc донора — ориентир,«небольшая сумма сразу»,"HU «Kis Összegű Kölcsön Azonnal» $0.386 (наш, 32 кл.); AT «Mini Kredit Österreich» — высокий (другие)",12100,0,ok,Meta: payday и займы ≤90 дней запрещены (transparency.meta.com) — в крео не обещать срок «до зарплаты»,research_keywords GB/en 24.09 (Planner 2026-08); класс — companyKeywords/keywords/all
перевод под GB,GB,1000 loan,заём на 1000,,,класса нет (в компании никто не зарабатывает на этом ключе); rpc донора — ориентир,«небольшая сумма сразу»,"HU «Kis Összegű Kölcsön Azonnal» $0.386 (наш, 32 кл.); AT «Mini Kredit Österreich» — высокий (другие)",6600,0,ok,,research_keywords GB/en 24.09 (Planner 2026-08); класс — companyKeywords/keywords/all
перевод под GB,GB,small instant loans,небольшие мгновенные займы,,,класса нет (в компании никто не зарабатывает на этом ключе); rpc донора — ориентир,«небольшая сумма сразу»,"HU «Kis Összegű Kölcsön Azonnal» $0.386 (наш, 32 кл.); AT «Mini Kredit Österreich» — высокий (другие)",1000,233,ok,Meta: payday и займы ≤90 дней запрещены (transparency.meta.com) — в крео не обещать срок «до зарплаты»,research_keywords GB/en 24.09 (Planner 2026-08); класс — companyKeywords/keywords/all
перевод под GB,GB,equity release,деньги из стоимости дома (55+),,,класса нет (в компании никто не зарабатывает на этом ключе); rpc донора — ориентир,«60+ / пенсия»,"LT «Paskolos Vyresniems Nei 60» $0.297 (наш, 211 кл.); статья-шаблон «кредит пенсионеру»: AT $0.372 (334 кл., 01.07–23.09), CH-de $2.43 (6 кл., 22–23.09)",14800,0,ok,,research_keywords GB/en 24.09 (Planner 2026-08); класс — companyKeywords/keywords/all
перевод под GB,GB,lifetime mortgage,пожизненная ипотека (55+),,,класса нет (в компании никто не зарабатывает на этом ключе); rpc донора — ориентир,«60+ / пенсия»,"LT «Paskolos Vyresniems Nei 60» $0.297 (наш, 211 кл.); статья-шаблон «кредит пенсионеру»: AT $0.372 (334 кл., 01.07–23.09), CH-de $2.43 (6 кл., 22–23.09)",4400,-18,ok,,research_keywords GB/en 24.09 (Planner 2026-08); класс — companyKeywords/keywords/all
перевод под GB,GB,equity release mortgage,ипотека equity release,,,класса нет (в компании никто не зарабатывает на этом ключе); rpc донора — ориентир,«60+ / пенсия»,"LT «Paskolos Vyresniems Nei 60» $0.297 (наш, 211 кл.); статья-шаблон «кредит пенсионеру»: AT $0.372 (334 кл., 01.07–23.09), CH-de $2.43 (6 кл., 22–23.09)",2400,-21,ok,,research_keywords GB/en 24.09 (Planner 2026-08); класс — companyKeywords/keywords/all
перевод под GB,GB,loans for pensioners,займы пенсионерам,,,класса нет (в компании никто не зарабатывает на этом ключе); rpc донора — ориентир,«60+ / пенсия»,"LT «Paskolos Vyresniems Nei 60» $0.297 (наш, 211 кл.); статья-шаблон «кредит пенсионеру»: AT $0.372 (334 кл., 01.07–23.09), CH-de $2.43 (6 кл., 22–23.09)",,,ok,Planner: строки нет (объём не показан); Planner строк не вернул — ключ по донору LT $0.297,research_keywords GB/en 24.09 (Planner 2026-08); класс — companyKeywords/keywords/all
перевод под GB,GB,loans for over 60s,"займы для тех, кому за 60",,,класса нет (в компании никто не зарабатывает на этом ключе); rpc донора — ориентир,«60+ / пенсия»,"LT «Paskolos Vyresniems Nei 60» $0.297 (наш, 211 кл.); статья-шаблон «кредит пенсионеру»: AT $0.372 (334 кл., 01.07–23.09), CH-de $2.43 (6 кл., 22–23.09)",,,ok,Planner: строки нет (объём не показан); Planner строк не вернул — ключ по донору LT $0.297,research_keywords GB/en 24.09 (Planner 2026-08); класс — companyKeywords/keywords/all
перевод под GB,GB,personal loan,потребительский заём,,,класса нет (в компании никто не зарабатывает на этом ключе); rpc донора — ориентир,«потребкредит / на личные нужды»,RO «Credit de Nevoi Personale» $0.229 и «Credite Nevoi Personale» $0.224 (наши); CH «Privatkredit Schweiz Beantragen» — высокий (другие),49500,0,ok,,research_keywords GB/en 24.09 (Planner 2026-08); класс — companyKeywords/keywords/all
перевод под GB,GB,unsecured personal loan,заём без залога,,,класса нет (в компании никто не зарабатывает на этом ключе); rpc донора — ориентир,«потребкредит / на личные нужды»,RO «Credit de Nevoi Personale» $0.229 и «Credite Nevoi Personale» $0.224 (наши); CH «Privatkredit Schweiz Beantragen» — высокий (другие),2400,0,ok,,research_keywords GB/en 24.09 (Planner 2026-08); класс — companyKeywords/keywords/all
перевод под GB,GB,low interest personal loans,займы под низкий процент,,,класса нет (в компании никто не зарабатывает на этом ключе); rpc донора — ориентир,«потребкредит / на личные нужды»,RO «Credit de Nevoi Personale» $0.229 и «Credite Nevoi Personale» $0.224 (наши); CH «Privatkredit Schweiz Beantragen» — высокий (другие),5400,0,ok,,research_keywords GB/en 24.09 (Planner 2026-08); класс — companyKeywords/keywords/all
перевод под GB,GB,apply for a loan,подать заявку на заём,,,класса нет (в компании никто не зарабатывает на этом ключе); rpc донора — ориентир,«потребкредит / на личные нужды»,RO «Credit de Nevoi Personale» $0.229 и «Credite Nevoi Personale» $0.224 (наши); CH «Privatkredit Schweiz Beantragen» — высокий (другие),6600,0,ok,,research_keywords GB/en 24.09 (Planner 2026-08); класс — companyKeywords/keywords/all
перевод под GB,GB,get a loan,получить заём,,,класса нет (в компании никто не зарабатывает на этом ключе); rpc донора — ориентир,«потребкредит / на личные нужды»,RO «Credit de Nevoi Personale» $0.229 и «Credite Nevoi Personale» $0.224 (наши); CH «Privatkredit Schweiz Beantragen» — высокий (другие),8100,0,ok,,research_keywords GB/en 24.09 (Planner 2026-08); класс — companyKeywords/keywords/all
перевод под GB,GB,borrow money,занять деньги,,,класса нет (в компании никто не зарабатывает на этом ключе); rpc донора — ориентир,«потребкредит / на личные нужды»,RO «Credit de Nevoi Personale» $0.229 и «Credite Nevoi Personale» $0.224 (наши); CH «Privatkredit Schweiz Beantragen» — высокий (другие),6600,0,ok,,research_keywords GB/en 24.09 (Planner 2026-08); класс — companyKeywords/keywords/all
перевод под GB,GB,loans without credit check,займы без проверки кредитной истории,,,класса нет (в компании никто не зарабатывает на этом ключе); rpc донора — ориентир,«без справок / только по паспорту»,"RO «Credite Instant Doar Cu Buletinul» $0.210 (наш, 27 кл.); EE «Väike Laen Ilma Sissetuleku» — средний (другие)",,,запрещено в крео,Planner: строки нет (объём не показан); FCA CONC 3.3.3R: нельзя подразумевать кредит без учёта положения/без проверок; Planner строк не вернул,research_keywords GB/en 24.09 (Planner 2026-08); класс — companyKeywords/keywords/all
перевод под GB,GB,no credit check credit cards instant approval,кредитки без проверки с мгновенным одобрением,,,класса нет (в компании никто не зарабатывает на этом ключе); rpc донора — ориентир,«без справок / только по паспорту»,"RO «Credite Instant Doar Cu Buletinul» $0.210 (наш, 27 кл.); EE «Väike Laen Ilma Sissetuleku» — средний (другие)",2400,21,ограничено,FCA CONC 3.3.3R + Meta: высокий риск — обещание «без проверки / всем» (решает владелец),research_keywords GB/en 24.09 (Planner 2026-08); класс — companyKeywords/keywords/all
перевод под GB,GB,Credit Card with Instant Use,кредитка с мгновенным использованием,,mid,"класс «средний», без rpc (другие команды)",«кредитка с лимитом / рассрочкой»,"DE/AT/CH кредитки — высокий (другие): «Kreditkarte mit Ratenzahlung 5.000 Euro», «Online Kreditkarte Sofort»; по словам владельца, в CH-связке коллег выплата ~$6 за клик",1300,0,ok,,research_keywords GB/en 24.09 (Planner 2026-08); класс — companyKeywords/keywords/all
перевод под GB,GB,Credit Cards with Instant Use,кредитки с мгновенным использованием,,mid,"класс «средний», без rpc (другие команды)",«кредитка с лимитом / рассрочкой»,"DE/AT/CH кредитки — высокий (другие): «Kreditkarte mit Ratenzahlung 5.000 Euro», «Online Kreditkarte Sofort»; по словам владельца, в CH-связке коллег выплата ~$6 за клик",,,ok,Planner: строки нет (объём не показан),research_keywords GB/en 24.09 (Planner 2026-08); класс — companyKeywords/keywords/all
перевод под GB,GB,Instant Approval Credit Cards with Instant Use,кредитки с мгновенным одобрением и использованием,,mid,"класс «средний», без rpc (другие команды)",«кредитка с лимитом / рассрочкой»,"DE/AT/CH кредитки — высокий (другие): «Kreditkarte mit Ratenzahlung 5.000 Euro», «Online Kreditkarte Sofort»; по словам владельца, в CH-связке коллег выплата ~$6 за клик",,,ограничено,Planner: строки нет (объём не показан); «instant approval» — CONC 3.3.3R (гарантия одобрения); в крео не обещать,research_keywords GB/en 24.09 (Planner 2026-08); класс — companyKeywords/keywords/all
перевод под GB,GB,Apply for a Credit Card Online,оформить кредитку онлайн,,mid,"класс «средний», без rpc (другие команды)",«кредитка с лимитом / рассрочкой»,"DE/AT/CH кредитки — высокий (другие): «Kreditkarte mit Ratenzahlung 5.000 Euro», «Online Kreditkarte Sofort»; по словам владельца, в CH-связке коллег выплата ~$6 за клик",,,ok,Planner: строки нет (объём не показан),research_keywords GB/en 24.09 (Planner 2026-08); класс — companyKeywords/keywords/all
перевод под GB,GB,balance transfer credit card,кредитка для переноса долга (balance transfer),,,класса нет (в компании никто не зарабатывает на этом ключе); rpc донора — ориентир,«кредитка с лимитом / рассрочкой»,"DE/AT/CH кредитки — высокий (другие): «Kreditkarte mit Ratenzahlung 5.000 Euro», «Online Kreditkarte Sofort»; по словам владельца, в CH-связке коллег выплата ~$6 за клик",49500,0,ok,,research_keywords GB/en 24.09 (Planner 2026-08); класс — companyKeywords/keywords/all
перевод под GB,GB,0 interest credit cards,кредитки с 0%,,,класса нет (в компании никто не зарабатывает на этом ключе); rpc донора — ориентир,«кредитка с лимитом / рассрочкой»,"DE/AT/CH кредитки — высокий (другие): «Kreditkarte mit Ratenzahlung 5.000 Euro», «Online Kreditkarte Sofort»; по словам владельца, в CH-связке коллег выплата ~$6 за клик",33100,0,ok,«0%» на крео — цифра о стоимости кредита; держать в статье,research_keywords GB/en 24.09 (Planner 2026-08); класс — companyKeywords/keywords/all
перевод под GB,GB,credit builder card,кредитка для построения кредитной истории,,,класса нет (в компании никто не зарабатывает на этом ключе); rpc донора — ориентир,«кредитка с лимитом / рассрочкой»,"DE/AT/CH кредитки — высокий (другие): «Kreditkarte mit Ratenzahlung 5.000 Euro», «Online Kreditkarte Sofort»; по словам владельца, в CH-связке коллег выплата ~$6 за клик",12100,0,ok,,research_keywords GB/en 24.09 (Planner 2026-08); класс — companyKeywords/keywords/all
перевод под GB,GB,instant credit card,мгновенная кредитка,,,класса нет (в компании никто не зарабатывает на этом ключе); rpc донора — ориентир,«кредитка с лимитом / рассрочкой»,"DE/AT/CH кредитки — высокий (другие): «Kreditkarte mit Ratenzahlung 5.000 Euro», «Online Kreditkarte Sofort»; по словам владельца, в CH-связке коллег выплата ~$6 за клик",1600,0,ok,,research_keywords GB/en 24.09 (Planner 2026-08); класс — companyKeywords/keywords/all
перевод под GB,GB,starter credit cards,стартовые кредитки,,,класса нет (в компании никто не зарабатывает на этом ключе); rpc донора — ориентир,«кредитка с лимитом / рассрочкой»,"DE/AT/CH кредитки — высокий (другие): «Kreditkarte mit Ratenzahlung 5.000 Euro», «Online Kreditkarte Sofort»; по словам владельца, в CH-связке коллег выплата ~$6 за клик",1600,30,ok,,research_keywords GB/en 24.09 (Planner 2026-08); класс — companyKeywords/keywords/all
перевод под GB,GB,student credit cards,студенческие кредитки,,,класса нет (в компании никто не зарабатывает на этом ключе); rpc донора — ориентир,«кредитка с лимитом / рассрочкой»,"DE/AT/CH кредитки — высокий (другие): «Kreditkarte mit Ratenzahlung 5.000 Euro», «Online Kreditkarte Sofort»; по словам владельца, в CH-связке коллег выплата ~$6 за клик",4400,50,ok,,research_keywords GB/en 24.09 (Planner 2026-08); класс — companyKeywords/keywords/all
перевод под GB,GB,debt consolidation loan,заём на консолидацию долгов,,,класса нет (в компании никто не зарабатывает на этом ключе); rpc донора — ориентир,«должникам / перекредитование»,"DE «Kredit für Verschuldete» — высокий (другие); LT «Paskolos Skolininkams», PL «Kredyt Konsolidacyjny Dla Zadłużonych…» — средний (другие)",33100,0,ok,Meta: зона Personal hardship (долги/нужда) — домен могут ограничить по событиям,research_keywords GB/en 24.09 (Planner 2026-08); класс — companyKeywords/keywords/all
перевод под GB,GB,bill consolidation loan,заём на объединение счетов,,,класса нет (в компании никто не зарабатывает на этом ключе); rpc донора — ориентир,«должникам / перекредитование»,"DE «Kredit für Verschuldete» — высокий (другие); LT «Paskolos Skolininkams», PL «Kredyt Konsolidacyjny Dla Zadłużonych…» — средний (другие)",33100,0,ok,Meta: зона Personal hardship (долги/нужда) — домен могут ограничить по событиям,research_keywords GB/en 24.09 (Planner 2026-08); класс — companyKeywords/keywords/all
перевод под GB,GB,debt consolidation,консолидация долгов,,,класса нет (в компании никто не зарабатывает на этом ключе); rpc донора — ориентир,«должникам / перекредитование»,"DE «Kredit für Verschuldete» — высокий (другие); LT «Paskolos Skolininkams», PL «Kredyt Konsolidacyjny Dla Zadłużonych…» — средний (другие)",14800,50,ok,Meta: зона Personal hardship (долги/нужда) — домен могут ограничить по событиям,research_keywords GB/en 24.09 (Planner 2026-08); класс — companyKeywords/keywords/all
перевод под GB,GB,consolidation loans,консолидационные займы,,,класса нет (в компании никто не зарабатывает на этом ключе); rpc донора — ориентир,«должникам / перекредитование»,"DE «Kredit für Verschuldete» — высокий (другие); LT «Paskolos Skolininkams», PL «Kredyt Konsolidacyjny Dla Zadłużonych…» — средний (другие)",6600,0,ok,,research_keywords GB/en 24.09 (Planner 2026-08); класс — companyKeywords/keywords/all
перевод под GB,GB,personal loan for debt consolidation,потребзаём на консолидацию долгов,,,класса нет (в компании никто не зарабатывает на этом ключе); rpc донора — ориентир,«должникам / перекредитование»,"DE «Kredit für Verschuldete» — высокий (другие); LT «Paskolos Skolininkams», PL «Kredyt Konsolidacyjny Dla Zadłużonych…» — средний (другие)",720,-19,ok,,research_keywords GB/en 24.09 (Planner 2026-08); класс — companyKeywords/keywords/all
перевод под GB,GB,car finance,автофинансирование,,,класса нет (в компании никто не зарабатывает на этом ключе); rpc донора — ориентир,«авто без взноса / в месяц»,"FR «Financement Voiture Sans Apport 2026», «Voiture 99 Euros par Mois Sans Apport 2026» — средний (другие, 7 ключей)",90500,-18,ok,,research_keywords GB/en 24.09 (Planner 2026-08); класс — companyKeywords/keywords/all
перевод под GB,GB,car loan,автокредит,,,класса нет (в компании никто не зарабатывает на этом ключе); rpc донора — ориентир,«авто без взноса / в месяц»,"FR «Financement Voiture Sans Apport 2026», «Voiture 99 Euros par Mois Sans Apport 2026» — средний (другие, 7 ключей)",22200,0,ok,,research_keywords GB/en 24.09 (Planner 2026-08); класс — companyKeywords/keywords/all
перевод под GB,GB,car loan comparison,сравнение автокредитов,,,класса нет (в компании никто не зарабатывает на этом ключе); rpc донора — ориентир,«авто без взноса / в месяц»,"FR «Financement Voiture Sans Apport 2026», «Voiture 99 Euros par Mois Sans Apport 2026» — средний (другие, 7 ключей)",4400,22,ok,,research_keywords GB/en 24.09 (Planner 2026-08); класс — companyKeywords/keywords/all
перевод под GB,GB,zuto car finance,автофинансирование Zuto (брокер),,,класса нет (в компании никто не зарабатывает на этом ключе); rpc донора — ориентир,«авто без взноса / в месяц»,"FR «Financement Voiture Sans Apport 2026», «Voiture 99 Euros par Mois Sans Apport 2026» — средний (другие, 7 ключей)",9900,0,ok,бренд брокера — только в статье,research_keywords GB/en 24.09 (Planner 2026-08); класс — companyKeywords/keywords/all
перевод под GB,GB,car finance claim,претензия по автокредиту (компенсация),,,класса нет (в компании никто не зарабатывает на этом ключе); rpc донора — ориентир,«компенсация по автокредиту (UK)»,своего донора нет; соседний к «car finance»,27100,-18,ограничено,Google RAF «Free or cash offers»: не обещать сумму выплаты; схема FCA PS26/3 частично приостановлена Upper Tribunal,research_keywords GB/en 24.09 (Planner 2026-08); класс — companyKeywords/keywords/all
перевод под GB,GB,overdraft,овердрафт,,,класса нет (в компании никто не зарабатывает на этом ключе); rpc донора — ориентир,«счёт / овердрафт»,PL «Konto Bankowe Online na Dowód» — высокий (другие); FR «Ouvrir un Compte en Ligne Avec Rib Immédiat» — средний (другие),6600,0,ok,,research_keywords GB/en 24.09 (Planner 2026-08); класс — companyKeywords/keywords/all
перевод под GB,GB,Debit Card Account,счёт с дебетовой картой,,mid,"класс «средний», без rpc (другие команды)",«счёт / овердрафт»,PL «Konto Bankowe Online na Dowód» — высокий (другие); FR «Ouvrir un Compte en Ligne Avec Rib Immédiat» — средний (другие),,,ok,Planner: строки нет (объём не показан),research_keywords GB/en 24.09 (Planner 2026-08); класс — companyKeywords/keywords/all
перевод под GB,GB,student loan,студенческий заём (гос.),,,класса нет (в компании никто не зарабатывает на этом ключе); rpc донора — ориентир,«первый кредит / молодые»,PL «Pierwszy Kredyt» — средний (другие),135000,50,ok,гос. заём Student Finance — не кредитный продукт банков; выплата может быть низкой,research_keywords GB/en 24.09 (Planner 2026-08); класс — companyKeywords/keywords/all
перевод под GB,GB,apply for a student loan,подать заявку на студзаём,,,класса нет (в компании никто не зарабатывает на этом ключе); rpc донора — ориентир,«первый кредит / молодые»,PL «Pierwszy Kredyt» — средний (другие),2400,21,ok,госпродукт,research_keywords GB/en 24.09 (Planner 2026-08); класс — companyKeywords/keywords/all
перевод под GB,GB,business loan,бизнес-заём,,,класса нет (в компании никто не зарабатывает на этом ключе); rpc донора — ориентир,«самозанятые / бизнес»,US «Business Line of Credit Biggerpockets» — средний (другие),27100,0,ok,,research_keywords GB/en 24.09 (Planner 2026-08); класс — companyKeywords/keywords/all
перевод под GB,GB,start up loans,займы на старт бизнеса,,,класса нет (в компании никто не зарабатывает на этом ключе); rpc донора — ориентир,«самозанятые / бизнес»,US «Business Line of Credit Biggerpockets» — средний (другие),5400,84,ok,,research_keywords GB/en 24.09 (Planner 2026-08); класс — companyKeywords/keywords/all
перевод под GB,GB,small business loans,займы малому бизнесу,,,класса нет (в компании никто не зарабатывает на этом ключе); rpc донора — ориентир,«самозанятые / бизнес»,US «Business Line of Credit Biggerpockets» — средний (другие),6600,50,ok,,research_keywords GB/en 24.09 (Planner 2026-08); класс — companyKeywords/keywords/all
перевод под GB,GB,loans for self employed,займы самозанятым,,,класса нет (в компании никто не зарабатывает на этом ключе); rpc донора — ориентир,«самозанятые / бизнес»,US «Business Line of Credit Biggerpockets» — средний (другие),1300,-28,ok,,research_keywords GB/en 24.09 (Planner 2026-08); класс — companyKeywords/keywords/all
перевод под GB,GB,merchant cash advance,аванс под выручку по картам,,,класса нет (в компании никто не зарабатывает на этом ключе); rpc донора — ориентир,«самозанятые / бизнес»,US «Business Line of Credit Biggerpockets» — средний (другие),1300,-28,ok,,research_keywords GB/en 24.09 (Planner 2026-08); класс — companyKeywords/keywords/all
перевод под GB,GB,home improvement loan,заём на ремонт дома,,,класса нет (в компании никто не зарабатывает на этом ключе); rpc донора — ориентир,«ремонт / энергосбережение»,своего донора нет; паттерн «калькулятор» — HU/PT $0.39–0.46,6600,0,ok,,research_keywords GB/en 24.09 (Planner 2026-08); класс — companyKeywords/keywords/all
перевод под GB,GB,home improvement financing,финансирование ремонта,,,класса нет (в компании никто не зарабатывает на этом ключе); rpc донора — ориентир,«ремонт / энергосбережение»,своего донора нет; паттерн «калькулятор» — HU/PT $0.39–0.46,6600,0,ok,,research_keywords GB/en 24.09 (Planner 2026-08); класс — companyKeywords/keywords/all
перевод под GB,GB,boiler finance,котёл в рассрочку,,,класса нет (в компании никто не зарабатывает на этом ключе); rpc донора — ориентир,«ремонт / энергосбережение»,своего донора нет; паттерн «калькулятор» — HU/PT $0.39–0.46,720,0,ok,,research_keywords GB/en 24.09 (Planner 2026-08); класс — companyKeywords/keywords/all
перевод под GB,GB,secured loan,заём под залог,,,класса нет (в компании никто не зарабатывает на этом ключе); rpc донора — ориентир,«жильё / ипотека / залог»,своего донора нет; паттерн «калькулятор» — HU/PT $0.39–0.46,8100,-18,ok,,research_keywords GB/en 24.09 (Planner 2026-08); класс — companyKeywords/keywords/all
перевод под GB,GB,homeowner loan,заём для владельцев жилья,,,класса нет (в компании никто не зарабатывает на этом ключе); rpc донора — ориентир,«жильё / ипотека / залог»,своего донора нет; паттерн «калькулятор» — HU/PT $0.39–0.46,3600,0,ok,,research_keywords GB/en 24.09 (Planner 2026-08); класс — companyKeywords/keywords/all
перевод под GB,GB,remortgage,перекредитование ипотеки,,,класса нет (в компании никто не зарабатывает на этом ключе); rpc донора — ориентир,«жильё / ипотека / залог»,своего донора нет; паттерн «калькулятор» — HU/PT $0.39–0.46,12100,22,ok,,research_keywords GB/en 24.09 (Planner 2026-08); класс — companyKeywords/keywords/all
перевод под GB,GB,remortgage deals,предложения по перекредитованию ипотеки,,,класса нет (в компании никто не зарабатывает на этом ключе); rpc донора — ориентир,«жильё / ипотека / залог»,своего донора нет; паттерн «калькулятор» — HU/PT $0.39–0.46,8100,0,ok,,research_keywords GB/en 24.09 (Planner 2026-08); класс — companyKeywords/keywords/all
перевод под GB,GB,mortgage quotes,ипотечные предложения,,,класса нет (в компании никто не зарабатывает на этом ключе); rpc донора — ориентир,«жильё / ипотека / залог»,своего донора нет; паттерн «калькулятор» — HU/PT $0.39–0.46,27100,177,ok,,research_keywords GB/en 24.09 (Planner 2026-08); класс — companyKeywords/keywords/all
перевод под GB,GB,bridging loan,бридж-кредит (под залог недвижимости),,,класса нет (в компании никто не зарабатывает на этом ключе); rpc донора — ориентир,«жильё / ипотека / залог»,своего донора нет; паттерн «калькулятор» — HU/PT $0.39–0.46,14800,0,ok,,research_keywords GB/en 24.09 (Planner 2026-08); класс — companyKeywords/keywords/all
перевод под GB,GB,bridging loan calculator,калькулятор бридж-кредита,,,класса нет (в компании никто не зарабатывает на этом ключе); rpc донора — ориентир,«калькулятор / симулятор / банк»,"HU «Mbh Bank Személyi Kölcsön Kalkulátor» $0.459 (наш, 51 кл.); PT «Simulador de Emprestimo» $0.390 (наш, 24 кл.)",3600,0,ok,,research_keywords GB/en 24.09 (Planner 2026-08); класс — companyKeywords/keywords/all
перевод под GB,GB,pay later,оплатить позже,,,класса нет (в компании никто не зарабатывает на этом ключе); rpc донора — ориентир,«рассрочка на покупку»,"PL «Telewizor na Raty Bez Bik», «Iphone na Raty Dla Zadłużonych» — средний (другие)",1900,19,ok,BNPL (DPC) в UK под FCA с 15.07.2026,research_keywords GB/en 24.09 (Planner 2026-08); класс — companyKeywords/keywords/all
перевод под GB,GB,pawnbroker,ломбард,,,класса нет (в компании никто не зарабатывает на этом ключе); rpc донора — ориентир,«под залог вещи (ломбард)»,своего донора нет; паттерн «без проверки» — RO $0.210,6600,22,ok,CONC 3.3.3R не применяется к ломбардным займам в пределах стоимости вещи,research_keywords GB/en 24.09 (Planner 2026-08); класс — companyKeywords/keywords/all
перевод под FR,FR,crédit rapide en ligne,быстрый кредит онлайн,,,класса нет (в компании никто не зарабатывает на этом ключе); rpc донора — ориентир,«быстро / сразу»,"HU «Gyorskölcsön Azonnal» $0.459 (наш, 57 кл.)",12100,-18,ok,,research_keywords FR/fr 24.09 (Planner 2026-08); класс — companyKeywords/keywords/all
перевод под FR,FR,crédit rapide,быстрый кредит,,,класса нет (в компании никто не зарабатывает на этом ключе); rpc донора — ориентир,«быстро / сразу»,"HU «Gyorskölcsön Azonnal» $0.459 (наш, 57 кл.)",9900,0,ok,,research_keywords FR/fr 24.09 (Planner 2026-08); класс — companyKeywords/keywords/all
перевод под FR,FR,prêt rapide,быстрый заём,,,класса нет (в компании никто не зарабатывает на этом ключе); rpc донора — ориентир,«быстро / сразу»,"HU «Gyorskölcsön Azonnal» $0.459 (наш, 57 кл.)",4400,-18,ok,,research_keywords FR/fr 24.09 (Planner 2026-08); класс — companyKeywords/keywords/all
перевод под FR,FR,mini crédit rapide,быстрый мини-кредит,,,класса нет (в компании никто не зарабатывает на этом ключе); rpc донора — ориентир,«быстро / сразу»,"HU «Gyorskölcsön Azonnal» $0.459 (наш, 57 кл.)",4400,0,ok,Meta: payday и займы ≤90 дней запрещены (transparency.meta.com) — в крео не обещать срок «до зарплаты»,research_keywords FR/fr 24.09 (Planner 2026-08); класс — companyKeywords/keywords/all
перевод под FR,FR,Mini Pret Instantané,мгновенный мини-заём,,low,"класс «низкий», без rpc (другие команды)",«быстро / сразу»,"HU «Gyorskölcsön Azonnal» $0.459 (наш, 57 кл.)",,,ok,Planner: строки нет (объём не показан); Meta: payday и займы ≤90 дней запрещены (transparency.meta.com) — в крео не обещать срок «до зарплаты»,research_keywords FR/fr 24.09 (Planner 2026-08); класс — companyKeywords/keywords/all
перевод под FR,FR,Mini Prêt Virement Immédiat Sans Refus,"мини-заём, мгновенный перевод, без отказа",,low,"класс «низкий», без rpc (другие команды)",«быстро / сразу»,"HU «Gyorskölcsön Azonnal» $0.459 (наш, 57 кл.)",,,запрещено в крео,Planner: строки нет (объём не показан); L312-10: реклама не может обещать кредит без оценки положения; Meta: высокий риск — обещание «без проверки / всем» (решает владелец),research_keywords FR/fr 24.09 (Planner 2026-08); класс — companyKeywords/keywords/all
перевод под FR,FR,simulation rachat de crédit,симуляция выкупа (объединения) кредитов,,,класса нет (в компании никто не зарабатывает на этом ключе); rpc донора — ориентир,«калькулятор / симулятор / банк»,"HU «Mbh Bank Személyi Kölcsön Kalkulátor» $0.459 (наш, 51 кл.); PT «Simulador de Emprestimo» $0.390 (наш, 24 кл.)",6600,0,ok,,research_keywords FR/fr 24.09 (Planner 2026-08); класс — companyKeywords/keywords/all
перевод под FR,FR,simulation regroupement de crédit,симулятор объединения кредитов,,,класса нет (в компании никто не зарабатывает на этом ключе); rpc донора — ориентир,«калькулятор / симулятор / банк»,"HU «Mbh Bank Személyi Kölcsön Kalkulátor» $0.459 (наш, 51 кл.); PT «Simulador de Emprestimo» $0.390 (наш, 24 кл.)",1600,-12,ok,,research_keywords FR/fr 24.09 (Planner 2026-08); класс — companyKeywords/keywords/all
перевод под FR,FR,simulation de credit immobilier,симуляция ипотеки,,,класса нет (в компании никто не зарабатывает на этом ключе); rpc донора — ориентир,«калькулятор / симулятор / банк»,"HU «Mbh Bank Személyi Kölcsön Kalkulátor» $0.459 (наш, 51 кл.); PT «Simulador de Emprestimo» $0.390 (наш, 24 кл.)",4400,24,ok,,research_keywords FR/fr 24.09 (Planner 2026-08); класс — companyKeywords/keywords/all
перевод под FR,FR,rachat de crédit crédit agricole,объединение кредитов в Crédit Agricole,,,класса нет (в компании никто не зарабатывает на этом ключе); rpc донора — ориентир,«калькулятор / симулятор / банк»,"HU «Mbh Bank Személyi Kölcsön Kalkulátor» $0.459 (наш, 51 кл.); PT «Simulador de Emprestimo» $0.390 (наш, 24 кл.)",1600,0,ok,бренд банка — только в статье,research_keywords FR/fr 24.09 (Planner 2026-08); класс — companyKeywords/keywords/all
перевод под FR,FR,mini prêt,мини-заём,,,класса нет (в компании никто не зарабатывает на этом ключе); rpc донора — ориентир,«небольшая сумма сразу»,"HU «Kis Összegű Kölcsön Azonnal» $0.386 (наш, 32 кл.); AT «Mini Kredit Österreich» — высокий (другие)",9900,-18,ok,Meta: payday и займы ≤90 дней запрещены (transparency.meta.com) — в крео не обещать срок «до зарплаты»,research_keywords FR/fr 24.09 (Planner 2026-08); класс — companyKeywords/keywords/all
перевод под FR,FR,mini credit,мини-кредит,,,класса нет (в компании никто не зарабатывает на этом ключе); rpc донора — ориентир,«небольшая сумма сразу»,"HU «Kis Összegű Kölcsön Azonnal» $0.386 (наш, 32 кл.); AT «Mini Kredit Österreich» — высокий (другие)",5400,-18,ok,Meta: payday и займы ≤90 дней запрещены (transparency.meta.com) — в крео не обещать срок «до зарплаты»,research_keywords FR/fr 24.09 (Planner 2026-08); класс — companyKeywords/keywords/all
перевод под FR,FR,petit crédit rapide,небольшой быстрый кредит,,,класса нет (в компании никто не зарабатывает на этом ключе); rpc донора — ориентир,«небольшая сумма сразу»,"HU «Kis Összegű Kölcsön Azonnal» $0.386 (наш, 32 кл.); AT «Mini Kredit Österreich» — высокий (другие)",1600,0,ok,,research_keywords FR/fr 24.09 (Planner 2026-08); класс — companyKeywords/keywords/all
перевод под FR,FR,prêt viager hypothécaire,ипотечный заём «виаже» для пожилых,,,класса нет (в компании никто не зарабатывает на этом ключе); rpc донора — ориентир,«60+ / пенсия»,"LT «Paskolos Vyresniems Nei 60» $0.297 (наш, 211 кл.); статья-шаблон «кредит пенсионеру»: AT $0.372 (334 кл., 01.07–23.09), CH-de $2.43 (6 кл., 22–23.09)",1000,0,ok,,research_keywords FR/fr 24.09 (Planner 2026-08); класс — companyKeywords/keywords/all
перевод под FR,FR,prêt retraité,заём пенсионеру,,,класса нет (в компании никто не зарабатывает на этом ключе); rpc донора — ориентир,«60+ / пенсия»,"LT «Paskolos Vyresniems Nei 60» $0.297 (наш, 211 кл.); статья-шаблон «кредит пенсионеру»: AT $0.372 (334 кл., 01.07–23.09), CH-de $2.43 (6 кл., 22–23.09)",,,ok,Planner: строки нет (объём не показан); Planner строк не вернул — ключ по донору LT $0.297,research_keywords FR/fr 24.09 (Planner 2026-08); класс — companyKeywords/keywords/all
перевод под FR,FR,crédit senior,кредит для пожилых,,,класса нет (в компании никто не зарабатывает на этом ключе); rpc донора — ориентир,«60+ / пенсия»,"LT «Paskolos Vyresniems Nei 60» $0.297 (наш, 211 кл.); статья-шаблон «кредит пенсионеру»: AT $0.372 (334 кл., 01.07–23.09), CH-de $2.43 (6 кл., 22–23.09)",,,ok,Planner: строки нет (объём не показан); Planner строк не вернул — ключ по донору LT $0.297,research_keywords FR/fr 24.09 (Planner 2026-08); класс — companyKeywords/keywords/all
перевод под FR,FR,prêt personnel,потребительский заём,,,класса нет (в компании никто не зарабатывает на этом ключе); rpc донора — ориентир,«потребкредит / на личные нужды»,RO «Credit de Nevoi Personale» $0.229 и «Credite Nevoi Personale» $0.224 (наши); CH «Privatkredit Schweiz Beantragen» — высокий (другие),27100,-18,ok,,research_keywords FR/fr 24.09 (Planner 2026-08); класс — companyKeywords/keywords/all
перевод под FR,FR,crédit conso,потребительский кредит,,,класса нет (в компании никто не зарабатывает на этом ключе); rpc донора — ориентир,«потребкредит / на личные нужды»,RO «Credit de Nevoi Personale» $0.229 и «Credite Nevoi Personale» $0.224 (наши); CH «Privatkredit Schweiz Beantragen» — высокий (другие),60500,-18,ok,,research_keywords FR/fr 24.09 (Planner 2026-08); класс — companyKeywords/keywords/all
перевод под FR,FR,prêt personnel en ligne,потребзаём онлайн,,,класса нет (в компании никто не зарабатывает на этом ключе); rpc донора — ориентир,«потребкредит / на личные нужды»,RO «Credit de Nevoi Personale» $0.229 и «Credite Nevoi Personale» $0.224 (наши); CH «Privatkredit Schweiz Beantragen» — высокий (другие),4400,-18,ok,,research_keywords FR/fr 24.09 (Planner 2026-08); класс — companyKeywords/keywords/all
перевод под FR,FR,demande de crédit en ligne,заявка на кредит онлайн,,,класса нет (в компании никто не зарабатывает на этом ключе); rpc донора — ориентир,«потребкредит / на личные нужды»,RO «Credit de Nevoi Personale» $0.229 и «Credite Nevoi Personale» $0.224 (наши); CH «Privatkredit Schweiz Beantragen» — высокий (другие),4400,-18,ok,,research_keywords FR/fr 24.09 (Planner 2026-08); класс — companyKeywords/keywords/all
перевод под FR,FR,Crédit Bancaire,банковский кредит,,mid,"класс «средний», без rpc (другие команды)",«потребкредит / на личные нужды»,RO «Credit de Nevoi Personale» $0.229 и «Credite Nevoi Personale» $0.224 (наши); CH «Privatkredit Schweiz Beantragen» — высокий (другие),,,ok,Planner: строки нет (объём не показан),research_keywords FR/fr 24.09 (Planner 2026-08); класс — companyKeywords/keywords/all
перевод под FR,FR,Banque en Ligne Credit,"онлайн-банк, кредит",,mid,"класс «средний», без rpc (другие команды)",«потребкредит / на личные нужды»,RO «Credit de Nevoi Personale» $0.229 и «Credite Nevoi Personale» $0.224 (наши); CH «Privatkredit Schweiz Beantragen» — высокий (другие),,,ok,Planner: строки нет (объём не показан),research_keywords FR/fr 24.09 (Planner 2026-08); класс — companyKeywords/keywords/all
перевод под FR,FR,Je Suis a la Recherche D un Pret,я ищу заём,,mid,"класс «средний», без rpc (другие команды)",«потребкредит / на личные нужды»,RO «Credit de Nevoi Personale» $0.229 и «Credite Nevoi Personale» $0.224 (наши); CH «Privatkredit Schweiz Beantragen» — высокий (другие),,,ok,Planner: строки нет (объём не показан),research_keywords FR/fr 24.09 (Planner 2026-08); класс — companyKeywords/keywords/all
перевод под FR,FR,Prêt Personnel Internet,потребзаём через интернет,,low,"класс «низкий», без rpc (другие команды)",«потребкредит / на личные нужды»,RO «Credit de Nevoi Personale» $0.229 и «Credite Nevoi Personale» $0.224 (наши); CH «Privatkredit Schweiz Beantragen» — высокий (другие),,,ok,Planner: строки нет (объём не показан),research_keywords FR/fr 24.09 (Planner 2026-08); класс — companyKeywords/keywords/all
перевод под FR,FR,crédit sans justificatif,кредит без подтверждающих документов,,,класса нет (в компании никто не зарабатывает на этом ключе); rpc донора — ориентир,«без справок / только по паспорту»,"RO «Credite Instant Doar Cu Buletinul» $0.210 (наш, 27 кл.); EE «Väike Laen Ilma Sissetuleku» — средний (другие)",12100,-18,запрещено в крео,"L312-10 Code de la consommation: реклама кредита не может утверждать, что он выдаётся без данных о финансовом положении; ключ — только в статье как разбор",research_keywords FR/fr 24.09 (Planner 2026-08); класс — companyKeywords/keywords/all
перевод под FR,FR,Micro Credit Rapide Sans Justificatif,быстрый микрокредит без документов,,low,"класс «низкий», без rpc (другие команды)",«без справок / только по паспорту»,"RO «Credite Instant Doar Cu Buletinul» $0.210 (наш, 27 кл.); EE «Väike Laen Ilma Sissetuleku» — средний (другие)",,,запрещено в крео,Planner: строки нет (объём не показан); L312-10 (как выше),research_keywords FR/fr 24.09 (Planner 2026-08); класс — companyKeywords/keywords/all
перевод под FR,FR,rachat de crédit sans justificatif,объединение кредитов без документов,,,класса нет (в компании никто не зарабатывает на этом ключе); rpc донора — ориентир,«без справок / только по паспорту»,"RO «Credite Instant Doar Cu Buletinul» $0.210 (наш, 27 кл.); EE «Väike Laen Ilma Sissetuleku» — средний (другие)",390,21,запрещено в крео,L312-10 распространяется и на объединение кредитов,research_keywords FR/fr 24.09 (Planner 2026-08); класс — companyKeywords/keywords/all
перевод под FR,FR,carte de crédit,кредитная карта,,,класса нет (в компании никто не зарабатывает на этом ключе); rpc донора — ориентир,«кредитка с лимитом / рассрочкой»,"DE/AT/CH кредитки — высокий (другие): «Kreditkarte mit Ratenzahlung 5.000 Euro», «Online Kreditkarte Sofort»; по словам владельца, в CH-связке коллег выплата ~$6 за клик",33100,0,ok,,research_keywords FR/fr 24.09 (Planner 2026-08); класс — companyKeywords/keywords/all
перевод под FR,FR,Carte de Crédit en Ligne Sans Justificatif,кредитка онлайн без документов,,low,"класс «низкий», без rpc (другие команды)",«кредитка с лимитом / рассрочкой»,"DE/AT/CH кредитки — высокий (другие): «Kreditkarte mit Ratenzahlung 5.000 Euro», «Online Kreditkarte Sofort»; по словам владельца, в CH-связке коллег выплата ~$6 за клик",,,запрещено в крео,Planner: строки нет (объём не показан); L312-10,research_keywords FR/fr 24.09 (Planner 2026-08); класс — companyKeywords/keywords/all
перевод под FR,FR,crédit renouvelable,возобновляемый кредит (кредитная линия),,,класса нет (в компании никто не зарабатывает на этом ключе); rpc донора — ориентир,«кредитка с лимитом / рассрочкой»,"DE/AT/CH кредитки — высокий (другие): «Kreditkarte mit Ratenzahlung 5.000 Euro», «Online Kreditkarte Sofort»; по словам владельца, в CH-связке коллег выплата ~$6 за клик",18100,-18,ok,,research_keywords FR/fr 24.09 (Planner 2026-08); класс — companyKeywords/keywords/all
перевод под FR,FR,crédit renouvelable en ligne,возобновляемый кредит онлайн,,,класса нет (в компании никто не зарабатывает на этом ключе); rpc донора — ориентир,«кредитка с лимитом / рассрочкой»,"DE/AT/CH кредитки — высокий (другие): «Kreditkarte mit Ratenzahlung 5.000 Euro», «Online Kreditkarte Sofort»; по словам владельца, в CH-связке коллег выплата ~$6 за клик",2400,0,ok,,research_keywords FR/fr 24.09 (Planner 2026-08); класс — companyKeywords/keywords/all
перевод под FR,FR,rachat de crédit,выкуп/объединение кредитов,,,класса нет (в компании никто не зарабатывает на этом ключе); rpc донора — ориентир,«должникам / перекредитование»,"DE «Kredit für Verschuldete» — высокий (другие); LT «Paskolos Skolininkams», PL «Kredyt Konsolidacyjny Dla Zadłużonych…» — средний (другие)",40500,0,ok,Meta: зона Personal hardship (долги/нужда) — домен могут ограничить по событиям,research_keywords FR/fr 24.09 (Planner 2026-08); класс — companyKeywords/keywords/all
перевод под FR,FR,regroupement de crédit,объединение кредитов,,,класса нет (в компании никто не зарабатывает на этом ключе); rpc донора — ориентир,«должникам / перекредитование»,"DE «Kredit für Verschuldete» — высокий (другие); LT «Paskolos Skolininkams», PL «Kredyt Konsolidacyjny Dla Zadłużonych…» — средний (другие)",14800,0,ok,Meta: зона Personal hardship (долги/нужда) — домен могут ограничить по событиям,research_keywords FR/fr 24.09 (Planner 2026-08); класс — companyKeywords/keywords/all
перевод под FR,FR,rachat de credit meilleur taux,объединение кредитов по лучшей ставке,,,класса нет (в компании никто не зарабатывает на этом ключе); rpc донора — ориентир,«должникам / перекредитование»,"DE «Kredit für Verschuldete» — высокий (другие); LT «Paskolos Skolininkams», PL «Kredyt Konsolidacyjny Dla Zadłużonych…» — средний (другие)",33100,-18,ok,,research_keywords FR/fr 24.09 (Planner 2026-08); класс — companyKeywords/keywords/all
перевод под FR,FR,rachat de credit conso,объединение потребкредитов,,,класса нет (в компании никто не зарабатывает на этом ключе); rpc донора — ориентир,«должникам / перекредитование»,"DE «Kredit für Verschuldete» — высокий (другие); LT «Paskolos Skolininkams», PL «Kredyt Konsolidacyjny Dla Zadłużonych…» — средний (другие)",8100,0,ok,,research_keywords FR/fr 24.09 (Planner 2026-08); класс — companyKeywords/keywords/all
перевод под FR,FR,regroupement de crédit fonctionnaire,объединение кредитов для госслужащих,,,класса нет (в компании никто не зарабатывает на этом ключе); rpc донора — ориентир,«госслужащие»,своего донора нет; паттерн «кредит для группы» — LT «Paskolos Vyresniems Nei 60» $0.297,260,0,ok,,research_keywords FR/fr 24.09 (Planner 2026-08); класс — companyKeywords/keywords/all
перевод под FR,FR,crédit auto,автокредит,,,класса нет (в компании никто не зарабатывает на этом ключе); rpc донора — ориентир,«авто без взноса / в месяц»,"FR «Financement Voiture Sans Apport 2026», «Voiture 99 Euros par Mois Sans Apport 2026» — средний (другие, 7 ключей)",27100,0,ok,,research_keywords FR/fr 24.09 (Planner 2026-08); класс — companyKeywords/keywords/all
перевод под FR,FR,crédit voiture,кредит на машину,,,класса нет (в компании никто не зарабатывает на этом ключе); rpc донора — ориентир,«авто без взноса / в месяц»,"FR «Financement Voiture Sans Apport 2026», «Voiture 99 Euros par Mois Sans Apport 2026» — средний (другие, 7 ключей)",12100,0,ok,,research_keywords FR/fr 24.09 (Planner 2026-08); класс — companyKeywords/keywords/all
перевод под FR,FR,lld ou loa,долгосрочная аренда или лизинг с выкупом,,,класса нет (в компании никто не зарабатывает на этом ключе); rpc донора — ориентир,«авто без взноса / в месяц»,"FR «Financement Voiture Sans Apport 2026», «Voiture 99 Euros par Mois Sans Apport 2026» — средний (другие, 7 ключей)",4400,24,ok,,research_keywords FR/fr 24.09 (Planner 2026-08); класс — companyKeywords/keywords/all
перевод под FR,FR,Financement Voiture Sans Apport 2026,финансирование авто без взноса 2026,,mid,"класс «средний», без rpc (другие команды)",«авто без взноса / в месяц»,"FR «Financement Voiture Sans Apport 2026», «Voiture 99 Euros par Mois Sans Apport 2026» — средний (другие, 7 ключей)",,,ok,Planner: строки нет (объём не показан),research_keywords FR/fr 24.09 (Planner 2026-08); класс — companyKeywords/keywords/all
перевод под FR,FR,Voiture 99 Euros par Mois Sans Apport 2026,машина за 99 € в месяц без взноса 2026,,mid,"класс «средний», без rpc (другие команды)",«авто без взноса / в месяц»,"FR «Financement Voiture Sans Apport 2026», «Voiture 99 Euros par Mois Sans Apport 2026» — средний (другие, 7 ключей)",,,ok,Planner: строки нет (объём не показан); «99 €/мес» — цифра платежа; в крео держать как вопрос,research_keywords FR/fr 24.09 (Planner 2026-08); класс — companyKeywords/keywords/all
перевод под FR,FR,Voiture Payable par Mois Sans Apport,машина с оплатой помесячно без взноса,,mid,"класс «средний», без rpc (другие команды)",«авто без взноса / в месяц»,"FR «Financement Voiture Sans Apport 2026», «Voiture 99 Euros par Mois Sans Apport 2026» — средний (другие, 7 ключей)",,,ok,Planner: строки нет (объём не показан),research_keywords FR/fr 24.09 (Planner 2026-08); класс — companyKeywords/keywords/all
перевод под FR,FR,Voiture 100 Euros par Mois,машина за 100 € в месяц,,mid,"класс «средний», без rpc (другие команды)",«авто без взноса / в месяц»,"FR «Financement Voiture Sans Apport 2026», «Voiture 99 Euros par Mois Sans Apport 2026» — средний (другие, 7 ключей)",,,ok,Planner: строки нет (объём не показан),research_keywords FR/fr 24.09 (Planner 2026-08); класс — companyKeywords/keywords/all
перевод под FR,FR,prêt caf voiture,заём CAF на машину,,,класса нет (в компании никто не зарабатывает на этом ключе); rpc донора — ориентир,«семьи / одинокие родители»,NL «Lenen als Alleenstaande» — средний (другие),2900,0,ok,,research_keywords FR/fr 24.09 (Planner 2026-08); класс — companyKeywords/keywords/all
перевод под FR,FR,découvert autorisé,разрешённый овердрафт,,,класса нет (в компании никто не зарабатывает на этом ключе); rpc донора — ориентир,«счёт / овердрафт»,PL «Konto Bankowe Online na Dowód» — высокий (другие); FR «Ouvrir un Compte en Ligne Avec Rib Immédiat» — средний (другие),2900,0,ok,,research_keywords FR/fr 24.09 (Planner 2026-08); класс — companyKeywords/keywords/all
перевод под FR,FR,ouvrir compte bancaire en ligne sans justificatif,открыть счёт онлайн без документов,,,класса нет (в компании никто не зарабатывает на этом ключе); rpc донора — ориентир,«счёт / овердрафт»,PL «Konto Bankowe Online na Dowód» — высокий (другие); FR «Ouvrir un Compte en Ligne Avec Rib Immédiat» — средний (другие),2900,-21,ok,"это счёт, не кредит — L312-10 не относится; но «sans justificatif» в крео — Meta-риск",research_keywords FR/fr 24.09 (Planner 2026-08); класс — companyKeywords/keywords/all
перевод под FR,FR,Ouvrir un Compte en Ligne Avec Rib Immédiat,открыть счёт онлайн с RIB сразу,,mid,"класс «средний», без rpc (другие команды)",«счёт / овердрафт»,PL «Konto Bankowe Online na Dowód» — высокий (другие); FR «Ouvrir un Compte en Ligne Avec Rib Immédiat» — средний (другие),,,ok,Planner: строки нет (объём не показан),research_keywords FR/fr 24.09 (Planner 2026-08); класс — companyKeywords/keywords/all
перевод под FR,FR,Ouvrir un Compte en Ligne en 5 Minutes,открыть счёт онлайн за 5 минут,,mid,"класс «средний», без rpc (другие команды)",«счёт / овердрафт»,PL «Konto Bankowe Online na Dowód» — высокий (другие); FR «Ouvrir un Compte en Ligne Avec Rib Immédiat» — средний (другие),,,ok,Planner: строки нет (объём не показан),research_keywords FR/fr 24.09 (Planner 2026-08); класс — companyKeywords/keywords/all
перевод под FR,FR,prêt étudiant,студенческий заём,,,класса нет (в компании никто не зарабатывает на этом ключе); rpc донора — ориентир,«первый кредит / молодые»,PL «Pierwszy Kredyt» — средний (другие),14800,-18,ok,,research_keywords FR/fr 24.09 (Planner 2026-08); класс — companyKeywords/keywords/all
перевод под FR,FR,credit etudiant,студенческий кредит,,,класса нет (в компании никто не зарабатывает на этом ключе); rpc донора — ориентир,«первый кредит / молодые»,PL «Pierwszy Kredyt» — средний (другие),2900,0,ok,,research_keywords FR/fr 24.09 (Planner 2026-08); класс — companyKeywords/keywords/all
перевод под FR,FR,pret etudiant credit agricole,студзаём в Crédit Agricole,,,класса нет (в компании никто не зарабатывает на этом ключе); rpc донора — ориентир,«первый кредит / молодые»,PL «Pierwszy Kredyt» — средний (другие),4400,-18,ok,бренд банка — только в статье,research_keywords FR/fr 24.09 (Planner 2026-08); класс — companyKeywords/keywords/all
перевод под FR,FR,prêt auto entrepreneur,заём для самозанятого (auto-entrepreneur),,,класса нет (в компании никто не зарабатывает на этом ключе); rpc донора — ориентир,«самозанятые / бизнес»,US «Business Line of Credit Biggerpockets» — средний (другие),590,-19,ok,,research_keywords FR/fr 24.09 (Planner 2026-08); класс — companyKeywords/keywords/all
перевод под FR,FR,prêt travaux,заём на ремонт,,,класса нет (в компании никто не зарабатывает на этом ключе); rpc донора — ориентир,«ремонт / энергосбережение»,своего донора нет; паттерн «калькулятор» — HU/PT $0.39–0.46,9900,-19,ok,,research_keywords FR/fr 24.09 (Planner 2026-08); класс — companyKeywords/keywords/all
перевод под FR,FR,éco prêt à taux zéro,эко-заём под 0% на энергоремонт,,,класса нет (в компании никто не зарабатывает на этом ключе); rpc донора — ориентир,«ремонт / энергосбережение»,своего донора нет; паттерн «калькулятор» — HU/PT $0.39–0.46,22200,-18,ok,"госпрограмма (до 50 000 €, продлена до 31.12.2027) — «0%» тут название продукта",research_keywords FR/fr 24.09 (Planner 2026-08); класс — companyKeywords/keywords/all
перевод под FR,FR,crédit travaux,кредит на ремонт,,,класса нет (в компании никто не зарабатывает на этом ключе); rpc донора — ориентир,«ремонт / энергосбережение»,своего донора нет; паттерн «калькулятор» — HU/PT $0.39–0.46,4400,-19,ok,,research_keywords FR/fr 24.09 (Planner 2026-08); класс — companyKeywords/keywords/all
перевод под FR,FR,prêt action logement,заём Action Logement (для работников частного сектора),,,класса нет (в компании никто не зарабатывает на этом ключе); rpc донора — ориентир,«ремонт / энергосбережение»,своего донора нет; паттерн «калькулятор» — HU/PT $0.39–0.46,6600,-18,ok,,research_keywords FR/fr 24.09 (Planner 2026-08); класс — companyKeywords/keywords/all
перевод под FR,FR,prêt immobilier,ипотека,,,класса нет (в компании никто не зарабатывает на этом ключе); rpc донора — ориентир,«жильё / ипотека / залог»,своего донора нет; паттерн «калькулятор» — HU/PT $0.39–0.46,49500,22,ok,,research_keywords FR/fr 24.09 (Planner 2026-08); класс — companyKeywords/keywords/all
перевод под FR,FR,taux crédit immobilier,ставки по ипотеке,,,класса нет (в компании никто не зарабатывает на этом ключе); rpc донора — ориентир,«жильё / ипотека / залог»,своего донора нет; паттерн «калькулятор» — HU/PT $0.39–0.46,74000,22,ok,,research_keywords FR/fr 24.09 (Planner 2026-08); класс — companyKeywords/keywords/all
перевод под FR,FR,rachat de crédit immobilier,рефинансирование ипотеки,,,класса нет (в компании никто не зарабатывает на этом ключе); rpc донора — ориентир,«жильё / ипотека / залог»,своего донора нет; паттерн «калькулятор» — HU/PT $0.39–0.46,2900,0,ok,,research_keywords FR/fr 24.09 (Planner 2026-08); класс — companyKeywords/keywords/all
перевод под FR,FR,assurance emprunteur,страховка заёмщика,,,класса нет (в компании никто не зарабатывает на этом ключе); rpc донора — ориентир,«страховка кредита»,своего донора нет; соседний к кредитам ключ,18100,-18,ok,,research_keywords FR/fr 24.09 (Planner 2026-08); класс — companyKeywords/keywords/all
перевод под FR,FR,changement assurance emprunteur,смена страховки заёмщика,,,класса нет (в компании никто не зарабатывает на этом ключе); rpc донора — ориентир,«страховка кредита»,своего донора нет; соседний к кредитам ключ,1600,-18,ok,,research_keywords FR/fr 24.09 (Planner 2026-08); класс — companyKeywords/keywords/all
перевод под FR,FR,assurance prêt immobilier comparatif,сравнение страховок ипотеки,,,класса нет (в компании никто не зарабатывает на этом ключе); rpc донора — ориентир,«страховка кредита»,своего донора нет; соседний к кредитам ключ,3600,26,ok,,research_keywords FR/fr 24.09 (Planner 2026-08); класс — companyKeywords/keywords/all
перевод под FR,FR,paiement en plusieurs fois,оплата в несколько платежей,,,класса нет (в компании никто не зарабатывает на этом ключе); rpc донора — ориентир,«рассрочка на покупку»,"PL «Telewizor na Raty Bez Bik», «Iphone na Raty Dla Zadłużonych» — средний (другие)",6600,22,ok,,research_keywords FR/fr 24.09 (Planner 2026-08); класс — companyKeywords/keywords/all
перевод под FR,FR,prêt sur gage,заём под залог вещи (Crédit Municipal),,,класса нет (в компании никто не зарабатывает на этом ключе); rpc донора — ориентир,«под залог вещи (ломбард)»,своего донора нет; паттерн «без проверки» — RO $0.210,1900,0,ok,,research_keywords FR/fr 24.09 (Planner 2026-08); класс — companyKeywords/keywords/all
перевод под FR,FR,prêt caf,заём от CAF (семейная касса),,,класса нет (в компании никто не зарабатывает на этом ключе); rpc донора — ориентир,«семьи / одинокие родители»,NL «Lenen als Alleenstaande» — средний (другие),8100,0,ok,,research_keywords FR/fr 24.09 (Planner 2026-08); класс — companyKeywords/keywords/all
перевод под FR,FR,prêt entre particuliers,заём между частными лицами,,,класса нет (в компании никто не зарабатывает на этом ключе); rpc донора — ориентир,«частные займы (P2P)»,своего донора нет,,,ограничено,Planner: строки нет (объём не показан); Planner строк не вернул; тема с массовым мошенничеством — только разбор рисков в статье,research_keywords FR/fr 24.09 (Planner 2026-08); класс — companyKeywords/keywords/all
